:100000000C94872B0C94B82B0C94B82B0C94B82B15
:100010000C94B82B0C94B82B0C94B82B0C94B82BD4
:100020000C94B82B0C94B82B0C94B82B0C94B82BC4
:100030000C94B82B0C94B82B0C94B82B0C94B82BB4
:100040000C94B82B0C94B3D10C94B82B0C94B82B03
:100050000C94B82B0C94B82B0C94EEC90D94262656
:100060000C94B82B0C94B0A60C947AA60C94B82BD4
:100070000C94B82B0C94B82B0C94B82B0C94B82B74
:100080000C94CA820C94B82B0C94B82B0C94B82BFB
:100090000C94B82B0C94B82B0C94B82B0C94B82B54
:1000A0000C94B82B0C94B82B0C949C820C94B82B09
:1000B0000C94B82B0C94B82B0C94B82B0C946E8227
:1000C0000C94B82B0C94B82B0C94B82B0C94B82B24
:1000D0000C94B82B0C94B82B0C94B82B0C94B82B14
:1000E0000C94B82B084AD73B3BCE016E84BCBFFDB5
:1000F000C12F3D6C74319ABD56833DDA3D00C77FF8
:1001000011BED9E4BB4C3E916BAAAABE0000008090
:100110003F05A84CCDB2D44EB93836A9020C50B91F
:10012000918688083CA6AAAA2ABE000000803F004B
:100130000C9452710C94A2610C9424A70D94C732B4
:100140000D9497240C9442410C94732C0C94074BFF
:100150000D94F8220C9478460C9419580C943B2E6C
:100160000C942B580C94B6610C94BF4C0C94B3FFB8
:100170000D9465240C9443A70C943BA70C9425582C
:100180000C94BE610C94BB610C9465300D94FD22FF
:100190000C94B25A0C94BC2D0C94352C0D94F02276
:1001A0000D94863A0C94D52B0C940B3C0C94006562
:1001B0000C94EE450C9416A70C946E380C944F5882
:1001C0000C94EE3B0D94C3220D94CB220C948BFF28
:1001D0000C94C32C0C94472F0C94D12C0D94CF224B
:1001E0000C946E2E0C9442310C94522F0C94D02B04
:1001F0000C949F610C944B2C0C94B9360C945F2C8E
:100200000C94A5610C94465C0D94DC220C94F92EA0
:100210000C9413580C949C610C94AE610C94A52E14
:100220000C946F300C94932F0C9419310C9431581A
:100230000C94B1610C94B3830C940B840C947B2FBD
:100240000C94CC2F0C94415C0C943C5C0D942824B1
:100250000C948CFF0C945B300C94AF830D94302481
:100260000C9449A70C94EE2B0D9442240C948544D5
:100270000C94612F0D9405240C9453710C943FA79A
:100280000C94AA520D9402230D94FE220C949C3DD2
:100290000C94DD380D9438240C948C300C949638E2
:1002A0000C94682E0C949E380C942D470C94B13FFE
:1002B0000C943D580C94E6830D94EA220C94CE2EB7
:1002C0000D9483240C94022F0C949B2C0C94AF2C33
:1002D0000C945E830C94B8610C94545C0C94A24E04
:1002E0000C948E380C9443580C9408300C94842E43
:1002F0000C948C830C9486380C948A830D946F2410
:100300000C94005F0C947E380C942CA70C94AB6179
:100310000C941F580C94872C0C942B560D94562437
:100320000C945C2E0C945F580C943DC00D94D82214
:100330000C94B75A0C94B0490C94FB2B0D94FD23EC
:100340000C944B5C0C940D840D94E6220C94E92FD4
:100350000C9406300C945E380D94D2220C945558AF
:100360000C9425300D94E2220C9493610C945E362B
:100370000C9437A70C94092F0C94CA2F0C940F845B
:100380000C9476380C94EA830D940A240D94C722B9
:100390000C943B480C94002F0C9433A70C94B1554B
:1003A0000C94282F0C9462540C94622E0C94EBA69F
:1003B0000D944C240D94F4220C9437580C94D4735F
:1003C0000D9479240C94572F0C94B1830C945C2FCA
:1003D0000C94A8610C94AD5A0C946D430C9456384F
:1003E0000C9449580D948D240D94BD220C94852FA6
:1003F0000C94B92D0D9438000C94E8830C942D2E98
:100400000D941E240C94496B0C94EA640D941424EE
:100410000C9466380C941F2C4E414E494E49545949
:10042000494E46CDCCCC3D0AD7233C17B7D13877BF
:10043000CC2B329595E6241FB14F0A0000204100D5
:1004400000C84200401C4620BCBE4CCA1B0E5AAE1F
:10045000C59D746F6F6F00000047414D45204F569A
:10046000455200107CFEFEFE444024800000318096
:1004700000002480444004000E000E007FC0FFE016
:10048000FFE0FFE0FFE01FC07FF0DDD8FFF87FF066
:1004900006000F001F8036C03FC0090016802940AB
:1004A00006000F001F8036C03FC01680204010801D
:1004B000104008801FC037607FF05FD050500D8023
:1004C000104048905FD077707FF01FC01040202010
:1004D0000F007FE0FFF0E670FFF0198036C0C030FB
:1004E0000F007FE0FFF0E670FFF0198036C0198042
:1004F0000A003B20454550524F4D20496E646578B7
:100500003A20005570646174696E67207A6F666680
:1005100073657420696E20454550524F4D3A200056
:1005200001FC0007FF000F07800E01C00001C000A2
:1005300000E00800E01C00E03E00E07F00E01C005E
:10054000E00E00E00E01C00783C003FF8000FE0044
:1005500000FE0003FF800783C00E01C00E00E01CF8
:1005600000E07F00E03E00E01C00E00800E000004A
:10057000E00001C00E01C00F078007FF0001FC0072
:100580000E000E000E000E000E000E000E000E00FB
:100590007FC03F801F000E00040004000E001F00FB
:1005A0003F807FC00E000E000E000E000E000E00F9
:1005B0000E000E00FFFFFF7F80FFC0FFC0FFC07F67
:1005C000807F80FFC0FFC0FFC03F001E000C0050B6
:1005D000726F6265205A204F6666736574004C6FB7
:1005E0006164206D6D004C6F6164206D6D00556E0F
:1005F0006C6F6164206D6D00556E6C6F6164206D71
:100600006D00416476616E6365204B0041647661E4
:100610006E6365204B00416476616E6365642053B0
:10062000657474696E6773004D3330332055312023
:100630004525692053256900504944204175746F50
:1006400074756E6500504944204175746F74756E01
:100650006500416476616E636564205365747469F6
:100660006E6773005654726176206D696E00565441
:10067000726176206D696E00566D696E00566D6907
:100680006E00566D6178204500566D6178204500FA
:10069000566D6178205A00566D6178205A00566D6B
:1006A0006178205900566D6178205900566D617847
:1006B000205800566D6178205800416476616E6361
:1006C00065642053657474696E677300416D617869
:1006D000204500416D6178204500416D6178205AC8
:1006E00000416D6178205A00416D617820590041C8
:1006F0006D6178205900416D6178205800416D612D
:1007000078205800412D74726176656C00412D741B
:10071000726176656C00412D72657472616374005C
:10072000412D7265747261637400416363656C008E
:10073000416363656C00416476616E636564205358
:10074000657474696E67730056652D6A65726B0017
:1007500056652D6A65726B00567A2D6A65726B005C
:10076000567A2D6A65726B0056792D6A65726B0038
:1007700056792D6A65726B0056782D6A65726B002A
:1007800056782D6A65726B00416476616E636564AC
:100790002053657474696E67730045737465707374
:1007A0002F6D6D004573746570732F6D6D005A73F6
:1007B000746570732F6D6D005A73746570732F6D4F
:1007C0006D005973746570732F6D6D005973746586
:1007D00070732F6D6D005873746570732F6D6D009D
:1007E0005873746570732F6D6D00416476616E632C
:1007F00065642053657474696E67730046696C6143
:100800006D656E740054656D7065726174757265A6
:10081000004261636B6C6173680053746570732F81
:100820006D6D004A65726B00416363656C65726152
:1008300074696F6E0056656C6F6369747900436FFD
:100840006E66696775726174696F6E00536D6F6F64
:100850007468696E6700536D6F6F7468696E6700C6
:100860005A005A005900590058005800436F7272DC
:10087000656374696F6E00436F7272656374696F4C
:100880006E004D61696E00436D643A2053746F775A
:1008900000436D643A204465706C6F7900436D6469
:1008A0003A2053656C662D5465737400436D643A49
:1008B0002053572D4D6F646500436D643A20526597
:1008C00073657400436F6E66696775726174696FF2
:1008D0006E004C6F61642073657474696E67730099
:1008E000526573746F7265206661696C73616665C9
:1008F0000053746F72652073657474696E6773005A
:10090000424C546F7563680050726F6265205A20C4
:100910004F666673657400416476616E636564203A
:1009200053657474696E6773004D61696E004D376D
:10093000303220542564004D36303020423020546F
:100940002564004D373032203B2564004D3730316F
:1009500020542564004368616E67652066696C6198
:100960006D656E74005072656865617420437573BF
:10097000746F6D0050726568656174204142530068
:100980005072656865617420504C41005072656812
:1009900065617420437573746F6D004261636B0011
:1009A000456E642066696C616D656E742063686174
:1009B0006E6765005075726765206D6F7265000027
:1009C0004368616E67696E672046696C616D656E2C
:1009D0007400554E4C4F41442046494C414D454EC4
:1009E00054004C4F41442046494C414D454E540023
:1009F00020204E6F7A7A6C653A2000200050617298
:100A00006B696E672E2E2E00746F20737461727482
:100A10000066696C616D656E74206368616E676500
:100A2000005761697420666F720066696C616D655C
:100A30006E7420756E6C6F61640057616974206616
:100A40006F7200506C6561736520776169742E2E3A
:100A50002E004E6F7A7A6C652068656174696E67E6
:100A600000746F2068656174206E6F7A7A6C65001F
:100A7000507265737320627574746F6E00746F20AA
:100A8000636F6E74696E756500616E642070726567
:100A9000737320627574746F6E00496E736572743F
:100AA0002066696C616D656E740066696C616D6568
:100AB0006E74206C6F6164005761697420666F7298
:100AC00000746F20726573756D65207072696E7445
:100AD00000507265737320627574746F6E00506C91
:100AE0006561736520776169742E000066696C61C9
:100AF0006D656E742070757267650057616974204A
:100B0000666F7200536E346B3300496E76616465B4
:100B1000727300427269636B6F7574004D61696E28
:100B20000047616D6573004669726D77617265207B
:100B300056657273696F6E004D61696E003F0053B8
:100B4000746F70207072696E74004261636B005341
:100B5000746F70004D323520500A4D32340050729F
:100B6000696E74207061757365640050617573659A
:100B7000207072696E7400726573756D65004D3218
:100B800034005072696E742066726F6D2053440099
:100B90004368616E67652053442063617264004D51
:100BA00032310041626F7574205072696E746572E3
:100BB000004368616E67652066696C616D656E747F
:100BC000004368616E67652066696C616D656E746F
:100BD000004D36303020423000436F6E66696775D5
:100BE000726174696F6E0054656D706572617475C1
:100BF0007265004D6F76656D656E74005265737534
:100C00006D65207072696E74004E6F2053442063CE
:100C10006172640054756E650053746F7020707259
:100C2000696E74005061757365207072696E74002E
:100C3000496E666F2073637265656E004D6F7665F1
:100C40002058004D6F76652059004D6F7665205A0B
:100C50000045787472756465722000457874727509
:100C600064657220004175746F20686F6D65004780
:100C70003238004D6F7665205A004D6F76652059E9
:100C8000004D6F76652058004D6F76656D656E740A
:100C90000044697361626C6520737465707065727D
:100CA00073004D38340046616465204865696768A3
:100CB00074004661646520486569676874004F6622
:100CC00066004F6E00426564204C6576656C696E07
:100CD00067004C6576656C20626564004732380AAF
:100CE00047323900486F6D65205A00473238205A24
:100CF00000486F6D65205900473238205900486F11
:100D00006D652058004732382058004175746F20B7
:100D1000686F6D6500473238004D6F7665206178E9
:100D20006973004D61696E003F00537461727420F5
:100D30007072696E74200043616E63656C0050725E
:100D4000696E740043616E6E6F7420656E746572B7
:100D5000207375626469723A2000022E2E004D6184
:100D6000696E00436F6F6C646F776E0046616E2032
:100D7000737065656420310046616E20737065652F
:100D80006420310042656400426564004E6F7A7AE7
:100D90006C65004E6F7A7A6C65004D61696E004239
:100DA000616279737465702058004261627973746E
:100DB000657020590050726F6265205A204F666638
:100DC00073657400426162797374657020590042E2
:100DD00061627973746570205800466C6F770046C5
:100DE0006C6F770046616E2073706565642031001A
:100DF00046616E2073706565642031004265640051
:100E0000426564004E6F7A7A6C65004E6F7A7A6C38
:100E100065005370656564005370656564004D61DD
:100E2000696E0025753A2530327500253032753AE5
:100E3000253032750025756420253032753A25300D
:100E4000327500202020202020200020202020009B
:100E50001FE0201020102010102010202010201043
:100E600030300840048003001FE03FF03FF03FF0C7
:100E70001FE01FE03FF03FF03FF00FC0078003008E
:100E80003FFFF038007030FC3020FC10207810203C
:100E900030102C00D02E31D02F7BD02F7BD02E3194
:100EA000D02C00D020301020781020FC1030FC30E6
:100EB0003800703FFFF03FFFF0380070318630237C
:100EC00087102787902F87D02F03D02030102078CD
:100ED000102078102030102F03D02F87D027879034
:100EE0002387103186303800703FFFF01FFFF81F56
:100EF000FFF80410400208200208200410400820D7
:100F000080104100104100082080041040000000C3
:100F10001FFFF81FFFF8436172642072656D6F76E2
:100F20006564004361726420696E73657274656400
:100F3000004C756C7A426F742054415A20362072EE
:100F4000656164792E005072696E74696E672E2E29
:100F50002E005072696E7420706175736564006351
:100F6000616E63656C005072696E742061626F72AD
:100F700074656400434F4D4D554E49434154494FAC
:100F80004E0044525952554E004552524F52530052
:100F9000494E464F004543484F004572726F7220DC
:100FA00077726974696E6720746F20454550524F9F
:100FB0004D210A00627573793A207061757365641A
:100FC00020666F7220696E7075740A00627573799D
:100FD0003A2070617573656420666F722075736561
:100FE000720A00627573793A2070726F6365737369
:100FF000696E670A004B494C4C20636175736564E8
:1010000020627920746F6F206D75636820696E614E
:1010100063746976652074696D65202D206375722F
:1010200072656E7420636F6D6D616E643A2000505E
:101030006C65617365207265736574005052494E2A
:101040005445522048414C54454400706F776572B6
:101050006F6666004B494C4C45442E200050726927
:101060006E7465722068616C7465642E206B696CA7
:101070006C28292063616C6C6564210A0053544F0D
:10108000505045442E20005072696E746572207372
:10109000746F707065642064756520746F2065726C
:1010A000726F72732E2046697820746865206572AD
:1010B000726F7220616E6420757365204D39393905
:1010C00020746F20726573746172742E20285465C9
:1010D0006D706572617475726520697320726573D5
:1010E00065742E205365742069742061667465727E
:1010F0002072657374617274696E67290A00656392
:10110000686F3A004572726F723A0042696C696E9C
:10111000656172204C6576656C696E6720477269FF
:10112000643A0A0053544F502063616C6C6564202C
:1011300062656361757365206F6620424C546F75FC
:101140006368206572726F72202D207265737461FE
:1011500072742077697468204D3939390A00535404
:101160004F502063616C6C656420626563617573C8
:1011700065206F6620424C546F75636820657272FB
:101180006F72202D20726573746172742077697498
:1011900068204D3939390A00486F74656E642074CF
:1011A0006F6F20636F6C640A005072657373206206
:1011B0007574746F6E20286F72204D31303829207D
:1011C000746F20726573756D650A00496E73657280
:1011D000742066696C616D656E7420616E64207048
:1011E0007265737320627574746F6E20286F72203D
:1011F0004D313038290A005072657373206275745E
:10120000746F6E20286F72204D3130382920746F32
:101210002068656174206E6F7A7A6C650A0070616F
:1012200075736564004D3630303A20546F6F20631B
:101230006F6C6400486F74656E6420746F6F206318
:101240006F6C640A00726573756D656400496E7336
:101250006572742066696C616D656E7420616E6480
:1012600020707265737320627574746F6E20286FBE
:1012700072204D313038290A004F46460A00466137
:101280006465204865696768742000426564204C85
:101290006576656C696E6720004661696C656420DF
:1012A000746F20656E61626C6520426564204C65D8
:1012B00076656C696E670A00496E76616C696420B8
:1012C0006D6573682E0A00202844525952554E29E4
:1012D00000473239204175746F20426564204C65A7
:1012E00076656C696E67003F20284C2C522C462C8A
:1012F0004229206F7574206F6620626F756E64736B
:101300002E0A003F2856296572626F7365206C654E
:1013100076656C20697320696D706C6175736962A4
:101320006C652028302D34292E0A00426164205A31
:101330002076616C75650A004E6F2062696C696E7B
:1013400065617220677269640A002020536D6F6FB7
:101350007468696E6720286D6D293A20202020204E
:10136000202020202020202020202020530020206A
:101370004261636B6C6173682044697374616E636E
:101380006520286D6D293A20202020202020200073
:10139000202846312E30203D2066756C6C2C20466E
:1013A000302E30203D206E6F6E65290A00202043CC
:1013B0006F7272656374696F6E20416D6F756E74C4
:1013C0002F466164652D6F75743A202020202046D9
:1013D000006163746976653A0A00696E0042616370
:1013E0006B6C61736820436F7272656374696F6EB2
:1013F0002000205400205200416363656C657261D7
:1014000074696F6E3A2050005741524E494E472141
:10141000204C6F77205A204A65726B206D617920CD
:101420006C65616420746F20756E77616E7465649D
:10143000207061757365732E0A0000002000230080
:10144000260029002C002F003200000100000301BB
:10145000060109014732380020496E76616C6964E3
:101460002065787472756465722000536C656570D0
:101470002E2E2E00486F6D652058592066697273B4
:10148000740A00486F6D652058592066697273743C
:1014900000205A3A200020593A2000426564205822
:1014A0003A20004D65736820706F696E7420636127
:1014B0006E6E6F74206265207265736F6C76656402
:1014C0000A00436C69636B20746F20726573756DDD
:1014D000652E2E2E004E6F206D6F76652E00456EA8
:1014E000642066696C65206C6973740A00426567E4
:1014F000696E2066696C65206C6973740A00286ED9
:101500006F2066696C65290043757272656E742080
:1015100066696C653A20005344207072696E746984
:101520006E67206279746520004E6F7420534420EA
:101530007072696E74696E670A002E0A0044656CE9
:101540006574696F6E206661696C65642C204669FC
:101550006C653A200046696C652064656C6574654D
:10156000643A002569730025696D2025697300259B
:1015700069682025696D2025697300256964202527
:1015800069682025696D2025697300256979202502
:101590006964202569682025696D202569730050DC
:1015A00072696E742074696D653A200050726F74B0
:1015B00065637465642050696E0A0025301D0C183F
:1015C000282924311C0B174527232F1B0A444322AB
:1015D0002B1A4142033809FF3603080602020001B4
:1015E000486F74656E6420436F6F6C696E672E2E52
:1015F0002E00486F74656E642048656174696E677B
:101600002E2E2E006F666600950F900F890F820FA9
:10161000740F44454255473A004D31313320530051
:101620006F6B004C756C7A426F742054415A2036AF
:10163000204F46462E004348414D4245525F544597
:101640004D5045524154555245004D4F54494F4E0F
:101650005F4D4F44455300544845524D414C5F50F7
:10166000524F54454354494F4E004155544F5245F3
:10167000504F52545F53445F53544154555300509C
:10168000524F4D50545F535550504F525400454D9A
:10169000455247454E43595F5041525345520043CE
:1016A0004153455F4C494748545F4252494748546B
:1016B0004E45535300544F47474C455F4C494748AC
:1016C000545300534F4654574152455F504F57456E
:1016D00052004255494C445F50455243454E5400D8
:1016E0004C4556454C494E475F44415441005A5F72
:1016F00050524F4245004155544F4C4556454C00C1
:101700005052494E545F4A4F420050524F47524543
:101710005353004155544F5245504F52545F544516
:101720004D5000564F4C554D455452494300454588
:1017300050524F4D0042494E4152595F46494C4527
:101740005F5452414E534645520053455249414C15
:101750005F584F4E5F584F4646004649524D5741DD
:1017600052455F4E414D453A4D61726C696E202085
:101770004649524D574152455F56455253494F4E87
:101780003A322E302E302E313434204558545255B2
:101790004445525F545950453A53696E676C6545EC
:1017A000787472756465724165726F563220534F5A
:1017B000555243455F434F44455F55524C3A687418
:1017C0007470733A2F2F636F64652E616C65706857
:1017D0006F626A656374732E636F6D2F64696666EA
:1017E0007573696F6E2F4D41524C494E2050524FC8
:1017F000544F434F4C5F56455253494F4E3A312E4A
:1018000030204D414348494E455F545950453A4C6C
:10181000756C7A426F742054415A203620455854D2
:1018200052554445525F434F554E543A3120555519
:1018300049443A38343566303033632D616562642B
:101840002D346535332D613662392D3764303938A2
:10185000346664653630390A002F2F20004D31344C
:101860003520533C696E6465783E206F7574206F37
:10187000662072616E67652028302D31290A004F7D
:101880004646004F4E00205A0020590058002020A4
:101890004D61783A2000205A00205900580020203D
:1018A0004D696E3A2000536F667420656E647374E0
:1018B0006F70733A200020466C6F773A20003A2010
:1018C0000020536572766F2000206F7574206F665C
:1018D0002072616E67650A00536572766F20005052
:1018E000726F6265205A204F66667365743A2000F5
:1018F00020643A0020693A0020703A00496E76610F
:101900006C69642065787472756465720A0020647D
:101910003A0020693A0020703A0064697300656EED
:101920000043290A0061626C656420286D696E209D
:1019300074656D702000436F6C64206578747275F7
:101940006465732061726520004D65736820706F57
:10195000696E742063616E6E6F74206265207265BB
:10196000736F6C7665640A004D34323120696E63A2
:101970006F727265637420706172616D65746572F7
:101980002075736167650A00454550524F4D204FE1
:101990004B0A003F5A206F7574206F662072616E8B
:1019A000676520282D323020746F203230290A00DC
:1019B00050726F6265205A204F66667365743A20D4
:1019C000003F4B2076616C7565206F7574206F66E3
:1019D0002072616E67652028302D3130292E0A0073
:1019E000416476616E6365204B3D00496E76616CA3
:1019F00069642065787472756465720A0043617069
:101A00003A0047322F47332062616420706172616F
:101A10006D65746572730A00220A00656E717565E2
:101A20007565696E672022002042002050006F6BB0
:101A300000526573656E643A200053544F50504510
:101A4000442E20005072696E7465722073746F703A
:101A50007065642064756520746F206572726F72A2
:101A6000732E2046697820746865206572726F72E3
:101A700020616E6420757365204D39393920746F8B
:101A800020726573746172742E202854656D7065C0
:101A90007261747572652069732072657365742E46
:101AA00020536574206974206166746572207265C4
:101AB0007374617274696E67290A004E6F204368FF
:101AC00065636B73756D2077697468206C696E65EA
:101AD000206E756D6265722C204C617374204C69A8
:101AE0006E653A20004E6F20436865636B73756DB9
:101AF0002077697468206C696E65206E756D62650B
:101B0000722C204C617374204C696E653A2000631E
:101B10006865636B73756D206D69736D617463685F
:101B20002C204C617374204C696E653A20004C691E
:101B30006E65204E756D626572206973206E6F74DC
:101B4000204C617374204C696E65204E756D626522
:101B5000722B312C204C617374204C696E653A20D5
:101B6000004D313130004D333100534420726561F6
:101B700064206572726F720A00446F6E6520707225
:101B8000696E74696E672066696C650A0020573A51
:101B90000042656420636F6F6C696E672E2E2E00A5
:101BA0004265642068656174696E672E2E2E00237D
:101BB000646566696E652044454641554C545F0036
:101BC00000626564004B6420004B6920004B70206C
:101BD00000504944204175746F74756E65206669C4
:101BE0006E6973686564212050757420746865207F
:101BF0006C617374204B702C204B6920616E6420E3
:101C00004B6420636F6E7374616E74732066726FC1
:101C10006D2062656C6F7720696E746F20436F6E04
:101C200066696775726174696F6E2E680A00504943
:101C300044204175746F74756E65206661696C65CA
:101C400064212074696D656F75740A00486F74654E
:101C50006E6420544845524D414C2052554E4157D8
:101C600041590042454420544845524D414C205270
:101C7000554E4157415900546865726D616C205250
:101C8000756E6177617900486F74656E6420486590
:101C90006174696E67206661696C656400426564A1
:101CA0002068656174696E67206661696C656400AF
:101CB00048656174696E67206661696C656400508F
:101CC0004944204175746F74756E65206661696C56
:101CD0006564212054656D7065726174757265204C
:101CE000746F6F20686967680A00204B643A2000AF
:101CF000204B693A2000204B703A20000A20436CA8
:101D0000617373696320504944200A002054753A76
:101D10002000204B753A2000206D61783A20002089
:101D20006D696E3A200020643A2000206269617378
:101D30003A2000504944204175746F74756E6520D7
:101D400073746172740A00504944204175746F7451
:101D5000756E65206661696C6564212054656D70DF
:101D60006572617475726520746F6F206869676849
:101D70000A00504944204175746F74756E65206681
:101D800061696C65642120426164206578747275B4
:101D9000646572206E756D6265720A004572723AF2
:101DA000207574663820666F6E74206E6F742069BB
:101DB0006E697469616C697A65642E004572723A65
:101DC000207574663820666F6E74206E6F7420699B
:101DD0006E697469616C697A65642E004572723A45
:101DE000207574663820666F6E74206E6F7420697B
:101DF0006E697469616C697A65642E001FFFFFFF6C
:101E0000FFFFFF600000000001FF40000000000035
:101E1000FF8000000000007F83CF00000C303F8770
:101E2000FF80000C301F867980000C000F8C30C7BB
:101E3000838C30E78C30CFC7CC31F38C30DCECECCA
:101E400033B98C30D86C6C33198C30D06C0C33199E
:101E50008C30D86C0C33198C30DC6C0E3B198C3008
:101E6000CF7C079F198C30C77C038F19400000007E
:101E7000000002600000000000061FFFFFFFFFFFE0
:101E8000F800060900FE06018902FE20FFFE07FE9B
:101E900006FE00000006000701060606020080801C
:101EA00080800080030303060103A0A0A0050707AC
:101EB0000600FF5050F850F850500509090600FE82
:101EC0002070A8A07028A870200608080600FF400F
:101ED000A84810204854080507070600FF609090A6
:101EE0006098906801030306020380808002070760
:101EF0000602FF408080808080400207070602FFC4
:101F0000804040404040800505050600008850F8AC
:101F100050880505050600002020F8202002040452
:101F20000602FEC0404080050101060002F80202E0
:101F300002060200C0C00406060601001010204080
:101F40008080040606060100609090909060030671
:101F50000606010040C0404040E0040606060100BD
:101F60006090102040F0040606060100F02060108A
:101F700010E005060606000010305090F810040628
:101F800006060100F080E01010E0040606060100DD
:101F90006080E0909060040606060100F0101020BA
:101FA00040400406060601006090609090600406C0
:101FB00006060100609090701060020505060200A0
:101FC000C0C000C0C00207070602FEC0C000C0407B
:101FD00040800505050600001860806018050303B1
:101FE000060001F800F8050505060000C0300830BD
:101FF000C00407070601006090106040004005061D
:10200000060600007090A8B0807005060606000065
:10201000205088F88888050606060000F088F088B9
:1020200088F0040606060100609080809060040637
:1020300006060100E090909090E00406060601007C
:10204000F080E08080F0040606060100F080E08069
:102050008080040606060100609080B0906004064F
:10206000060601009090F09090900306060601008D
:10207000E040404040E00506060600003810101021
:10208000906004060606010090A0C0A0909004068F
:10209000060601008080808080F0050606060000AC
:1020A00088D8A8A8888804060606010090D0B090B9
:1020B00090900506060600007088888888700406DF
:1020C00006060100E09090E080800407070601FF0B
:1020D000609090D0B06010040606060100E0909079
:1020E000E090900406060601006090402090600594
:1020F0000606060000F8202020202004060606011F
:1021000000909090909060040606060100909090D8
:10211000F060600506060600008888A8A8D8880533
:102120000606060000885020205088050606060096
:1021300000888850202020040606060100F01020A8
:102140004080F0030606060100E080808080E00405
:1021500006060601008080402010100306060601D6
:1021600000E020202020E005030306000320508823
:102170000501010600FEF802020206020480400486
:1021800004040601007090907004060606010080A9
:1021900080E09090E00404040601007080807004E8
:1021A00006060601001010709090700404040601E9
:1021B0000060B0C070040606060100205040E040F8
:1021C000400406060601FE6090907010600406064A
:1021D0000601008080E09090900306060601004012
:1021E00000C04040E00308080601FE2000602020F7
:1021F00020A0400406060601008080A0C0A0900335
:102200000606060100C040404040E0050404060008
:1022100000D0A8A888040404060100E0909090046F
:102220000404060100609090600406060601FEE0CA
:102230009090E080800406060601FE709090701079
:1022400010040404060100A0D080800404040601E8
:102250000070C030E00406060601004040E0405037
:102260002004040406010090909070040404060108
:10227000009090606005040406000088A8A850043F
:102280000404060100906060900406060601FE90BA
:102290009090709060040404060100F02040F00368
:1022A0000707060100204040804040200107070644
:1022B00002FF808080808080800307070601008005
:1022C00040402040408004020206010350A0FFFF6E
:1022D000FFFFFFFFFFFFFFFFFFFFFFFFFFFFFFFF0E
:1022E000FFFFFFFFFFFFFFFFFFFFFFFFFFFFFF00FD
:1022F00000000600070106060602008000808080BC
:10230000800406060601FF2070A0A07020050707C4
:102310000600FF304840F04040F805050506000083
:10232000A8508850A80506060600008850F820F836
:10233000200107070602FF8080800080808004075C
:10234000070601FF708060906010E0030101060144
:1023500005A0060707060000788494A494847803F7
:10236000050506010160A06000E005050506000006
:102370002850A05028040303060100F010100401A7
:1023800001060102F00607070600007884B4A4A441
:102390008478040101060105F004030306010260CC
:1023A00090600507070600FF2020F8202000F803B2
:1023B000050506010140A02040E0030505060101D6
:1023C000C0204020C002020206020440800405052D
:1023D0000601FF9090B0D08005060606000078E860
:1023E000E8682828010101060202800202020602B2
:1023F000FE408003050506010140C04040E00305A2
:102400000506010140A04000E0050505060000A00A
:10241000502850A00508080600FF40C0405070300A
:1024200078100508080600FF40C0405068081038C2
:102430000508080600FFC0204030F030781004077F
:102440000706010020002060809060050707060055
:1024500000402020507088880507070600001020E3
:102460002050708888050707060000205020507013
:1024700088880507070600002850205070888805C6
:1024800007070600005000205070888805070706DF
:10249000000020502050708888050606060000784D
:1024A000A0F0A0A0B80408080601FE60908080900B
:1024B0006020400407070601004020F080E080F023
:1024C0000407070601002040F080E080F0040707C1
:1024D0000601002050F080E080F0040707060100AC
:1024E0005000F080E080F00307070601008040E024
:1024F000404040E00307070601002040E040404024
:10250000E003070706010040A0E0404040E0030769
:1025100007060100A000E0404040E0050606060076
:10252000007048E848487004070706010050A09072
:10253000D0B0909004070706010040206090909072
:102540006004070706010020406090909060040737
:102550000706010020506090909060040707060174
:102560000050A060909090600407070601005000A2
:102570006090909060050505060000885020508806
:102580000408080601FF1070B0B0D0D0E080040746
:102590000706010040209090909060040707060114
:1025A00000204090909090600407070601002050A2
:1025B0009090909060040707060100500090909062
:1025C0009060050707060000102088502020200496
:1025D000060606010080E09090E0800406060601F1
:1025E000006090A0A090A004070706010040200012
:1025F00070909070040707060100204000709090D2
:1026000070040707060100205000709090700407C6
:102610000706010050A000709090700406060601A5
:1026200000500070909070040707060100205020B1
:102630007090907005040406000070A8B07804063D
:10264000060601FE70808070204004070706010026
:1026500040200060B0C07004070706010020400061
:1026600060B0C07004070706010020500060B0C0D1
:1026700070040606060100500060B0C07003070732
:10268000060100804000C04040E00307070601004B
:10269000204000C04040E003070706010040A000C2
:1026A000C04040E0030606060100A000C04040E034
:1026B000040707060100306010709090600407075F
:1026C00006010050A000E09090900407070601006A
:1026D0004020006090906004070706010020400041
:1026E0006090906004070706010020500060909001
:1026F0006004070706010050A00060909060040687
:102700000606010050006090906005050506000077
:102710002000F8002004040406010070B0D0E0049A
:1027200007070601004020009090907004070706FC
:1027300001002040009090907004070706010020DF
:102740005000909090700406060601005000909092
:1027500090700409090601FE20400090909070904E
:10276000600408080601FE8080E09090E08080040C
:1027700008080601FE50009090907090600000964E
:102780004300809643000087430000A0C10000B0D2
:10279000C100000000290A002062797465733B20A3
:1027A000637263200053657474696E677320537499
:1027B0006F726564202800454550524F4D2064617A
:1027C000746173697A65206572726F722E0A0029CE
:1027D0000A002062797465733B20637263200020D5
:1027E00073746F7265642073657474696E677320A7
:1027F00072657472696576656420280020286361BB
:102800006C63756C6174656429210A0020213D2088
:1028100000454550524F4D20435243206D69736D22
:1028200061746368202D202873746F726564292099
:10283000002053697A653A2000496E6465783A2031
:1028400000204D61726C696E3D563637290A00458D
:102850004550524F4D2076657273696F6E206D69D9
:10286000736D617463682028454550524F4D3D009B
:10287000454550524F4D20496E697469616C697AC3
:1028800065640A0048617264636F6465642044652E
:102890006661756C742053657474696E6773204C3F
:1028A0006F616465640A0028230000282300006427
:1028B000000000282300000000964300009643001B
:1028C0000040400000C8410000C9420000C9420069
:1028D00000C8440000D2433A0A0020204D3630336D
:1028E0002000205300205A002059002058002020AA
:1028F0004D3432352046004261636B6C6173682051
:10290000636F6D70656E736174696F6E3A0A002053
:1029100055004C0046696C616D656E74206C6F618A
:10292000642F756E6C6F6164206C656E677468737C
:102930003A0A0020204D393030204B004C696E653A
:10294000617220416476616E63653A0A0020204D11
:10295000383531205A005A2D50726F6265204F660B
:10296000667365740020440020490020204D3330F8
:102970003420500020440020490020204D333031C5
:102980002050005049442073657474696E67733A2F
:102990000A0020460020420020480020204D31340B
:1029A000352053004D6174657269616C2068656102
:1029B00074757020706172616D65746572733A0A26
:1029C00000204A0020204732392057204900205A51
:1029D0000020204D3432302053004175746F204266
:1029E0006564204C6576656C696E673A0A0020451F
:1029F00000205A0020590020580020540020530085
:102A000020204D32303520420020453C6D61785FFA
:102A1000655F6A65726B3E0020583C6D61785F7837
:102A20005F6A65726B3E20593C6D61785F795F6AC1
:102A300065726B3E205A3C6D61785F7A5F6A6572A1
:102A40006B3E00416476616E6365643A20423C6D82
:102A5000696E5F7365676D656E745F74696D655FE0
:102A600075733E20533C6D696E5F66656564726187
:102A700074653E20543C6D696E5F74726176656C5E
:102A80005F66656564726174653E00205400205283
:102A90000020204D323034205000416363656C6566
:102AA000726174696F6E2028756E6974732F73324A
:102AB000293A20503C7072696E745F616363656C83
:102AC0003E20523C726574726163745F616363653A
:102AD0006C3E20543C74726176656C5F6163636523
:102AE0006C3E0A00204500205A0020590020204D4D
:102AF0003230312058004D6178696D756D20416329
:102B000063656C65726174696F6E2028756E697497
:102B1000732F7332293A0A00204500205A002059A9
:102B20000020204D3230332058004D6178696D759A
:102B30006D206665656472617465732028756E69C1
:102B400074732F73293A0A0053746570732070658B
:102B50007220756E69743A0A0020204D3134392094
:102B600043203B20556E69747320696E2043656C69
:102B7000736975730A0020286D6D29002020473283
:102B800031202020203B20556E69747320696E200F
:102B90006D6D00486F6D696E67206661696C656474
:102BA000006F70656E0054524947474552454400D6
:102BB0003A20007A5F6D696E00795F6D6178007907
:102BC0005F6D696E00785F6D617800785F6D696E2A
:102BD000005265706F7274696E6720656E647374FD
:102BE0006F70207374617475730A00205A3A002064
:102BF000593A0020436F756E7420583A0020453AC8
:102C000000205A3A0020593A00583A0020746F6F59
:102C1000206C6F6E6720657874727573696F6E20B3
:102C200070726576656E7465640A0020636F6C640B
:102C300020657874727573696F6E20707265766541
:102C40006E7465640A00486F6D65202573257325D1
:102C500073206669727374002066697273740A0067
:102C6000486F6D6520000000A0C100809643000001
:102C70000000000048420000484200004040576108
:102C8000726E696E673A20486F6D696E6720427593
:102C90006D702044697669736F72203C20310A00A0
:102CA0000202040000A0400000A04000000040001C
:102CB00000A0430080A14300008743FF01FF24F4EC
:102CC000D43050C38E20C2A24017828B7011127A6A
:102CD000910D816CD90AA861E108C7586607615156
:102CE00043061E4B5D05C145A7041A411104093D69
:102CF0009803713931034036DB0265339102D430D9
:102D00005402802E1D02632CEE01752AC501B028E5
:102D1000A001102781018F2564012B244B01E022A3
:102D20003401AC211F018D200D01801FFC00841E89
:102D3000ED00971DDF00B81CD200E61BC600201B6B
:102D4000BC00641AB200B219A8000A19A0006A18DF
:102D50009900D117910040178B00B51684003116E9
:102D60007E00B31579003A157300C7146F0058142C
:102D70006A00EE1366008813630025135E00C71215
:102D80005B006C12570015125400C11151007011F4
:102D90004F0021114B00D61049008D1047004610FE
:102DA000440002104200C00F4000800F3E00420F5E
:102DB0003C00060F3B00CB0E3800930E37005C0E34
:102DC0003500270E3400F30D3200C10D3100900D97
:102DD0003000600D2E00320D2D00050D2C00D90C99
:102DE0002B00AE0C2900850C29005C0C2700350C4B
:102DF00027000E0C2600E80B2400C40B2400A00BB7
:102E000023007D0B23005A0B2100390B2100180BE6
:102E10002000F80A1F00D90A1E00BB0A1E009D0AE6
:102E20001D00800A1D00630A1C00470A1B002C0AB3
:102E30001B00110A1A00F7091A00DD091900C4095C
:102E40001900AB091900920917007B0918006309E2
:102E500017004C09160036091600200916000A0949
:102E60001500F5081500E0081400CC081400B80897
:102E70001400A4081400900813007D0812006B08C9
:102E800013005808120046081200340811002308E5
:102E900011001208110001081100F0071000E007EE
:102EA0001000D0071000C0071000B0070F00A107E6
:102EB000100091070E0083070F0074070F006507CD
:102EC0000E0057070E0049070E003B070D002E07A6
:102ED0000E0020070D0013070D0006070D00F90670
:102EE0000C00ED060D00E0060C00D4060C00C80630
:102EF0000C00BC060C00B0060C00A4060B009906E2
:102F00000C008D060B0082060B0077060B006C068A
:102F10000B0061060A0057060B004C060A00420629
:102F20000A0038060A002E060A0024060A001A06BD
:102F30000A001006090007060A00FD050900F4054D
:102F40000900EB050900E2050900D9050900D005D3
:102F50000900C7050900BE050900B5050800AD0553
:102F60000800A50509009C050800940508008C05CB
:102F70000800840508007C050800740508006C053D
:102F80000700650508005D050700560508004E05A9
:102F90000700470507004005080038050700310510
:102FA00007002A050700230507001C050600160573
:102FB00007000F0507000805060002050700FB04CF
:102FC0000600F5040700EE040600E8040600E2042B
:102FD0000700DB040600D5040600CF040600C90480
:102FE0000600C3040600BD040600B7040600B104D1
:102FF0000500AC040600A6040600A00405009B041E
:10300000060095040500900406008A040500850466
:103010000500800406007A040500750405007004AC
:1030200005006B04050066040500610405005C04EE
:10303000050057040500520405004D04050048042E
:103040000500430405003E0404003A04050035046D
:103050000500300404002C040500270404002304A8
:1030600005001E0404001A040400160405001104DF
:1030700004000D0404000904050004040400000415
:103080000400FC030400F8030400F4030400F0034C
:103090000400EC030400E8030400E4030400E0037C
:1030A0000400DC030400D8030400D4030400D003AC
:1030B0000400CC030400C8030300C503030024F488
:1030C00004D9201BC40C5C0E9804C4095F02650778
:1030D0007101F405F900FB04B30048048700C10343
:1030E00069005803550003034500BE023A008402FC
:1030F000310053022A002902250004022000E401C5
:103100001C00C8011900AF011700980114008401C8
:103110001300710110006101100051010E00430104
:103120000D0036010B002B010B0020010B001501D7
:1031300009000C01090003010800FB000800F3006E
:103140000800EB000700E4000600DE000600D800DF
:103150000600D2000600CC000500C7000500C20032
:103160000500BD000400B9000400B5000400B10072
:103170000400AD000400A9000400A5000300A200A3
:1031800003009F0004009B000300980003009500CB
:10319000020093000300900003008D0002008B00EA
:1031A0000300880002008600020084000300810002
:1031B00002007F0002007D0002007B000200790017
:1031C0000200770001007600020074000200720025
:1031D0000100710002006F0002006D0001006C0030
:1031E00002006A0001006900020067000100660039
:1031F000010065000100640002006200010061003E
:103200000100600001005F0002005D0001005C0041
:1032100001005B0001005A00010059000100580044
:103220000100570001005600010055000100540044
:103230000100530000005300010052000100510042
:103240000100500001004F0001004E0000004E0040
:1032500001004D0001004C0001004B0000004B003C
:1032600001004A0001004900010048000000480038
:103270000100470001004600000046000100450033
:10328000000045000100440001004300000043002D
:103290000100420000004200010041000000410026
:1032A0000100400001003F0000003F0001003E001F
:1032B00000003E0001003D0000003D0001003C0018
:1032C00000003C0000003C0001003B0000003B000F
:1032D00001003A0000003A00010039000000390006
:1032E00001003800000038000000380001003700FD
:1032F00000003700010036000000360000003600F4
:1033000001003500000035000000350001003400E8
:1033100000003400000034000100330000003300DE
:1033200000003300010032000000320000003200D3
:1033300001003100000031000000310001003000C8
:10334000000030000000300001002F0000002F00BE
:1033500000002F0000002F0001002E0000002E00B2
:1033600000002E0001002D0000002D0000002D00A7
:1033700000002D0001002C0000002C0000002C009B
:1033800000002C0001002B0000002B0000002B008F
:1033900000002B0001002A0000002A0000002A0083
:1033A00000002A0001002900000029000000290077
:1033B000000029000000290001002800000028006A
:1033C000000028000000280000002800010027005D
:1033D0000000270000002700000027000000270051
:1033E0000100260000002600000026000000260044
:1033F0000000260001002500000025000000250037
:103400000000250000002500000025000100240028
:10341000000024000000240000002400000024001C
:10342000010023000000230000002300000023000F
:103430000000230000002300000023000100220000
:1034400000002200000022000000220000002200F4
:1034500000002200010021000000210000002100E6
:1034600000002100000021000000210000002100D8
:1034700001002000000020000000200000002000CB
:1034800000002000000020000000200000002000BC
:1034900001001F0000001F0000001F0000001F00AF
:1034A00000001F0000001F0000001F0001001E00A0
:1034B00000001E0000001E0000001E000000C231BF
:1034C00000001C260000F4190000D80F0000EB08D3
:1034D0000000C004000075020000400100004D69BA
:1034E00063726F737465707320756E617661696C59
:1034F00061626C650A0045313A200045303A20008F
:103500005A3A2000593A20004D53312C4D53322C59
:103510004D53332050696E730A583A200062656437
:10352000002C2073797374656D2073746F707065EF
:103530006421204865617465725F49443A20004205
:1035400065642068656174696E67206661696C6591
:10355000640048656174696E67206661696C6564C2
:103560000042454420544845524D414C2052554E4E
:103570004157415900546865726D616C2052756EF7
:103580006177617900486F74656E64204865617485
:10359000696E67206661696C65640048656174697D
:1035A0006E67206661696C656400486F74656E645F
:1035B00020544845524D414C2052554E4157415997
:1035C00000546865726D616C2052756E6177617927
:1035D000001000AD0330016A0150022B0170030A94
:1035E000019004F500B005E500D006D800F007CE44
:1035F000001009C500300ABE00500BB700700CB1B6
:1036000000900DAB00B00EA600D00FA200F0109DF0
:103610000010129900301395005014920070158E0E
:103620000090168B00B0178700D0188400F0198125
:1036300000101B7E00301C7B00501D7900701E7630
:1036400000901F7300B0207000D0216E00F0226B3C
:103650000010246900302566005026630070276141
:103660000090285E00B0295C00D02A5900F02B564B
:1036700000102D5400302E5100502F4E0070304B52
:103680000090314800B0324500D0334200F0343E63
:103690000010363B00303737005038330070392E79
:1036A00000903A2900B03B2300D03C1B00F03D11B4
:1036B00000103F0100F03F0000486F74656E642009
:1036C0004572723A204D415854454D500045727232
:1036D0003A204D415854454D5020424544004D41FB
:1036E0005854454D5020747269676765726564006F
:1036F000486F74656E64204572723A204D494E548D
:10370000454D50004572723A204D494E54454D503A
:1037100020424544004D494E54454D502074726935
:10372000676765726564004D383420582059205A07
:10373000204500202F002042403A0020403A00203F
:10374000573A007C3C3E5E2B3D3F2F5B5D3B2C2A75
:10375000225C001000C90210012C014001220170FE
:10376000011801B0010E01F00104015002FA00B08D
:1037700002F0003003E600D003DC009004D20070B9
:1037800005C800A006BE000008B400B009AA00D019
:103790000BA000600E960060118C000015820020C6
:1037A000197800C01D6E00A0226400B0275A009056
:1037B0002C500000314600E0343C001038320090BC
:1037C0003A2800603C1E00A03D1400803E0A002004
:1037D0003F000043616E6E6F74206F70656E2073E2
:1037E0007562646972200053442063617264206FC3
:1037F0006B0A006F70656E526F6F74206661696C42
:1038000065640A00766F6C756D652E696E6974204B
:103810006661696C65640A00534420696E697420AE
:103820006661696C0A004D3234004D3233202573D5
:103830000057726974696E6720746F2066696C65E1
:103840003A20002E0A006F70656E206661696C6513
:10385000642C2046696C653A20002E0A006F706562
:103860006E206661696C65642C2046696C653A203F
:103870000046696C652073656C65637465640A0055
:103880002053697A653A200046696C65206F70653F
:103890006E65643A2000667265736800646F696ED5
:1038A00067002066696C653A20004E6F77200045FE
:1038B0004E4420535542524F5554494E450A00221A
:1038C00020706F73002220706172656E743A22005E
:1038D000535542524F5554494E452043414C4C207C
:1038E0007461726765743A2200747279696E672038
:1038F000746F2063616C6C207375622D67636F64F5
:10390000652066696C6573207769746820746F6FD1
:10391000206D616E79206C6576656C732E204D414B
:1039200058206C6576656C2069733A310A00202056
:10393000506C616E6E65724275666665724279742E
:1039400065733A20002046726565204D656D6F7283
:10395000793A2000436F6D70696C65643A20536555
:103960007020313120323032360A00207C204175FF
:1039700074686F723A2028416C657068204F626AE3
:103980006563747320496E632E2C204C756C7A42EB
:103990006F7420476974205265706F7369746F7219
:1039A00079290A0000204C61737420557064617499
:1039B00065643A2000322E302E302E3134340A0025
:1039C0004D61726C696E0020536F66747761726529
:1039D0002052657365740A00205761746368646FD0
:1039E000672052657365740A002042726F776E20FB
:1039F0006F75742052657365740A0020457874658C
:103A0000726E616C2052657365740A00506F776541
:103A10007255700A0073746172740A006175746F74
:103A200025632E67006572726F7220777269746900
:103A30006E6720746F2066696C650A00446F6E655E
:103A400020736176696E672066696C652E0A004D89
:103A5000323900456E6473746F70732025632025BE
:103A60006320256320256300205A3A0020593A003C
:103A700020583A00656E6473746F707320686974BF
:103A80003A20004739310A4730205A31352046362E
:103A900030300A4739300A47302058313730205902
:103AA0003239302046333030300A4D3131372050F2
:103AB00072696E742061626F727465642E0000001A
:103AC0000A0B02090C0D0E08070304010000000098
:103AD00000000000000000000000000000000000E6
:103AE00000000000000000000000121110000000A3
:103AF00000000000000000000000000000000000C6
:103B000000000000000000000000000000000000B5
:103B1000000000004D6F766520302E3032356D6D1F
:103B2000004D6F766520302E316D6D004D6F7665DE
:103B300020316D6D004D6F76652031306D6D004D1B
:103B40006F7665206178697300486F74656E6420D4
:103B5000746F6F20636F6C64004578747275646570
:103B60007220004D6F7665205A004D6F76652059A2
:103B7000004D6F76652058004175746F6C657665F1
:103B80006C206661696C65640A004175746F6C65D0
:103B900076656C206661696C656400220A00556E6A
:103BA0006B6E6F776E20636F6D6D616E643A20226D
:103BB0000000000000000000000000000000000005
:103BC00000000000000000000000000000000000F5
:103BD000000000000C000000000000000C000000CD
:103BE00000000000120000000000000023000000A0
:103BF0000000000021000000000000004C800000D8
:103C0000000000005E800000000000009240000004
:103C100000000000A1400000000000012120000081
:103C2000000000027F900000000000020010000071
:103C300000000007FFF8000000000004000800007A
:103C4000000000080004000000000008000600005A
:103C50000000001000020000000000301E01000003
:103C6000000000207F81000000000041FFE0800094
:103C700000000043FCF08000000000873B7840001B
:103C80000000018EDBFC60000000010FEBCC200087
:103C90000000021FEDB610000000021FDEB610008B
:103CA00000000439CD7F080000000436E0FF080062
:103CB0000000087EC0BB84000000187F005D860005
:103CC0000000107FC0ED82000000203CC0730100A6
:103CD0000000203B337F01000000701BE77E038063
:103CE0000000C81DEEDE04C00000880FDEDC0440CA
:103CF0000001240FDF3C092000012607DBF8192012
:103D000000027203E7F0139000025101FFE02290DD
:103D1000000489007F802448000904801E00482494
:103D2000000BFE400000DFF40010004000008002A5
:103D3000001FFFFFFFFFFFFE00000000000000006B
:103D40000000000000000000000000000000000073
:103D5000001022103C3C0E1F0010221004221104FF
:103D6000001022100822110400102210083C110437
:103D70000010221010221104001022102022110421
:103D8000001E1C1E3C3C0E04000000000000000051
:103D90000000000000000000000000000000000023
:103DA0000000000000000000000000000000000013
:103DB0000000000000000000000000000000000003
:103DC00000000000000000000000000000000000F3
:103DD00000000000000000000000000000000000E3
:103DE00000000000000000000000000000000020B3
:103DF000746F6F206C6F6E6720657874727573696D
:103E00006F6E2070726576656E7465640A0020635B
:103E10006F6C6420657874727573696F6E20707250
:103E20006576656E7465640A00204500205A00209E
:103E30005900204D39322058002E0A006F70656EEF
:103E4000206661696C65642C2046696C653A2000C7
:103E500000002200250028002B002E003100340035
:103E600002010000050108010B01000021002400EF
:103E700027002A002D00300033000101000004015A
:103E800007010A01050505050705080808080202DB
:103E900002020A0A080804040404010101010101E4
:103EA00001010303030303030303040707070C0CC7
:103EB0000C0C0C0C0C0C020202020606060606068E
:103EC00006060B0B0B0B0B0B0B0B07070A0A0A0A58
:103ED0000A0A050505040404080801021020200848
:103EE0000810204010204080020102010804020155
:103EF00001020408102040808040201008040201C4
:103F0000800402018040201008040201080402011C
:103F100001020408102040800102040810204080A3
:103F200010080408801020400440801020400480C5
:103F3000486F74656E6420544845524D414C205280
:103F4000554E415741590042454420544845524D31
:103F5000414C2052554E4157415900546865726D8D
:103F6000616C2052756E61776179002F2F616374E7
:103F7000696F6E3A0000060C00FE07022603BC01C2
:103F80007FFE08FE08FE05080806000040F0C8880D
:103F900088987810050808060000C0F88888888886
:103FA00088F80505050600012030F83020050808CE
:103FB0000600002070F820202020E00509090600F6
:103FC000FF2070A8A8B888887020050606060001A2
:103FD000E08CEA8C8A0A0509090600FFF8A888889F
:103FE000888888A8F8050A0A0600FE20505050501C
:103FF00088A8A8887003030306000340A040FFFFC1
:10400000FFFFFFFFFFFFFFFFFFFFFFFFFFFFFFFFC0
:10401000FFFFFFFF0000000605FF01070706020083
:1040200080808080800080030303060105A0A0A09B
:1040300005060606000050F85050F850050909061C
:1040400000FF2070A8A07028A870200507070600B0
:1040500000C8C8102040989805070706000040A037
:10406000A040A89068010303060205808080030930
:10407000090601FF2040408080804040200309095C
:104080000601FF80404020202040408005070706B1
:10409000000020A8702070A820050505060001205A
:1040A00020F820200203030601FFC0408005010123
:1040B000060003F8020202060100C0C00507070659
:1040C000000008101020404080050707060000701F
:1040D0008898A8C8887003070706010040C04040C0
:1040E0004040E0050707060000708808102040F8EF
:1040F000050707060000F808103008887005070754
:1041000006000010305090F8101005070706000058
:10411000F880F00808887005070706000030408026
:10412000F0888870050707060000F80810102020A6
:1041300020050707060000708888708888700507CA
:1041400007060000708888780810600205050601DF
:1041500000C0C000C0C00206060601FFC0C000C00B
:10416000408003050506010120408040200503032F
:10417000060002F800F80305050601018040204012
:104180008005070706000070881020200020050722
:10419000070600007088B8A8B880700507070600F9
:1041A00000708888F8888888050707060000F048AE
:1041B00048704848F0050707060000708880808036
:1041C0008870050707060000F04848484848F00591
:1041D0000707060000F88080F08080F805070706D2
:1041E0000000F88080F080808005070706000070DE
:1041F000888080988870050707060000888888F8FE
:10420000888888030707060100E04040404040E0FE
:10421000050707060000381010101090600507070A
:104220000600008890A0C0A090880507070600003F
:10423000808080808080F805070706000088D8A865
:10424000888888880507070600008888C8A8988895
:104250008805070706000070888888888870050729
:1042600007060000F08888F08080800507070600B8
:104270000070888888A89068050707060000F08805
:1042800088F0A090880507070600007088807008F5
:104290008870050707060000F82020202020200550
:1042A0000707060000888888888888700507070641
:1042B000000088888888505020050707060000887D
:1042C000888888A8A850050707060000888850201D
:1042D0005088880507070600008888502020202085
:1042E000050707060000F80810204080F8030909B8
:1042F0000601FFE080808080808080E0050707065F
:104300000000804040201010080309090601FFE06A
:1043100020202020202020E0050303060005205057
:10432000880501010600FEF803030306010580402D
:10433000200505050600007008788878050707063F
:1043400000008080F0888888F00505050600007070
:10435000808088700507070600000808788888882C
:10436000780505050600007088F0807005070706CF
:104370000000304840E04040400507070600FE705E
:104380008888887808700507070600008080F08814
:104390008888880307070601004000C0404040E0CD
:1043A0000409090601FE100030101010109060057D
:1043B000070706000080808890E0908803070706C2
:1043C0000100C04040404040E0050505060000D027
:1043D000A8A8A8A8050505060000B0C88888880513
:1043E000050506000070888888700507070600FE2E
:1043F000F0888888F080800507070600FE788888A6
:1044000088780808050505060000B0C8808080058A
:10441000050506000078807008F005070706000013
:104420002020F8202020180505050600008888882F
:104430009868050505060000888888502005050550
:104440000600008888A8A8500505050600008850C9
:104450002050880507070600FE8888885020408085
:10446000050505060000F8102040F80309090601BB
:10447000FF2040404080404040200109090602FFE3
:104480008080808080808080800309090601FF8011
:10449000404040204040408005030306000248A8F9
:1044A00090FF01050800FF060121023520FFFF07EC
:1044B000FF06FF090050221656808080800080157C
:1044C0003353A0A0A00257575050F850F850500254
:1044D00057572070A07028702013355580A040A039
:1044E0002002475740A0A040A0A050251353808031
:1044F00080122656408080808040122656804040A0
:104500004040800245559060F06090025555202053
:10451000F82020113353604080044151F01133538F
:1045200040E040024656101020408080123656402F
:10453000A0A0A0A04012365640C0404040E0024635
:10454000566090106080F0024656F0206010906037
:104550000246562060A0F02020024656F080E0106F
:1045600090600246566080E0909060024656F010DF
:10457000202040400246566090609090600246566F
:10458000609090701060122555C0C000C0C01136F8
:104590005660600060408012365620408080402087
:1045A000034353F000F01236568040202040801222
:1045B000365640A020400040015858304898A8A8DE
:1045C000904030024656609090F09090024656E03F
:1045D00090E09090E00246566090808090600246A5
:1045E00056E090909090E0024656F080E08080F097
:1045F000024656F080E0808080024656609080B08F
:1046000090600246569090F0909090123656E0409E
:10461000404040E002465670202020A0400246560E
:1046200090A0C0A0A0900246568080808080F002BA
:10463000465690F0F090909002465690D0F0B0B070
:1046400090024656609090909060024656E090909E
:10465000E08080014757609090D0B06010024656CD
:10466000E09090E09090024656609040209060125A
:104670003656E04040404040024656909090909020
:1046800060024656909090906060024656909090DE
:10469000F0F09002465690906060909002565688D6
:1046A0008850202020024656F010204080F012361C
:1046B00056E080808080E0024656808040201010C6
:1046C000123656E020202020E016325240A0014150
:1046D00051F016225280400244547090907002466D
:1046E000568080E09090E0123454608080600246F2
:1046F0005610107090907002445460B0C060024632
:1047000056205040E04040014555609070106002D6
:1047100046568080E09090901236564000C040404F
:10472000E01137572000202020A04002465680800C
:1047300090E09090123656C040404040E002545401
:10474000D0A8A8A8024454E09090900244546090ED
:104750009060014555E090E0808001455570907073
:104760001010024454A0D0808012345460C020C085
:104770000246564040E040502002445490909070D1
:10478000123454A0A0A04002545488A8A850024457
:104790005490606090014555909070906002445430
:1047A000F02040F0024757304020C0204030221611
:1047B00056808080808080024757C0204030402053
:1047C000C006425250A0FFFFFFFFFFFFFFFFFFFFA9
:1047D000FFFFFFFFFFFFFFFFFFFFFFFFFFFFFFFFE9
:1047E000FFFFFFFFFFFFFF090050221656800080E9
:1047F0008080800146562070A0A07020024656207E
:1048000050E04050A00255558870507088025656AE
:104810008850F820F8202217578080800080808000
:104820000247577080E0907010E0173151A0025697
:104830005670A8C8C8A87014355560A06000E00381
:10484000435350A050123353E02020143151E00262
:10485000565670E8D8E8D870173151E015335340F8
:10486000A04012355540E04000E014355540A020EE
:1048700040E0143555C020C020C0162252408001AF
:104880004555909090E08002565678E8E8682828D0
:1048900024115180112252408014355540C04040AF
:1048A000E014355540A04000E0034353A050A0025F
:1048B0004757808080A060F0200247578080A0D0BA
:1048C00010207002475780408060A0F020123656BA
:1048D00040004080A04002475740206090F09090F8
:1048E00002475720406090F09090024757609060D8
:1048F00090F0909002475750A06090F0909002473F
:104900005790006090F0909002475760906090F050
:10491000909002465670A0A0F0A0B001475760905A
:1049200080809060400247574020F080E080F00295
:1049300047572040F080E080F00247576090F080B9
:10494000E080F00247579000F080E080F012375787
:104950008040E0404040E01237572040E040404077
:10496000E012375740A0E0404040E0123757A00027
:10497000E0404040E00256567048E8484870024720
:104980005750A090D0B09090024757402060909030
:1049900090600247572040609090906002475760B7
:1049A00090609090906002475750A0609090906007
:1049B00002475790006090909060123353A040A03F
:1049C00002465670B0B0D0D0E002475740209090D9
:1049D0009090600247572040909090906002475717
:1049E00060909090909060024757900090909090C7
:1049F000600257571020885020202002465680E041
:104A00009090E0800246566090A0A090A002475788
:104A100040200070909070024757204000709090A6
:104A2000700247572050007090907002475750A076
:104A3000007090907002465650007090907002473F
:104A40005760906070909070025454F068B0781184
:104A50003555608080604002475740200060B0C0FC
:104A60006002475720400060B0C060024757609026
:104A70000060B0C060024656500060B0C06012379F
:104A800057804000C04040E0123757204000C040EF
:104A900040E012375740A000C04040E0123656A018
:104AA00000C04040E0024757A040A0107090600254
:104AB000475750A000E09090900247574020006078
:104AC00090906002475720400060909060024757E6
:104AD0006090006090906002475750A000609090F6
:104AE000600246569000609090601235554000E09C
:104AF000004002445470B0D0E0024757402000907C
:104B00009090700247572040009090907002475755
:104B10006090009090907002465690009090907037
:104B20000148582040009090709060014757808065
:104B3000E090E08080014757900090907090600175
:104B4000050700FE0500FB01F220FFFE05FE05FE45
:104B50000200400215258080800080053242A0A01E
:104B600002556550F850F8500146562070C030E0AC
:104B7000200255659010204048025565608068907D
:104B80006805122280800225354080808040022501
:104B9000358040404080043343A040A0033343406D
:104BA000E0400122324080043141E00211218002C4
:104BB0005565081020408002455560909090600235
:104BC0002535C040404040024555E0106080F0026D
:104BD0004555E0106010E00245552060A0F020022D
:104BE0004555F080E010E00245556080E09060029D
:104BF0004555F0102040400245556090609060029D
:104C000045556090701060031323800080021424C7
:104C1000800080800235452040804020033343E0FF
:104C200000E00235458040204080024555E010609C
:104C300000400255657088B8A87002455560909094
:104C4000F090024555E090E090E0023545608080AC
:104C50008060024555E0909090E0023545E080E0AC
:104C600080E0023545E080E080800245557080B0EC
:104C700090700245559090F09090023545E040408C
:104C800040E0024555301010906002455590A0C09C
:104C9000A09002354580808080E002556588D8A8C4
:104CA000888802455590D0B090900245556090900C
:104CB0009060024555E09090E080014656609090EB
:104CC000906010024555E09090E09002455570804C
:104CD0006010E0023545E04040404002455590906C
:104CE0009090600245559090A0A04002556588A81C
:104CF000A8A850024555909060909002455590901C
:104D0000701060023545E0204080E0022535C0800B
:104D10008080C00255658040201008022535C040C3
:104D20004040C005324240A0024151F0052232808D
:104D3000400244547090907002455580E09090E09D
:104D4000023444608080600245551070909070027B
:104D5000445460B0C0600235452040E04040004609
:104D60005670909070106002455580E090909002CF
:104D7000152580008080800027374000404040405B
:104D8000800245558090A0E09002152580808080AB
:104D900080025464F0A8A8A8024454E090909002C5
:104DA000445460909060004656E09090E08080000F
:104DB0004656709090701010023444A0C08080025B
:104DC000445470C030E002354540E0404020024489
:104DD00054909090700244549090A040025464A863
:104DE000A85050023444A04040A0004656909090F5
:104DF000701060024454F02040F00235456040805D
:104E000040600215258080808080023545C04020AA
:104E100040C005425250A0FFFFFFFFFFFFFFFFFF12
:104E2000FFFFFFFFFFFFFFFFFFFFFFFFFFFFFFFF92
:104E3000FFFFFFFFFFFFFFFF020040FFFFFFFFFF3D
:104E4000FFFFFFFFFFFFFFFFFFFFFFFFFFFFFFFF72
:104E5000FFFFFFFFFFFFFFFFFFFFFFFFFFFFFFFF62
:104E6000FFFFFFFFFFFFFFFFFFFFFFFFFFFFFFFF52
:104E7000FFFFFFFFFFFFFFFFFFFFFFFFFFFFFFFF42
:104E8000FFFFFFFFFFFFFFFFFFFFFFFFFFFFFFFF32
:104E9000FFFFFFFFFFFFFFFFFFFF01060D00FE0901
:104EA000016602D620FFFE0BFE0AFE0D00602219ED
:104EB00069808080808080800080183363A0A0A0FB
:104EC0000357675050F850F850500259692078A0A5
:104ED000A0702828F02002596948A850102040509E
:104EE000A89002586840A0A040A09890682813633A
:104EF000808080113B6B20404080808080804040DB
:104F000020113B6B80404020202020204040800624
:104F1000556520A870A8200455652020F820201190
:104F20003363604080065161F811336340E0400212
:104F300059690808101020404080800259692050AB
:104F4000888888888850200259692060A020202005
:104F50002020F80259697088880810204080F802E3
:104F60005969F808102070080888700259691010F3
:104F700030505090F81010025969F88080B0C8087D
:104F800008887002596970888080F088888870026B
:104F90005969F80810102020404040025969708873
:104FA000888870888888700259697088888878082D
:104FB00008887011386840E040000040E040113837
:104FC0006840E040000060408002596908102040BD
:104FD0008040201008045464F80000F802596980E9
:104FE00040201008102040800259697088880810FD
:104FF0002020002002596970888898A8A8B080787D
:105000000259692050888888F8888888025969F090
:1050100048484870484848F0025969708880808044
:1050200080808870025969F048484848484848F0EC
:10503000025969F8808080F0808080F8025969F810
:10504000808080F0808080800259697088808080B4
:105050009888887002596988888888F8888888883C
:10506000123969E040404040404040E00259693810
:105070001010101010109060025969888890A0C01C
:10508000A09088880259698080808080808080F824
:105090000259698888D8A8A88888888802596988A8
:1050A000C8C8A8A89898888802596970888888888C
:1050B00088888870025969F0888888F080808080AC
:1050C000015A6A70888888888888A8700802596997
:1050D000F0888888F0A0908888025969708880805C
:1050E0007008088870025969F820202020202020AC
:1050F0002002596988888888888888887002596958
:10510000888888885050502020025969888888886B
:10511000A8A8A8A8500259698888505020505088E3
:10512000880259698888505020202020200259691F
:10513000F808101020404080F8113B6BE080808020
:10514000808080808080E00259698080404020100B
:10515000100808113B6BE020202020202020202078
:10516000E0085363205088015161F82A2262804090
:10517000025666700878889868025969808080F0C5
:1051800088888888F0025666708880808870025906
:10519000690808087888888888780256667088F8D0
:1051A00080887002596930484040F04040404000DB
:1051B000586870888888780888700259698080806B
:1051C000B0C8888888881238684000C04040404095
:1051D000E0004A6A100030101010109090600259E0
:1051E0006980808090A0C0A09088123969C040403A
:1051F0004040404040E0025666D0A8A8A8A88802D7
:105200005666B0C8888888880256667088888888FC
:1052100070005868F0888888F0808080005868782E
:1052200088888878080808025666B0C88080808020
:105230000256667088601088700258684040F040DE
:1052400040404830025666888888889868025666CA
:105250008888885050200256668888A8A8A85002DE
:10526000566688502020508800586888888898683A
:10527000088870025666F810204080F8015B6B18B1
:1052800020202020C0202020201822196980808022
:10529000808080808080015B6BC0202020201820CF
:1052A000202020C008536348A890FFFFFFFFFFFFA6
:1052B000FFFFFFFFFFFFFFFFFFFFFFFFFFFFFFFFFE
:1052C000FFFFFFFFFFFFFFFFFFFFFF0D0060221941
:1052D000698000808080808080800358682070A86A
:1052E000A0A0A8702002596930484040E0404048E2
:1052F000B00356668870505070880259698888508B
:1053000050F820F820202219698080808000808059
:105310008080124A6A609080609090601090601A5D
:105320003262A0A00359697088A8D8C8D8A888702C
:10533000045767700878887800F80356662850A0EC
:10534000A05028045363F80808163161E003596936
:105350007088E8D8D8E8D888700A5161F817446492
:10536000609090600357672020F8202000F80735F0
:105370006540A02040E007356540A04020C02A22BB
:105380006240800058688888888898E88080025940
:105390006978E8E8E8E868282828262161C0202202
:1053A00062408007356540C04040E0045767708820
:1053B00088887000F8035666A050282850A0025A2A
:1053C0006A40C04040E00818283808025A6A40C0C5
:1053D0004040E01028081038025A6A40A04020A03F
:1053E0004818283808025969200020204080888801
:1053F00070025A6A40200020508888F88888025A33
:105400006A10200020508888F88888025A6A30483C
:105410000020508888F88888025A6A285000205056
:105420008888F88888025A6A50500020508888F886
:105430008888025A6A20502020508888F88888027C
:10544000596958A0A0A0B0E0A0A0B8005B6B70881C
:10545000808080808088702040025A6A402000F856
:105460008080F08080F8025A6A102000F88080F076
:105470008080F8025A6A304800F88080F08080F816
:10548000025A6A505000F88080F08080F8123A6A20
:10549000804000E04040404040E0123A6A20400036
:1054A000E04040404040E0124A6A609000E04040E6
:1054B000404040E0123A6AA0A000E0404040404036
:1054C000E0025969F0484848E8484848F0025A6AFA
:1054D0002850008888C8A8988888025A6A40200006
:1054E00070888888888870025A6A102000708888BE
:1054F00088888870025A6A3048007088888888884E
:1055000070025A6A28500070888888888870025A09
:105510006A50500070888888888870035565885064
:10552000205088015B6B08709898A8A8A8C8C8701C
:1055300080025A6A40200088888888888870025AC9
:105540006A10200088888888888870025A6A3048E3
:105550000088888888888870025A6A505000888835
:105560008888888870025A6A102000888850202015
:10557000202002596980F0888888F0808080025954
:1055800069609090A0A0908888B00259694020007E
:105590007008788898680259691020007008788827
:1055A00098680259693048007008788898680259EC
:1055B000692850007008788898680259695050002E
:1055C000700878889868025A6A3048300070087805
:1055D000889868025666702870A0A85000586870B5
:1055E000888080887020400259694020007088F8C7
:1055F0008088700259691020007088F880887002D5
:1056000059693048007088F8808870025969505094
:10561000007088F8808870123969804000C040406E
:105620004040E0123969204000C040404040E01254
:105630004969609000C040404040E0123969A0A034
:1056400000C040404040E0025A6A5020601070881C
:1056500088888870025969285000B0C8888888886E
:105660000259694020007088888888700259691042
:1056700020007088888888700259693048007088D6
:1056800088888870025969285000708888888870D6
:1056900002596950500070888888887003576720C5
:1056A0002000F8002020015868087098A8A8C87049
:1056B0008002596940200088888888986802596962
:1056C00010200088888888986802596930480088C6
:1056D0008888889868025969505000888888889816
:1056E00068005B6B102000888888986808887000C4
:1056F0005A6A8080B0C88888C8B08080005B6B50D0
:10570000500088888898680888709E00D00011240E
:105710001FBECFEFD1E2DEBFCDBF00E00CBF13E074
:10572000A0E0B2E0EEEAFFE802E00BBF02C00790A3
:105730000D92A43DB107D9F727E1A4EDB3E001C074
:105740001D92A83EB207E1F71BE2C6E8DBE200E0EB
:1057500006C021970109802FFE010F942D44C53802
:10576000D10780E00807A9F70F94D7330D94C547F8
:105770000C940000FC01A081B1811C92A281B38134
:105780008C918F5F8C930280F381E02D90818CE06F
:10579000989F800D1124EDEDF4E113AE84AF0895D0
:1057A0008091D9038093760B0895609113027091D4
:1057B0001402072E000C880B990B0F94AA3F2AE0C5
:1057C00037ED43E25CE30F940940609376027093F7
:1057D000770280937802909379020895CF93DF93B4
:1057E000EC01CB01BA010F94AA3F0F94A94568833D
:1057F000DF91CF910895CF93DF93EC01CB01BA01F4
:105800000F94AA3F0F94A9456883DF91CF91089523
:1058100080919D1490919E14891B8F7071F49091CA
:105820003A1692FB882780F992FD08C081E090919A
:10583000B006913019F080E0089581E00895CF938B
:10584000DF93EC01CB01BA010F94AA3F20E030E0D6
:1058500048EC51E40F9409400F94A945688379837B
:105860008A839B83DF91CF910895CF93DF93EC01DF
:10587000CB01BA010F94AA3F20E030E048EC52E49B
:105880000F9409400F94A945688379838A839B8389
:10589000DF91CF910895CF93DF93EC01CB01BA0153
:1058A0000F94AA3F2AE037ED43E25CE30F940940EE
:1058B000688379838A839B83DF91CF910895CF9307
:1058C000DF93EC01CB01BA010F94AA3F2AE037ED38
:1058D00043E25CE30F940940688379838A839B8366
:1058E000DF91CF910895CF93DF93EC01CB01BA0103
:1058F0000F94AA3F2DEC3CEC4CEC5DE30F94094077
:10590000688379838A839B83DF91CF910895CF93B6
:10591000DF93EC01CB01BA010F94AA3F20E030E005
:1059200048EC51E40F940940688379838A839B8310
:10593000DF91CF910895CF93DF93EC01CB01BA01B2
:105940000F94AA3F20E030E048EC52E40F94094065
:10595000688379838A839B83DF91CF910895CF9366
:10596000DF93EC01CB01BA010F94AA3F2FE632E19D
:1059700043E85AE30F940940688379838A839B83C1
:10598000DF91CF910895CF93DF93EC01CB01BA0162
:105990000F94AA3F688379838A839B83DF91CF9199
:1059A0000895CF93DF93EC01CB01BA010F94AA3F86
:1059B0000F94A24579836883DF91CF910895811177
:1059C00018C08FEF90919A04890F837080939A0486
:1059D000E0919904EF5FE0939904F0E0EE0FFF1F70
:1059E000EB5CFB4F80919E04808380919C048183BB
:1059F000089581E0E7CFCF92DF92EF92FF921F935D
:105A0000CF93DF9310912304C3EFD3E0E0E090E065
:105A1000F0E080E049919F5F4111192F842B30E025
:105A200020E050E070E060E06A017B01022E04C0DB
:105A3000F694E794D794C7940A94D2F7C0FE08C0AE
:105A4000AF2FB0E0AA50BC4FFE2EF22AFC92FF5FAF
:105A50002F5F3F4F2530310539F7E05F9330D1F6A6
:105A60001093230450E040E020E090E0B0E0A0E09C
:105A70006C017D01042E04C0F694E794D794C7947A
:105A80000A94D2F7C0FC05C02E504F5F5F4F2A3BEF
:105A900079F7209326042AE335E0422F315020384D
:105AA00011F1225F6C017D01032E04C0F694E7948E
:105AB000D794C7940A94D2F7C0FEEFCF4093250441
:105AC00080912A04823039F480912704181674F4E6
:105AD00084E080932704DF91CF911F91FF90EF9096
:105AE000DF90CF90089520932504EACF8CEFF1CF7B
:105AF0008091F904882319F082E08093F20384E016
:105B000080937C028091DD0A882349F09091F20312
:105B10008FEF890F8093F20381E019160CF080E07B
:105B2000089580E095E29093E2038093E1038CE492
:105B300091E09093E0038093DF0380EC9EEF9093DD
:105B4000E4038093E3039091F10380E2890F8637A9
:105B500040F080EF890F20E431E03093E40320939C
:105B6000E3031092E5038093E6038FEF8093DE0357
:105B70000895FC0184910895FC0180810895CF92DD
:105B8000DF92EF92FF920F931F930F94CF24009117
:105B9000DD041091DE042091DF043091E0046B01FC
:105BA0007C01C01AD10AE20AF30A9701860137FD87
:105BB00011C02091DC0420952093DC046A547C4FB2
:105BC0008F4F9F4F6093DD047093DE048093DF045A
:105BD0009093E00481E09091DC04911101C080E099
:105BE0001F910F91FF90EF90DF90CF900895CF928B
:105BF000DF92EF92FF92CF93C82F0F94CF246B01C7
:105C00007C0124EA30E74DE75FE36091D8047091AE
:105C1000D9048091DA049091DB040F94A33F87FDAF
:105C200018C08AEF90E0A0E0B0E08C0D9D1DAE1D85
:105C3000BF1D8093F5049093F604A093F704B093EE
:105C4000F804C0930302CF91FF90EF90DF90CF90C4
:105C5000089580E090E0DC01E8CF40E060E08DEA6C
:105C60009AE50F94470481E08093AB131092D80318
:105C70001092D703089540E060E082EB9AE50F941C
:105C8000470481E08093AB131092D8031092D7039E
:105C9000089521E02093AB136093D8047093D90446
:105CA0008093DA049093DB0440E060E08091BE0AC8
:105CB0009091BF0A0D9447046DEC7CEC8CEC9CE356
:105CC0000C94492E6DEC7CEC8CEC9DE30C94492EED
:105CD00060E070E080E89FE30C94492E60E070E0A3
:105CE00080E291E40C94492E9B01109230041092B2
:105CF0002F048093DD0A40E060E0C9010F9447045F
:105D000081E08093AB13089564E57CE582E00E9416
:105D1000742E88E38093F10383E08093F00380E4A2
:105D20008093EF03E7EEF3E0118210821382128278
:105D300015821482178216820E94912D82E190E0D2
:105D40009093AF138093AE1308950F94AA3F0F94CE
:105D5000A245CB010C94D4F0CF92DF92EF92FF9248
:105D60006B017C0120E030E0A9010F94A33F20E00B
:105D700030E040E05FE387FF04C020E030E040E037
:105D80005FEBC701B6010F9436440F94A245CB01D7
:105D9000FF90EF90DF90CF900C94D4F00F94AA3F37
:105DA0000C94AC2E0F9380911515853200F58091DF
:105DB00017158B31E0F01092011509E028E34BE153
:105DC00064E281EE94E10F94812881E080930115D3
:105DD0000E94BF2D882359F085E28093181583E235
:105DE0008093191589E594E00F910C94B5790F9182
:105DF00008950F94AA3F0F94A945862F0C9409F19A
:105E00000D94DB240F94AA3F0F94A945862F0C9480
:105E10002BF1EF92FF920F931F938091F50A08EEFA
:105E20001AE0882311F005EF1AE088E2E82E8DE0F1
:105E3000F82E2AE23DE04EEE5BE367E37DE08EE381
:105E40009DE00F94D6281F910F91FF90EF90089539
:105E5000EF92FF920F931F938DE3E82E8BE0F82EC5
:105E600010E000E02FE33BE04DED58E36AE47BE017
:105E70008FE49BE00F94D6281F910F91FF90EF9035
:105E800008959091400B81E089270C948D7E60915C
:105E9000B0137091B1138091B2139091B31341E09C
:105EA0000C94077F66E47CE580E00D94C42061E4F7
:105EB0007CE581E00D94C4206CE37CE582E00D94E8
:105EC000C42067EB7AE583E00D94C420CF93DF9381
:105ED00000D01F92CDB7DEB769837A838B839C8312
:105EE000CE0101960F94211E0F900F900F900F90EE
:105EF000DF91CF9108950F94AA3F2FE632E143E856
:105F00005AE30F9409400C94662F8091C50A1092B1
:105F1000C50A882331F040E060E08BE49CE50F94F3
:105F200047040D94F02B0F931F93CF93DF93CDB7BE
:105F3000DEB76E970FB6F894DEBF0FBECDBF80916F
:105F400001028F93809100028F931F921F9288E22B
:105F500096E09F938F938E010F5F1F4F1F930F93B8
:105F60000F943A3F81E080930505C8010E94389A5A
:105F7000109205050FB6F894DEBF0FBECDBF6E962A
:105F80000FB6F894DEBF0FBECDBFDF91CF911F914A
:105F90000F9108950C9472DBCF93DF9300D01F9282
:105FA000CDB7DEB70F94AA3F2DEC3CEC4CEC5DE393
:105FB0000F94094069837A838B839C83CE01019679
:105FC0000E94A7EC0F900F900F900F90DF91CF9150
:105FD0000895CF93DF9300D01F92CDB7DEB70F9413
:105FE000AA3F2AE037ED43E25CE30F94094069835E
:105FF0007A838B839C83CE0101960E9458ED0F908B
:106000000F900F900F90DF91CF9108950C9424DBA7
:10601000CF93DF9300D01F92CDB7DEB70F94AA3F86
:1060200020E030E048EC51E40F94094069837A8322
:106030008B839C83CE0101960E94F7ED0F900F9009
:106040000F900F90DF91CF910895CF93DF9300D001
:106050001F92CDB7DEB70F94AA3F20E030E048ECA6
:1060600052E40F94094069837A838B839C83CE0129
:1060700001960E94F7ED0F900F900F900F90DF9117
:10608000CF910895CF93DF9300D01F92CDB7DEB7A5
:106090000F94A9450F94A83F69837A838B839C83CF
:1060A000CE0101960E94F7ED0F900F900F900F9088
:1060B000DF91CF9108950F94AA3F20E030E048ECA3
:1060C00051E40F9409400C9442300F94AA3F20E011
:1060D00030E048EC52E40F9409400C944230CF93E6
:1060E000DF9300D01F92CDB7DEB70F94AA3F2AE00E
:1060F00037ED43E25CE30F94094069837A838B8335
:106100009C83CE0101960E9490EF0F900F900F900C
:106110000F90DF91CF910895CF93DF9380917C0210
:10612000882349F06091D6047091D70420E041E0C3
:1061300081E00F94261D80910505811118C081E032
:1061400080930505C091DB14D091DC1440E060E041
:106150008CE890E30F9447040E9496DB10920505AB
:1061600040E060E0CE01DF91CF910D944704DF91D4
:10617000CF9108951F93CF93DF9368E170E080E0A3
:1061800090E00F947026609332046AE070E080E043
:1061900090E00F947026609331041091990420913F
:1061A0003204A22F022E000CBB0BE5E3F4E030E03A
:1061B000C62F062E000CDD0B1317B9F180819281DA
:1061C00089131BC0482F082E000C550B4150510954
:1061D000A417B50711F082130DC083819181482F58
:1061E00098170CF4492F64172CF089170CF4892F99
:1061F00086171CF63F5F3296DFCF7181472F072E3F
:10620000000C550B41505109C417D50711F0671305
:10621000F1CF482F98170CF4492F24175CF38917F6
:106220000CF4892F821734F3A8CFDF91CF911F91FF
:106230000895CF9360E07FE581E00E94742E80E0B6
:1062400091E090939E0480939D0480E095E090936C
:106250009C0480939B0410929A0410929904E5E3A5
:10626000F4E01082C5E0C18381E00E94DF2CC0937E
:1062700034041092AF131092AE1310923304CF91E6
:106280000C94BA30AF92BF92CF92DF92EF92FF920E
:106290000F931F93CF93DF936B01E9014A3009F409
:1062A000B8C0453109F06AC0DB011296ED91FC914E
:1062B000F280C681D781A49A88E28A950000E9F726
:1062C000BF2CB29420EFB22230E1A32EAF0C48E2F3
:1062D000E42E88EF0E94CD778E2D8A950000E9F795
:1062E000BFE1BF1508F481C08F2D807780680E94C0
:1062F000CD778B2D0E94CD778E2D8A950000E9F702
:1063000080E80E94CD7780E00E94CD778E2D8A951F
:106310000000E9F78AEF0E94CD778E2D8A95000064
:10632000E9F78E01005F1F4F8881807F0E94CD7743
:1063300089918295807F0E94CD77C017D107A1F700
:106340008E2D8A950000E9F7F394E0E1BE0EFA1075
:10635000C0CFA498D6011296CD91DC91CE010F94B6
:106360008A26811127C2DF91CF911F910F91FF9053
:10637000EF90DF90CF90BF90AF900895FB01028126
:106380001381423309F4D1C108F4D5C1463409F46C
:10639000C2C1473409F4C5C14B3329F589812B812A
:1063A000D80112966C91129713964C91213009F4F2
:1063B00018C2233009F0E2C138EF380F582F91E0AE
:1063C000431708F490E041E0531708F040E031E053
:1063D000561708F430E0592F542B352309F0F6C135
:1063E000942309F0F3C181E0BECF80EE8F0D806869
:1063F000807F0E94CD778F2D8295807F0E94CD7700
:106400008E2D8A950000E9F780E80E94CD7780E81C
:106410007BCF9C9AA4989B9AA39880910401846056
:10642000809304018091050180958470809303011D
:10643000A49A88E28A950000E9F788E790E0CEE91F
:10644000DFE0FE013197F1F70197D9F788EF0E945D
:10645000CD7718E2812F8A950000E9F780E20E944B
:10646000CD7780E00E94CD77812F8A950000E9F7F3
:1064700080E00E94CD7780E80E94CD77812F8A95B9
:106480000000E9F780E00E94CD7780E10E94CD779F
:10649000812F8A950000E9F7CE010197F1F7CE012F
:1064A0000197F1F7CE010197F1F7CE010197F1F7CE
:1064B000CE010197F1F7CE010197F1F7CE010197D7
:1064C000F1F7CE010197F1F7CE010197F1F7CE0177
:1064D0000197F1F7CE010197F1F7CE010197F1F79E
:1064E000CE010197F1F7CE010197F1F72197F1F76E
:1064F00080E20E94CD7780E40E94CD77812F8A953B
:106500000000E9F780E20E94CD7780E60E94CD7717
:106510001A950000E9F710E0D0E0C8E28D2F8077EF
:1065200080680E94CD77812F0E94CD778C2F8A952D
:106530000000E9F780E80E94CD7780E00E94CD77E7
:106540008C2F8A950000E9F78AEF0E94CD778C2F77
:106550008A950000E9F790E28091050184708093AC
:106560000301A398809105018095847080930301B5
:1065700080910501847080930301A39880910501A7
:1065800080958470809303018091050184708093CD
:106590000301A39880910501809584708093030185
:1065A00080910501847080930301A3988091050177
:1065B000809584708093030180910501847080939D
:1065C0000301A39880910501809584708093030155
:1065D00080910501847080930301A3988091050147
:1065E000809584708093030180910501847080936D
:1065F0000301A39880910501809584708093030125
:1066000080910501847080930301A3988091050116
:10661000809584708093030180910501847080933C
:106620000301A398809105018095847080930301F4
:1066300080910501847080930301A39880910501E6
:10664000809584708093030180910501847080930C
:106650000301A398809105018095847080930301C4
:1066600080910501847080930301A39880910501B6
:1066700080958470809303018091050184708093DC
:106680000301A39880910501809584708093030194
:1066900080910501847080930301A3988091050186
:1066A00080958470809303018091050184708093AC
:1066B0000301A39880910501809584708093030164
:1066C00080910501847080930301A3988091050156
:1066D00080958470809303018C2F8A950000E9F7E0
:1066E000915009F039CF88EF0E94CD778C2F8A9591
:1066F0000000E9F7DF5F105FD03209F00FCF80E0D4
:106700000E94CD7780EC0E94CD77CA950000E9F712
:10671000A49881E028CED80115968C91888381E0D9
:1067200022CEF80181818883FACFB901C8010F9484
:10673000A72681E018CE443171F0473109F053CEDD
:106740001882F80182818983858181508A838381BF
:106750008B8381E008CED80115964C91159750E0B7
:10676000440F551F70E060E016968D919C910F9438
:106770006647C8010F94A02681E0F5CD481708F4BC
:1067800032CE861708F42FCEFA80E12CD12C24309B
:1067900070F41DC0BE01C8010F94A726898198819D
:1067A0009D0D98838E0D8983FF0C09F41CCEF7FE96
:1067B000F6CFF0CF4D8150E0440F551F70E060E000
:1067C0008E819F810F94664781E0CDCDFA8030E0C5
:1067D000F901E557FD4FD08029573D4FF901E08081
:1067E000E6CF58E0580F382FEACD8F929F92AF92A4
:1067F000BF92CF92DF92EF92FF920F931F93CF93AE
:10680000DF93CDB7DEB72C970FB6F894DEBF0FBE7F
:10681000CDBF8B0140E050E068EC72E44D835E83B5
:106820006F83788740E050E060EA70E449875A87D8
:106830006B877C87813009F1823009F443C08090F6
:106840006A0290906B02A0906C02B0906D02F80109
:10685000C084D184E284F3849601A701B401C50108
:106860000F94A33F87FD02C064017501C601D701E3
:1068700089839A83AB83BC8348C0BE01675F7F4F27
:10688000C80108960E944AE4B8016C5F7F4FAE01D0
:106890004B5F5F4FC8010E9428E40E9465F32C966D
:1068A0000FB6F894DEBF0FBECDBFDF91CF911F9121
:1068B0000F91FF90EF90DF90CF90BF90AF909F909F
:1068C0008F900895F8012085318542855385609128
:1068D0006A0270916B0280916C0290916D020F942C
:1068E00036446B017C0120E030E047E853E40F942C
:1068F000A33F87FD06C0C12CD12C87E8E82E83E496
:10690000F82EC982DA82EB82FC82BE01675F7F4F7C
:10691000CE010196B7CF0F931F930F94CF24009110
:10692000C3141091C4142091C5143091C6140115DC
:10693000110521053105D9F52091C9142223A1F1B2
:10694000E091C71421502093C91421E02E0F209309
:10695000C7143091CA14231302C01092C71424E044
:10696000E29FF0011124E553FB4E00811181228149
:1069700033810093BF141093C0142093C11430933B
:10698000C214600F711F811D911D6093C314709319
:10699000C4148093C5149093C6148091C11490912F
:1069A000C214892B09F0769A1F910F910895601BEC
:1069B000710B820B930B97FDF7CF76981092C3144F
:1069C0001092C4141092C5141092C614EDCF0F93F8
:1069D0001F93CF93DF938C01EB019091C914209109
:1069E000CA14921305C00E948B340E941ECDF5CFAD
:1069F0008091C81434E0839FF0011124E553FB4ECD
:106A000011830083D383C2839F5F9093C9148F5FE8
:106A1000281739F08093C814DF91CF911F910F91FF
:106A200008951092C814F8CF63E972E084E690E00C
:106A30000E94E7346AEB72E084E690E00C94E7345D
:106A40000F931F93CF93DF938C016F3F19F4109234
:106A50009D1360E020919D13862F062E000C990B4C
:106A60002817190609F01CF560939D13C8010F94AF
:106A7000F03E800F911FEC01C01BD10BC334D10538
:106A80003CF00197FC012491207C2038D1F3F3CF16
:106A9000DD27AE01B8018AE593E10F94113FC65A94
:106AA000DC4E18821092591383E080937C02DF91B0
:106AB000CF911F910F91089580913A1682FD07C0E2
:106AC0008091B006823071F482E59FE00FC0809122
:106AD000F50A811104C088EE9AE00D94330585EF24
:106AE0009AE0FBCF813029F081E39FE06FEF0C94B7
:106AF000203586E49FE0FACF0F931F930F94CF24A5
:106B000000910A0510910B0520910C0530910D059F
:106B1000601B710B820B930B97FD0FC080910301DB
:106B200085FB882780F991E089279091030196FFE2
:106B30008260629B84608093090580910905817061
:106B40009091090591FD826090910805981749F090
:106B5000813009F148F0823079F0833091F08093F0
:106B600008051F910F910895913079F09230B9F78F
:106B70009091070591500CC0992339F09330C1F3DF
:106B8000EECF9130A9F3923051F7909107059F5FB6
:106B900090930705E4CF992359F3933001F7F5CF8C
:106BA000CF93DF9381E08093DC03E8EBF3E186E1B0
:106BB0009FE09183808313821282E4E0F1E0808180
:106BC0008F7D8083C5E0D1E0888180958072A3E0CD
:106BD000B1E08C9380818F7B8083888180958074E5
:106BE0008C936A98729A54985C9A82E08093040518
:106BF0000E947C3510920705DF91CF910895209176
:106C00005602309157022F503109821793070CF426
:106C10009C013093CB132093CA130D94DB24EF9285
:106C2000FF920F931F93CF93DF9300D000D000D03B
:106C30001F921F92CDB7DEB77C012091D404422F62
:106C4000022E000C550B8091D5048230A1F18330C7
:106C500059F187E399E05F932F939F938F938E0170
:106C60000F5F1F4F1F930F930F943A3FC7010E946E
:106C7000FF3581E080930505C8010E94389A109283
:106C800005050F900F900F900F900F900F902B967F
:106C90000FB6F894DEBF0FBECDBFDF91CF911F912D
:106CA0000F91FF90EF90089583E499E027FDD3CFF3
:106CB0008EE299E0D0CF8CE499E0CDCFE091D4047E
:106CC00087E1E802F0011124EE53FC4E80859185A6
:106CD0000C940F36282F1092C40A8091AE13909115
:106CE000AF138130904820F01092AF131092AE1382
:106CF0008091F904882331F08091AE138093BD0A0E
:106D00001092A9138091AC131816BCF4082E000C35
:106D1000990B821B91092091BD0A022E000C330BA6
:106D20002817390754F097FF02C090E080E0809365
:106D3000BD0A9093AF138093AE138091BD0A662372
:106D4000A9F09091AD13891714F48093AD1320919D
:106D5000AD13022E000C330B2C5F3F4F482F082E33
:106D6000000C550B241735071CF484508093AD1389
:106D70000895FF920F931F93CF93DF9361E081E01B
:106D80000E946A36C091AD1315E01C0F81E0D2E07D
:106D9000DC1B082F0C1BFC2EF194C11126C088238C
:106DA00089F08091BD0A18166CF02091AE133091D5
:106DB000AF132F5F3F4F3093AF132093AE138F5F0E
:106DC0008093BD0A80917C02882339F020E041E065
:106DD0006FEB79E08F2D0F94261D80E0CF5F1C13A1
:106DE000DCCF83E08093AC1321C0C13029F59091B2
:106DF000BD0A913079F080917C02882371F381E0A3
:106E0000913009F080E020E244EB59E0602F0F94CC
:106E1000641DE3CF8091C50A1092C50A882359F3F7
:106E2000C093D5038091A913882329F3DF91CF91D3
:106E30001F910F91FF900895C23079F69091BD0A8D
:106E4000923069F080917C02882339F281E092309F
:106E500009F080E020E240EA59E06D2FD8CF809120
:106E6000C50A1092C50A882369F3C093D50380919F
:106E7000A913882339F3DACF4F925F926F927F92F2
:106E80008F929F92AF92BF92CF92DF92EF92FF923A
:106E90000F931F93CF93DF934C016B015A0160E076
:106EA00085E00E946A367090AD1303E0C114D104EE
:106EB00009F402E0D72D8EE0E82EF12C92E0492E65
:106EC0002EE3522E35E0632E1D2F1719D111CCC0A1
:106ED00080917C02882389F08091020262EE79E041
:106EE000823031F062ED79E0833011F060EC79E0CE
:106EF00021E041E0812F0F94261DC02FA114B10481
:106F000001F10D130AC080917C02882331F020E04A
:106F100041E0B501812F0F94261DC02FCF5F81E086
:106F200090E0C114D10411F490E080E021E030E061
:106F3000A114B10411F430E020E0820F931F0297F6
:106F400071F0CD130BC080917C02882339F020E0D2
:106F500041E06BEF79E0812F0F94261DCF5FCD13B9
:106F600066C080917C02882309F45FC021E040E084
:106F700060EF79E0812F0F94261D1091D60393EFD7
:106F80009E0D9093D4038EEF8E0D8093370B20913E
:106F900015152E151F0411F00CF047C02091171580
:106FA000921708F042C0509218158093191565E4A5
:106FB00070E080E090E00E94F37861E3610F062EBC
:106FC000000C770B880B990B0E94F37860E270E05D
:106FD00080E090E00E94F3786091C6137091C7132F
:106FE0008091C8139091C9130F94A245CB010E94C0
:106FF000D4F00E94107A6FE270E080E090E00E948E
:10700000F3780E94BF2D811108C0619EF001112408
:10701000ED55FC4E8481811108C08091CA13909176
:10702000CB130E94D4F00E94107A40927C028CE034
:10703000E80EF11CDF5F8AE4E816F10409F044CFA2
:10704000CF5FC093AC13DF91CF911F910F91FF9051
:10705000EF90DF90CF90BF90AF909F908F907F90F8
:107060006F905F904F900895D13049F480917C02E9
:10707000882309F442CF20E041E0B4013BCFC114A2
:10708000D10409F43ACFD23009F037CF80917C0295
:10709000882331F020E041E0B601812F0F94261DB6
:1070A000C3E0A114B10409F039CF39CF50E040E07A
:1070B00070E060E08DEF99E00C943C3748E05AE0D6
:1070C00061E17AE081E29AE00C943C3750E040E0E4
:1070D0006AE27AE08AE39AE00C943C3750E040E0C0
:1070E00061EC7AE081ED9AE00C943C374DE75AE090
:1070F00069E87AE08AE99AE00C943C3750E040E095
:107100006AEA7AE088EB9AE00C943C3750E040E081
:107110006CEE7AE08BEF9AE00C943C3750E040E064
:107120006EED7AE08BEE9AE00C943C3750E040E054
:1071300061E67AE080E79AE00C943C3750E040E06A
:1071400063E47AE082E59AE00C943C37E091AA137C
:10715000E63000F581E08E0F8093AA138091AE1384
:107160009091AF13B0E0A0E03091AD132091AC133B
:1071700048E0E49FF0011124E156FB4F4091DB14FD
:107180005091DC145183408382839383A483B5831D
:10719000368327830895CF93DF93EC010E94A638AE
:1071A00040E060E0CE01DF91CF910D94470440E0D4
:1071B00060E089E49BE60D9447041092DD03109291
:1071C000580280913A16806280933A168FE59FE0CC
:1071D0000F943D030E9492EC60E086E69FE00E94DF
:1071E00020350C94D7384F925F926F927F928F9296
:1071F0009F92AF92BF92CF92DF92EF92FF920F9346
:107200001F93CF93DF9300D01F92CDB7DEB70F94BB
:10721000CF244B015C01809103028F3F09F441C0F0
:107220000F94CF240091F5041091F6042091F704F7
:107230003091F804601B710B820B930B97FD31C0EA
:1072400080919D1490919E148F5F8F70891749F1E2
:10725000E091030224E0E202F0011124E856FD4F20
:1072600020E030E040E752E46081718182819381C7
:107270000F94304569837A838B839C83C12CD12CF6
:1072800076018E010F5F1F4F2EE632E04AE652E094
:1072900066E672E082E692E00F9449198FEF8093E0
:1072A00003020E947C358091090582FF37C08091DE
:1072B0000605811135C091E0909306052091DD030C
:1072C000211103C08091050589278093C50A10927A
:1072D000DD0383E080937C02109209050F94CF2494
:1072E0006C507E4F8F4F9F4F60930A0570930B0534
:1072F00080930C0590930D0568E873E182E090E0BF
:107300000E94E73416E0115059F00E948B3462E07D
:1073100070E080E090E00F949C24F5CF1092060579
:1073200099B181E0292F207194FD80E0109104052E
:107330001817C1F18093040521118AC064EF71E030
:1073400080E090E00E9461800F94072D60E083E26E
:107350009FE0123009F089C0109221150F94482C3B
:1073600081E08093DC0386E19FE09093B9138093E2
:10737000B8131092BB131092BA1383E080937C026F
:107380000F94CF244B015C01DC01CB018C599F4F42
:10739000AF4FBF4F8093000590930105A093020566
:1073A000B09303058091000590910105A09102051D
:1073B000B0910305A5019401281B390B4A0B5B0B07
:1073C000DA01C901B7FF05C08091A813882309F429
:1073D000D3C1D501C4018C599F4FAF4FBF4F80938C
:1073E000000590930105A0930205B09303056091F9
:1073F0000705062E000C770B77FF03C0719561958A
:107400007109062E000C770B880B990B0F94AA3F7D
:107410002B013C0120E030E040E050E40F94964620
:1074200087FF26C08091C50A811197C08091DB1427
:107430009091DC143BE68934930709F000C18091F8
:107440005902882309F49BC0815080935902A6C039
:107450000F94522C80913A16877F80933A161230FF
:1074600009F47ECF60E086E19FE00E94203578CF6E
:107470008091C40A21E030E040E050E0882309F424
:1074800053C0C090C00AD090C10AE090C20AF090E8
:10749000C30AC114D104E104F104D1F120E030E0C9
:1074A00040E05FE3C301B2010F9409402B013C01AE
:1074B000C501B4016C197D098E099F090F94A83F7D
:1074C0009B01AC01C301B2010F94304520E030E0D4
:1074D0004AE754E40F9409406B017C0120E030E05E
:1074E00040EA52E40F94964624E630E040E050E053
:1074F00087FF12C020E030E040EF51E4C701B60141
:107500000F9496462AE030E040E050E087FF04C048
:1075100021E030E040E050E08092C00A9092C10A41
:10752000A092C20AB092C30AA09107050A2E000CCD
:10753000BB0B0F94E24322E030E040E050E00F94B8
:10754000B8438091AE139091AF13280F391F309339
:10755000AF132093AE1310920705D501C4018856CE
:10756000954CAF4FBF4F8093FC049093FD04A093C4
:10757000FE04B093FF0481E080937C0257CF8CE03F
:10758000809359028091FA049091FB0401979093A3
:10759000FB048093FA0481E080937C0280916F0069
:1075A000282F227081FF05C080916F008D7F80930E
:1075B0006F008091720B9091730BA091740BB0913E
:1075C000750B222329F020916F00226020936F0019
:1075D0003AE0B695A795979587953A95D1F7009794
:1075E00051E0A507B10520F08FEF9FEFA0E0B0E0DC
:1075F0009695879520917C0221114CC03091A8135B
:107600003111E8C08091DB149091DC1489549B46C1
:1076100009F4C7C08091AB138111C3C08091FC04F1
:107620009091FD04A091FE04B091FF04881A990A7C
:10763000AA0ABB0AB7FCC3C00E94D738C0C08B508F
:107640009C4309F0ABCF809159028111FDCE84E0BB
:10765000809359028091E60A8F5F8093E60A9091A9
:10766000E70A981728F41092E60A8CE080935902F2
:1076700081E080937C02D501C4018856954CAF4FC0
:10768000BF4F8093FC049093FD04A093FE04B0933D
:10769000FF0484CF009741F04091FA045091FB041D
:1076A0004817590708F0AECF8091A813811111C077
:1076B000223030F02430C8F1243011F410927C02D2
:1076C0008DED94E10E94C17881E08093F90480936C
:1076D000A81383E00E94877881E080930115E091F0
:1076E000DB14F091DC1419951092F9048091A81321
:1076F00081111FC01092C50A0F94CF24DC01CB0169
:1077000088199909AA09BB090091FA041091FB0490
:1077100030E020E0081719072A073B0708F072CF6E
:107720009093FB048093FA046DCF81E080937C02F8
:10773000C7CF81EE94E10F948A2991E0811101C0B5
:1077400090E09093A8138823A9F20F94CF24DC0132
:10775000CB0188199909AA09BB098090FA04909075
:10776000FB04B12CA12C88169906AA06BB0620F4AE
:107770009093FB048093FA040F900F900F900F905A
:10778000DF91CF911F910F91FF90EF90DF90CF90FD
:10779000BF90AF909F908F907F906F905F904F9031
:1077A000089538E9830E3AE3931EA11CB11C809220
:1077B000FC049092FD04A092FE04B092FF0480911C
:1077C000A8138111D9CF80917C028130A9F6109243
:1077D0007C02D2CF009709F47CCF5ECF88EE9AE08E
:1077E0000F946B2C0E94D7380C945C35E091AA134F
:1077F000EE2379F0E150E093AA1388E0E89FF001CE
:107800001124E156FB4F47816681808191810D945F
:1078100047040C94D7385F926F927F928F929F9219
:10782000AF92BF92CF92DF92EF92FF920F931F938E
:10783000CF93DF93CDB7DEB76B970FB6F894DEBF6B
:107840000FBECDBF01E00093CB0810925C081092F0
:107850005B0884EF93E10E947CC48BE1E4EFF3E1E9
:10786000DE01119601900D928A95E1F750E040E01B
:10787000BE016F5F7F4F90E080E00F94182ECE0125
:1078800001960E94D4C5A0905B08B0905C0861E0AE
:1078900081E00E946A361091AD13612E85E0782E4A
:1078A000710E512E5194450181E0881A9108F02EF5
:1078B000F11A111114C08091BD0A882309F45EC029
:1078C00080917C02882359F081E09091BD0A91114A
:1078D00080E024E04EE55DE0652D0F94641D68EEC8
:1078E0007AE084EF93E10E94DAC58091E80A8F3252
:1078F00009F479C080913A1683FF75C0113009F000
:1079000070C09091BD0A913009F05CC08091C50AA9
:107910001092C50A882309F455C080913016882337
:10792000C1F0815080933016EFE0F4E1882351F0EC
:107930008150990B2BE1289FF001299FF00D112414
:10794000EE5DFA4E8BE1A4EFB3E101900D928A95C2
:10795000E1F781E090E020913016211102C090E023
:1079600080E09093AF138093AE131092AD1381E03B
:107970008093A91383E080937C020EC08091C50A96
:107980001092C50A882309F49BCF0E94F63B809190
:10799000A913882309F494CF6B960FB6F894DEBF31
:1079A0000FBECDBFDF91CF911F910F91FF90EF9050
:1079B000DF90CF90BF90AF909F908F907F906F900F
:1079C0005F90089580917C02882309F4AEC081E025
:1079D000913009F080E020E24AE55DE06F2D0F94E0
:1079E000641D82E001C081E090917C02992309F43A
:1079F0009DC0082FD12CC12CE12EE618802FCA146F
:107A0000DB0409F493C001136FC070E060E0C401AF
:107A10008C199D090F94B92F80913A169091BD0A47
:107A200084FF67C0901355C08091C50A1092C50AA3
:107A3000882309F44EC019821C828091F7136FE0ED
:107A400074E1882311F064EF73E121E048EE5AE01D
:107A5000CE0101960E94F5C8882379F18BE1FE01E1
:107A60003196A4EFB3E101900D928A95E1F7A091D0
:107A70003016AA3080F481E08A0F809330168BE1B3
:107A80008A9FD0011124AE5DBA4EE4EFF3E101907C
:107A90000D928A95E1F7CE0101960E94D4C510920D
:107AA000AD1382E090E09093AF138093AE1381E02A
:107AB0008093A9131092A8135DCF0E94588668EE98
:107AC0007AE084E49DE00E94F7848AE00E941584B5
:107AD000E2CF80917C02882339F081E0911380E02D
:107AE00041E06E2D0F949E1D8FEFC81AD80A0F5FCC
:107AF00085CF901759F080917C028823A9F381E00B
:107B00009091BD0A911380E040E0EBCF8091C50ACF
:107B10001092C50A882379F389E09FE20E94CB384E
:107B20008091A913882339F337CF82E01F5F711248
:107B3000C0CE8093AC1330CF4F925F926F927F9202
:107B40009F92AF92BF92CF92DF92EF92FF920F93EC
:107B50001F93CF93DF9361E081E00E946A36C0916A
:107B6000AD13DC2F85E0982E9C0E88E0F82EFC1AD1
:107B700087E0E82EEC1A86E0D82EDC1A85E0C82EC5
:107B8000CC1A412C512C32014A9484E0B82EBC1AF4
:107B900082E0A82EAC1AC11132C08091BD0A8823A0
:107BA00091F080917C02882309F448C06D2F619583
:107BB00081E09091BD0A911180E024E04EE15EE009
:107BC0000F94641D3BC08091C50A1092C50A88239A
:107BD00041F30E94F63B8091A913882311F3DF91B2
:107BE000CF911F910F91FF90EF90DF90CF90BF90BA
:107BF000AF909F907F906F905F904F900895C130AD
:107C0000D9F58091BD0A813001F180917C028823F1
:107C1000A9F011E08091BD0A813009F010E0809157
:107C20001802909119020E94D4F061E06D1B00E0EF
:107C30009C0142E15EE0812F0E948C7ACF5F9C1212
:107C4000AACF89E08093AC13CACF8091C50A109265
:107C5000C50A8823D1F210E000E027EE33E04AE0C5
:107C600050E068E172E088E19EE00F94B61E8091DA
:107C7000A913882351F2B3CFC23009F04CC18091CF
:107C8000BD0A8230B1F080917C028823B9F211E004
:107C90008091BD0A823009F010E08091CA13909162
:107CA000CB130E94D4F000E09C0144E05EE06A2D1A
:107CB000C2CF8091C50A1092C50A882321F30F9480
:107CC000B82000E01FE222E231E050E040E06AEC40
:107CD00073E18BE09EE00F94B61E8091A913882378
:107CE00091F27DCF8091BD0A8330C1F080917C02FA
:107CF000882309F4A3CF11E08091BD0A833009F0F5
:107D000010E080915A0790915B070E94D4F063E0E5
:107D10006D1B00E09C014CEF5DE08DCF8091C50AAA
:107D20001092C50A882311F30F94B8200DE310ECCC
:107D30002CE830E050E040E06AE577E080E09EE04B
:107D40000F94B61E8091A913882381F248CF8091A9
:107D5000BD0A8430A9F080917C02882309F46ECF9B
:107D600011E08091BD0A843009F010E08091D903C0
:107D70000E9409F100E09C0144EE5DE06B2D5BCFB9
:107D80008091C50A1092C50A882329F30F94B82060
:107D90000091D90310E00E94A63883E080937C0212
:107DA00080EF9DE09093D40A8093D30A89ED93E00D
:107DB0009093D20A8093D10A1092CD0A1092CE0AE3
:107DC0001092CF0A1092D00A4092C90A5092CA0A61
:107DD0006092CB0A7092CC0A1093AF130093AE134B
:107DE00083E198E59093DC148093DB1480ED9BE2B3
:107DF0009093C80A8093C70A1092C60A8091A9136B
:107E0000882309F4A8CFEBCE8091BD0A8530B9F064
:107E100080917C02882309F411CF11E08091BD0A82
:107E2000853009F010E080911302909114020E94B5
:107E3000D4F000E09C014AED5DE06C2DFCCE809119
:107E4000C50A1092C50A882319F305ED1BE227EE37
:107E500033E04AE050E063E172E08FED9DE00F9483
:107E6000B61E8091A913882399F2B9CE8091BD0ADC
:107E7000863081F080917C02882309F4DFCE81E096
:107E80009091BD0A963009F080E023E04FEC5DE070
:107E90006D2D96CE8091C50A1092C50A882351F3A4
:107EA0008BE39EE20E94CB388091A913882311F3C3
:107EB00096CE8091BD0A873081F080917C02882324
:107EC00009F4BCCE81E09091BD0A973009F080E0C2
:107ED00023E044EC5DE06E2D73CE8091C50A1092D4
:107EE000C50A882351F38DE29EE20E94CB3880912F
:107EF000A913882311F373CE8091C50A1092C50A85
:107F00008823F9F08FE598E50E94CB388091A9137A
:107F10008823B9F064CEC33009F4E4CEC43009F448
:107F200016CFC53009F470CFC63009F49FCFC730E3
:107F300009F4BFCFC83009F081CE8091BD0A8830E6
:107F4000D9F280917C02882309F478CE81E0909167
:107F5000BD0A983009F080E023E045EB5DE06F2D2D
:107F60002FCE2F923F924F925F926F927F928F927D
:107F70009F92AF92BF92CF92DF92EF92FF920F93B8
:107F80001F93CF93DF9300D000D0CDB7DEB761E071
:107F900081E00E946A362091AD132E832A83822FBE
:107FA0008B5F898389EDE82E83E0F82E98E7C92E50
:107FB0009DE0D92E412C512C32014A9449E1A42E46
:107FC00048E5B42E50ED852E5BE2952E83E0382EE9
:107FD000321A82E0821B8B8381E0821B8C83222EEB
:107FE00021942E81211153C08091BD0A882351F123
:107FF00080917C02882359F081E09091BD0A911113
:1080000080E024E04AE95DE0622D0F94641D8091D8
:108010005A0790915B07892B39F48091CA1390918C
:10802000CB13892B09F40DC19E81943009F4E0C073
:1080300085E09E819F5F9E8329819213D2CF80939A
:10804000AC130CC08091C50A1092C50A882381F236
:108050000E94F63B8091A913882351F226960FB611
:10806000F894DEBF0FBECDBFDF91CF911F910F916E
:10807000FF90EF90DF90CF90BF90AF909F908F9048
:108080007F906F905F904F903F902F9008958E81DA
:108090008130C1F58091BD0A8130D9F080917C0298
:1080A000882309F4B4CF91E09D838091BD0A81308B
:1080B00009F01D828091CA139091CB130E94D4F0D5
:1080C00000E09C014CE85DE06C818D810E948C7A1F
:1080D0009ECF8091C50A1092C50A8823F9F20F94A9
:1080E000B82000E01FE222E231E050E040E06AEC1C
:1080F00073E183E99DE00F94B61E8091A913882354
:1081000069F2ACCF2E81223009F09DC08091BD0A6A
:108110008230C1F080917C02882309F478CF81E01D
:108120008D838091BD0A823009F01D8280915A07AB
:1081300090915B070E94D4F000E09C0144E85DE070
:108140006B81C3CF8091C50A1092C50A882311F3B1
:108150000F94B8200DE310EC2CE830E050E040E044
:108160006AE577E088E89DE00F94B61E8091A91338
:10817000882381F273CF8091C50A1092C50A8823A3
:1081800009F46AC00F94B8209091D903092F10E028
:108190000E94A6382E8120937C02D092D40AC092ED
:1081A000D30AF092D20AE092D10A1092CD0A10922C
:1081B000CE0A1092CF0A1092D00A4092C90A509269
:1081C000CA0A6092CB0A7092CC0A1093AF13009344
:1081D000AE13B092DC14A092DB149092C80A809285
:1081E000C70A1092C60A8091A9138823A9F136CF35
:1081F0008091BD0A8430A1F080917C02882309F42B
:1082000017CF64E02A81621B81E09091BD0A94300F
:1082100009F080E020E243E65DE00F94641D08CFA2
:108220008091C50A1092C50A882331F30E9491807B
:108230000E9426CA0E94D7388091A9138823E1F2B0
:108240000DCF84E0F6CE8E81833009F0E0CE8091B0
:10825000BD0A833009F48FCF80917C02882309F412
:10826000D6CE81E08D838091BD0A833009F01D82D6
:108270008091D9030E942BF100E09C014CE65DE067
:10828000632D23CF2F923F924F925F926F927F92F6
:108290008F929F92AF92BF92CF92DF92EF92FF9216
:1082A0000F931F93CF93DF9300D01F92CDB7DEB70C
:1082B00061E081E00E946A362091AD132B83B22EDB
:1082C0002B5F29832CED822E2CE0922E86E08B19D9
:1082D0008A835524539485E0A82EAB1884E0782E29
:1082E0007B1833E0432E342C3B1882E0682E6B1849
:1082F000252C2B188B818111A1C08091BD0A882368
:1083000009F477C080917C02882361F06B2D619520
:1083100081E09091BD0A911180E024E043E25DE0AC
:108320000F94641D809131078770873009F050C128
:108330008091B7069091B806892B09F473C18B819F
:10834000873009F072C19091400B9C838091BD0AE7
:10835000873081F48091C50A1092C50A882351F0B4
:1083600095259C8340927C020E94412F8091A91305
:1083700081114DC080917C02882309F478C12C8141
:10838000222309F422C122EC3CE067E06B1981E072
:108390009091BD0A973009F080E001E045EC5CE087
:1083A0000E948C7A88E08C838C818F5F9B818913FB
:1083B00015C09091BD0A2B81921709F45BC1809181
:1083C0007C02882359F06B816B1981E02B81921319
:1083D00080E020E241E95CE00F94641D8B818F5FB7
:1083E0008B839981981386CF2C812E5F2093AC13B9
:1083F0000EC08091C50A1092C50A882309F482CF65
:108400000E94F63B8091A913882309F47BCF0F903B
:108410000F900F900F90DF91CF911F910F91FF90D0
:10842000EF90DF90CF90BF90AF909F908F907F9014
:108430006F905F904F903F902F9008959B81913067
:1084400019F58091BD0A813081F080917C028823EA
:1084500009F468CF81E09091BD0A913009F080E085
:1084600023E049E15DE0622D5BCF8091C50A109267
:10847000C50A882351F38DE693E40E94CB3880919E
:10848000A913882311F3C3CF2B81223009F005C132
:108490009091BD0A923071F080917C02882309F49A
:1084A00041CF81E0923009F080E020E24BE05DE0D6
:1084B000662D36CF8091C50A1092C50A882361F3D4
:1084C00025E13DE03093D5082093D4088091A9138D
:1084D000882311F39CCF9091BD0A933071F0809165
:1084E0007C02882309F41ECF81E0933009F080E0FC
:1084F00020E24EEF5CE0632D13CF8091C50A10920D
:10850000C50A882361F325E03DE03093D508209328
:10851000D4088091A913882311F379CF9091BD0AD3
:10852000943071F080917C02882309F4FBCE81E0C5
:10853000943009F080E020E241EF5CE0672DF0CE5E
:108540008091C50A1092C50A882361F328EF3CE0A8
:108550003093D5082093D4088091A913882311F370
:1085600056CF9091BD0A953071F080917C0288239E
:1085700009F4D8CE81E0953009F080E020E244EEA5
:108580005CE06A2DCDCE8091C50A1092C50A882381
:1085900061F32BEE3CE03093D5082093D408809112
:1085A000A913882311F333CF8091C50A1092C50A0D
:1085B000882309F484C09092D5088092D4088091D1
:1085C000A913882309F47BC022CF2EEB3CE0DDCE3B
:1085D00097E09C839C812B819213E6CE8091BD0A0B
:1085E000891731F180917C02882309F4DDCEFB806C
:1085F000FB1811E08091BD0A9B81891310E0609106
:10860000B0137091B1138091B2139091B3130E9483
:10861000AC2E00E09C0146EA5CE06F2D812F0E94A9
:108620008C7AC2CE27E02C83D5CF88E08C83D2CF42
:108630008091C50A1092C50A8823A1F20F94B82030
:1086400087E4C82E8FE2D82EE12CF12C08EC12E43E
:1086500020E030E0A90160EB73E182EB9CE00F9435
:108660005E1F8091A913882309F4BCCFD0CE28E0E7
:108670002C839ACE8091C50A1092C50A882309F4EA
:108680009ECE22EA3CE03093D5082093D408809116
:10869000A913882309F493CEBACE8B81833009F4D1
:1086A0001ACF843009F43ACF853009F45ACF863096
:1086B00009F038CE9091BD0A963009F475CF8091BB
:1086C0007C02882309F42ECE81E0963009F080E008
:1086D00020E242ED5CE06A8123CEAF92BF92CF925E
:1086E000DF92EF92FF920F931F93CF93DF9361E09E
:1086F00081E00E946A36C091AD13BC2E85E0E82E61
:10870000EC0EAC2EA1949FE6C92E9CE0D92E11E070
:108710001C1B03E00C1B82E0F82EFC1AC11113C0D5
:108720008091BD0A882369F180917C02882359F0E9
:1087300081E09091BD0A911180E024E048E85CE07E
:108740006A2D0F94641D809131078770873009F07E
:1087500089C0C130E1F58091BD0A813049F1809135
:108760007C02882361F081E09091BD0A913009F08C
:1087700080E023E041E85CE0612F0F94641DD4E0C9
:108780007DC08091C50A1092C50A882369F20E94B3
:10879000F63B8091A913882339F2DF91CF911F9185
:1087A0000F91FF90EF90DF90CF90BF90AF90089522
:1087B0008091C50A1092C50A882389F282E59FE25A
:1087C0000E94CB388091A913882349F2E6CFC230AA
:1087D00011F58091BD0A823079F080917C02882366
:1087E00071F281E09091BD0A923009F080E023E0BF
:1087F0004AE75CE06F2DC1CF8091C50A1092C50A8F
:10880000882359F387E59FE20E94CB388091A91312
:10881000882319F3C2CFD4E0C33009F050C080914F
:10882000BD0A833081F080917C02882309F4A7CFB0
:1088300081E09091BD0A933009F080E023E043E7A6
:108840005CE0602F9ACF8091C50A1092C50A8823F8
:1088500051F38CE59FE20E94CB388091A9138823C5
:1088600011F39BCFD2E0C13051F59091BD0A913008
:1088700061F080917C02811117C0D2E0CF5FCE11F0
:108880004DCFDF5FD093AC1388CF8091C50A109293
:10889000C50A882371F3D092D508C092D40880917C
:1088A000A913882331F379CF81E0913009F080E07A
:1088B00020E245E65CE0612F0F94641DDECFDC13FF
:1088C000DDCF8091BD0A8D1789F080917C028823CD
:1088D000A9F26C2F6B1981E09091BD0A9C1380E086
:1088E00023E04BE55CE00F94641DC8CF8091C50A7E
:1088F0001092C50A882349F381E69FE20E94CB3893
:108900008091A913882309F348CFBF92CF92DF92B9
:10891000EF92FF920F931F93CF93DF9361E081E07B
:108920000E946A36C091AD131C2F85E0C82ECC0E74
:1089300002E00C1B81E0F82EFC1ABC2EB19483E0FF
:10894000E82EEC1AC1117AC08091BD0A882309F47F
:108950005DC080917C02882359F081E09091BD0A2E
:10896000911180E024E049E259E06B2D0F94641DE1
:108970000E94082CD82E81112CC1C33009F019C1D6
:108980008091BD0A833009F4A4C080917C028111DA
:10899000B1C0D4E081E08D0FD11032C08C1315C06E
:1089A0008091BD0A8C1709F4D9C080917C0288237C
:1089B00061F06C2F611B81E09091BD0A9C1380E0F7
:1089C00020E242ED58E00F94641D82E08D0F8C137D
:1089D00015C08091BD0A8C1709F4DAC080917C0221
:1089E000882361F06C2F611B81E09091BD0A9C137C
:1089F00080E020E240EE58E00F94641D83E08D0F8C
:108A0000CF5FCC119FCF8093AC130EC08091C50A6D
:108A10001092C50A882309F49CCF0E94F63B8091EE
:108A2000A913882309F495CFDF91CF911F910F915E
:108A3000FF90EF90DF90CF90BF900895C13019F56F
:108A40008091BD0A813081F080917C02882309F4F5
:108A50008FCF81E09091BD0A913009F080E023E052
:108A600047E159E06F2D82CF8091C50A1092C50A67
:108A7000882351F38BE398E40E94CB388091A913AB
:108A8000882311F3D1CFC23009F072CF8091BD0A93
:108A9000823081F080917C02882309F469CF81E0E3
:108AA0009091BD0A923009F080E023E048E059E05F
:108AB000602F5CCF8091C50A1092C50A882351F3BC
:108AC0008FE598E50E94CB388091A913882311F394
:108AD000ABCF8091C50A1092C50A882309F455CFFF
:108AE00080EB99E40E94CB388091A913882309F484
:108AF0004CCF9ACF81E09091BD0A933009F080E08D
:108B000023E040E059E06E2D0F94641D42CF809128
:108B1000C50A1092C50A882309F455C00E9448E886
:108B2000882341F00E9414358091A913882309F409
:108B30004AC07ACF68EB71E084E190E00E94E734AC
:108B4000F3CF6C2F611B81E09091BD0A9C1380E0F4
:108B500020E241EF58E00F94641D39C08091C50AAE
:108B60001092C50A882309F420CF0E9475FF88233C
:108B700041F00E9414358091A913882309F415CF80
:108B800053CF68EB71E084E190E00E94E734F3CFCB
:108B90008091C50A1092C50A882309F41FCF0E944C
:108BA00094F40E9414358091A913882309F416CFF8
:108BB0003BCF85E0D4E0C43009F0F0CE8091BD0A0F
:108BC0008C1709F4A4CF80917C028111BACFDC2FDD
:108BD000E1CE84E0C33009F013CFF0CFFF920F93C2
:108BE0001F93CF93DF9361E081E00E946A36C091CA
:108BF000AD1305E00C0FD5E0DC1B11E01C1BFC2EB7
:108C0000F194C1112CC08091BD0A8823B1F08091EC
:108C10007C02882359F081E09091BD0A911180E097
:108C200024E048E35BE06F2D0F94641DCF5F0C13CD
:108C3000E8CF86E08093AC130CC08091C50A1092F7
:108C4000C50A882321F30E94F63B8091A91388234B
:108C5000F1F2DF91CF911F910F91FF900895C130F4
:108C600011F58091BD0A813079F080917C028823D2
:108C7000E9F281E09091BD0A913009F080E023E0B3
:108C800047E25BE0612FD0CF8091C50A1092C50A00
:108C9000882359F385E89FE20E94CB388091A9137D
:108CA000882319F3D6CFC53009F68091BD0A8530E7
:108CB00081F080917C02882309F4B8CF81E0909103
:108CC000BD0A953009F080E023E041E25BE06D2FC2
:108CD000ABCF8091C50A1092C50A882351F388E76B
:108CE00096E40E94CB388091A913882311F3B1CF69
:108CF000EF92FF920F931F93CF93DF9361E081E098
:108D00000E946A36C091AD1385E0F82EFC0ED3E0C8
:108D1000DC1B12E01C1B01E00C1BEC2EE194C111CA
:108D20002DC08091BD0A8823B1F080917C028823F8
:108D300059F081E09091BD0A911180E024E04CE16E
:108D40005BE06E2D0F94641DCF5FFC12E8CF84E0D2
:108D50008093AC130CC08091C50A1092C50A882379
:108D600021F30E94F63B8091A9138823F1F2DF9151
:108D7000CF911F910F91FF90EF900895C13011F5A1
:108D80008091BD0A813079F080917C028823E1F2E4
:108D900081E09091BD0A913009F080E023E043E149
:108DA0005BE0602FCFCF8091C50A1092C50A88235F
:108DB00059F384E89EE20E94CB388091A91388235E
:108DC00019F3D5CFC23091F58091BD0A823081F080
:108DD00080917C02882309F4B7CF81E09091BD0A8D
:108DE000923009F080E023E04AE05BE0612FAACFF7
:108DF0008091C50A1092C50A882351F38AEE94E641
:108E00000E94CB388091A913882311F3B0CF8091B1
:108E1000C50A1092C50A882381F089E191E30E9476
:108E2000CB388091A913882341F0A1CFC33009F03A
:108E30008BCF8091BD0A833051F380917C028823CF
:108E400009F482CF81E09091BD0A933009F080E06F
:108E500023E044E05BE06D2F75CFBF92CF92DF92AD
:108E6000EF92FF920F931F93CF93DF9381E0809354
:108E7000D5041092D40461E00E946A36C091AD130B
:108E800085E0D82EDC0E81E0D4E0DC1B93E0F92EE7
:108E9000FC1A92E0E92EEC1AC82ECC1ABC2EB19422
:108EA000C11126C0882389F08091BD0A18166CF084
:108EB0002091AE133091AF132F5F3F4F3093AF131C
:108EC0002093AE138F5F8093BD0A80917C0288232C
:108ED00039F021E041E065E579E08B2D0F94261D06
:108EE000CF5F80E0DC12DCCF85E08093AC1323C041
:108EF000C13059F58091BD0A813089F080917C02A2
:108F0000882371F381E09091BD0A913009F080E0EF
:108F100024E04BE959E06C2D0F94641DE1CF809162
:108F2000C50A1092C50A882349F30E94F63B809136
:108F3000A913882319F3DF91CF911F910F91FF900F
:108F4000EF90DF90CF90BF900895C23009F069C0D4
:108F50008091BD0A823081F080917C02882309F4DF
:108F6000BFCF81E09091BD0A923009F080E020E20D
:108F700040E859E06E2DD0CF8091C50A1092C50A05
:108F8000882351F38091C9069091CA060E940F363A
:108F90008091A913882301F3CECF8091BD0A83303D
:108FA00081F080917C02882309F49ACF81E090912E
:108FB000BD0A933009F080E020E244E759E06F2DCC
:108FC000ABCF8091C50A1092C50A882351F38091D6
:108FD000CB069091CC060E940F368091A91388236E
:108FE00001F3A9CF8091C50A1092C50A882319F10F
:108FF0000F94B8206091D40437E16302B0011124CA
:1090000066537C4E0EE516E322E231E048E750E07D
:1090100085E699E00F94B61E8091A913882359F034
:109020008ACFC33009F4B9CFC43009F059CF809149
:10903000BD0A8430B9F280917C02882309F450CFB4
:1090400011E08091BD0A843009F010E02091D40431
:1090500037E12303F0011124EE53FC4E8085918506
:109060000E94D4F000E09C014CE859E06D2F812F64
:109070000E948C7A35CFBF92CF92DF92EF92FF920F
:109080000F931F93CF93DF9361E081E00E946A36D4
:10909000C091AD131C2F85E0C82ECC0E03E00C1B35
:1090A00082E0F82EFC1A81E0E82EEC1ABC2EB19476
:1090B00084E0D82EDC1AC11177C08091BD0A8823C4
:1090C00009F45AC080917C02882359F081E0909184
:1090D000BD0A911180E024E04EE358E06B2D0F941F
:1090E000641D0E94082C8111D9C0D5E0C43009F05C
:1090F000D6C08091BD0A843009F4B2C080917C0250
:109100008111BFC0D5E081E08D0F8C1315C0809117
:10911000BD0A8C1709F4EAC080917C02882361F0B3
:109120006C2F611B81E09091BD0A9C1380E023E0CD
:1091300045E058E00F94641D82E08D0F8C1315C03C
:109140008091BD0A8C1709F4E2C080917C028823CB
:1091500061F06C2F611B81E09091BD0A9C1380E04F
:1091600023E04CEF57E00F94641DCF5FCC11A3CFE9
:10917000DD5FD093AC130EC08091C50A1092C50A72
:10918000882309F49FCF0E94F63B8091A91388237E
:1091900009F498CFDF91CF911F910F91FF90EF903D
:1091A000DF90CF90BF900895C13019F58091BD0A2E
:1091B000813081F080917C02882309F492CF81E094
:1091C0009091BD0A913009F080E023E045E358E03A
:1091D0006E2D85CF8091C50A1092C50A882351F360
:1091E0008FEB9CE40E94CB388091A913882311F364
:1091F000D1CFC23009F09CC08091BD0A823081F08D
:1092000080917C02882309F46CCF81E09091BD0AA3
:10921000923009F080E023E048E258E06F2D5FCF04
:109220008091C50A1092C50A882351F382EA9EE410
:109230000E94CB388091A913882311F3ABCF809182
:10924000C50A1092C50A882309F47AC08AEA92E511
:109250000E94CB388091A913882309F471C09ACF5A
:109260008091C50A1092C50A882309F447CF82E687
:1092700094E50E94CB388091A913882309F43ECF4E
:1092800089CF81E09091BD0A943009F080E023E01D
:109290004AE158E06D2D0F94641D34CFD4E0DC1307
:1092A00032CF8091BD0A8D1791F080917C02882386
:1092B00009F429CF6C2F611B81E09091BD0A9C13AA
:1092C00080E023E041E158E00F94641D1CCF8091C1
:1092D000C50A1092C50A882341F387E09BE40E94E7
:1092E000CB388091A913882301F354CF8091C50A0C
:1092F0001092C50A882309F40FCF81EB95E50E94EF
:10930000CB388091A913882309F406CF43CF8091ED
:10931000C50A1092C50A882309F417CF8BE296E597
:109320000E94CB388091A913882309F40ECF32CF45
:10933000C33009F0D6CE8091BD0A833009F47FCFC7
:1093400080917C02882309F4CCCE81E09091BD0A03
:10935000933009F080E023E043E258E0602FBFCE75
:109360002F923F924F925F926F927F928F929F9235
:10937000AF92BF92CF92DF92EF92FF920F931F9323
:10938000CF93DF9300D01F92CDB7DEB761E081E0CD
:109390000E946A361091AD13312E85E0282E210EE1
:1093A00097E7892E99249394A12CB12C85E0C82E9F
:1093B000C11A2EEE422E22E0522E612C712C84E036
:1093C000D82ED11A03E0011B82E0F82EF11AE12E0B
:1093D000E19411113DC08091BD0A8823B1F08091C4
:1093E0007C02882359F081E09091BD0A911180E0C0
:1093F00024E044EC58E06E2D0F94641D1F5F211291
:10940000E8CF86E08093AC130CC08091C50A10921F
:10941000C50A882321F30E94F63B8091A913882373
:10942000F1F20F900F900F900F90DF91CF911F915D
:109430000F91FF90EF90DF90CF90BF90AF909F90F3
:109440008F907F906F905F904F903F902F900895F6
:10945000113069F58091BD0A813081F080917C02E4
:10946000882361F261E0631981E09091BD0A913037
:1094700009F080E020E249EB58E0BECF8091C50AB8
:109480001092C50A882351F384EF91E0A0E0B0E088
:1094900089839A83AB83BC83BE016F5F7F4F80EA71
:1094A0000E94D4818091A9138823C1F2BACF1230CF
:1094B00009F090C08091BD0A823081F080917C02D9
:1094C000882309F49BCF81E09091BD0A923009F086
:1094D00080E020E24DE958E06F2D8ECF8091C50AE3
:1094E0001092C50A882351F389829A82AB82BC828A
:1094F000BE016F5F7F4F88E70E94D4818091A913DE
:109500008823E1F28ECF8091BD0A833081F0809173
:109510007C02882309F472CF81E09091BD0A9330D8
:1095200009F080E020E241E958E0602F65CF8091AA
:10953000C50A1092C50A882351F349825A826B8268
:109540007C82BE016F5F7F4F8AE00E94D481809150
:10955000A9138823E1F265CF8091BD0A843081F0A0
:1095600080917C02882309F449CF81E09091BD0A63
:10957000943009F080E020E247E858E06D2D3CCFC0
:109580008091C50A1092C50A882351F349825A82F4
:109590006B827C82BE016F5F7F4F8AE50E94D4811F
:1095A0008091A9138823E1F23CCF8091C50A1092E3
:1095B000C50A8823E1F089829A82AB82BC82BE010F
:1095C0006F5F7F4F8CE30E94D4818091A913882321
:1095D00071F027CF133009F496CF143009F4BCCFC3
:1095E000153009F00BCF8091BD0A8530F1F28091E2
:1095F0007C02882309F402CF81E09091BD0A953066
:1096000009F080E020E24CEA58E06C2DF5CE2F9274
:109610003F924F925F926F927F928F929F92AF9202
:10962000BF92CF92DF92EF92FF920F931F93CF934F
:10963000DF9300D01F92CDB7DEB761E081E00E94DA
:109640006A368091AD138B838A83982F9B5F9983B1
:1096500085E0282E9B81291A84E0891B8C8383E076
:10966000E82E3E2C391A12E0191B27E7A22E28E01B
:10967000B22E3DE4832E3BE0932E412C512C32013F
:109680004A9481E0F82EF91A9B81911141C0809192
:10969000BD0A8823D1F080917C02882361F06A8121
:1096A000619581E09091BD0A911180E024E042E84B
:1096B00058E00F94641D8B818F5F8B839981981381
:1096C000E3CF86E08093AC130CC08091C50A109262
:1096D000C50A882301F30E94F63B8091A9138823D1
:1096E000D1F20F900F900F900F90DF91CF911F91BB
:1096F0000F91FF90EF90DF90CF90BF90AF909F9031
:109700008F907F906F905F904F903F902F90089533
:109710008B81813009F059C08091BD0A8130C1F040
:1097200080917C02882339F2DD24D3948091BD0A94
:10973000813009F0D12C80914D0B0E942BF100E07B
:109740009C014CE658E06F2D8D2D0E948C7AB3CF92
:109750008091C50A1092C50A882311F30F94B8208E
:10976000C0904D0BD12C0E94A638E0927C02B092A2
:10977000D40AA092D30A9092D20A8092D10A10926F
:10978000CD0A1092CE0A1092CF0A1092D00A4092BF
:10979000C90A5092CA0A6092CB0A7092CC0AD0923F
:1097A000AF13C092AE1389E198E59093DC148093D7
:1097B000DB141092C80A1092C70A1092C60A809150
:1097C000A913882309F4ACCF8CCF9B81923009F088
:1097D000ACC08091BD0A8230E1F080917C02882388
:1097E00009F469CFDD24D3948091BD0A823009F059
:1097F000D12C6091410B7091420B8091430B909161
:10980000440B0E94662F00E09C0148E658E0612F5F
:109810009BCF8091C50A1092C50A8823F1F20F945C
:10982000B82061E47BE08AE698E00F940A208091FA
:10983000A913882391F255CF8091BD0A8330E1F0BE
:1098400080917C02882309F436CFDD24D394809163
:10985000BD0A833009F0D12C6091450B7091460B05
:109860008091470B9091480B0E94662F00E09C016D
:1098700044E658E0632D68CF8091C50A1092C50A6E
:109880008823F1F20F94B82065E47BE086E698E047
:109890000F940A208091A913882391F222CF8091FE
:1098A000BD0A8430E1F080917C02882309F403CF63
:1098B000DD24D3948091BD0A843009F0D12C6091CD
:1098C000490B70914A0B80914B0B90914C0B0E946D
:1098D000662F00E09C0140E658E06C8135CF809116
:1098E000C50A1092C50A8823F1F20F94B82069E4E2
:1098F0007BE082E698E00F940A208091A9138823E8
:1099000091F2EFCE8091C50A1092C50A8823D9F052
:109910000F94B82062E772E086E598E00F940A2081
:109920008091A913882379F0DCCE8B81833009F4F0
:1099300083CF843009F4B3CF853009F0BCCE809159
:10994000BD0A8530F9F280917C02882309F4B3CEF8
:10995000DD24D3948091BD0A853009F0D12C60912B
:1099600072027091730280917402909175020E944C
:10997000662F00E09C014CE458E0622DE5CE5F923A
:109980006F927F928F929F92AF92BF92CF92DF920F
:10999000EF92FF920F931F93CF93DF9361E081E0EB
:1099A0000E946A36C091AD1365E0662E6C0ED6E05B
:1099B000DC1B85E0B82EBC1A84E0A82EAC1A83E02C
:1099C000982E9C1A82E0882E8C1A81E0782E7C1AC0
:1099D0005C2E5194C11136C08091BD0A8823B1F02C
:1099E00080917C02882359F081E09091BD0A911109
:1099F00080E024E04AEB56E0652D0F94641DCF5FB4
:109A00006C12E8CF87E08093AC130CC08091C50A3C
:109A10001092C50A882321F30E94F63B8091A91376
:109A20008823F1F2DF91CF911F910F91FF90EF907A
:109A3000DF90CF90BF90AF909F908F907F906F906E
:109A40005F900895C13009F03FC08091BD0A813018
:109A5000E9F080917C02882391F211E08091BD0AA7
:109A6000813009F010E060912F13709130138091D4
:109A70003113909132130E94AC2E00E09C014CEA0D
:109A800056E0672D812F0E948C7AB9CF8091C50A4C
:109A90001092C50A8823E9F20F94B820D12CC12C6A
:109AA000E12C10ECF12E09E714E420E030E040E86E
:109AB0005FE36FE273E183EB96E00F945E1F8091AA
:109AC000A913882331F2AECFC23009F010C18091C2
:109AD000BD0A8230D9F080917C02882309F48FCFAF
:109AE00011E08091BD0A823009F010E060913313DB
:109AF0007091341380913513909136130E94AC2EDF
:109B000000E09C014EE956E0682DBCCF8091C50A6B
:109B10001092C50A8823F9F20F94B820D12CC12CD9
:109B2000E12C10ECF12E09E714E420E030E040E8ED
:109B30005FE363E373E185EA96E00F945E1F809133
:109B4000A913882341F26ECF8091BD0A8330D9F0EA
:109B500080917C02882309F452CF11E08091BD0AE4
:109B6000833009F010E060913713709138138091C1
:109B7000391390913A130E94AC2E00E09C0140E909
:109B800056E0692D7FCF8091C50A1092C50A8823BF
:109B9000F9F20F94B820D12CC12CE12C10ECF12E4D
:109BA00009E714E420E030E040E85FE367E373E1B5
:109BB00087E996E00F945E1F8091A913882341F2F4
:109BC00031CF8091BD0A8430D9F080917C02882306
:109BD00009F415CF11E08091BD0A843009F010E03E
:109BE00060913B1370913C1380913D1390913E1313
:109BF0000E94AC2E00E09C0142E856E06A2D42CF64
:109C00008091C50A1092C50A8823F9F20F94B820F2
:109C1000D12CC12CE12C10ECF12E09E714E420E04A
:109C200030E040E85FE36BE373E189E896E00F948E
:109C30005E1F8091A913882341F2F4CE8091BD0A62
:109C40008530D9F080917C02882309F4D8CE11E0C8
:109C50008091BD0A853009F010E060914B1370913E
:109C60004C1380914D1390914E130E94AC2E00E046
:109C70009C0148E756E06B2D05CF8091C50A1092F4
:109C8000C50A8823F9F20F94B820D12CC12CE12CFD
:109C900010ECF12E09E714E420E030E0A9016BE4B8
:109CA00073E18DE796E00F945E1F8091A9138823DE
:109CB00049F2B8CE8091C50A1092C50A882339F1BD
:109CC0000F94B820D12CC12CE12C10ECF12E09E717
:109CD00014E420E030E0A9016FE473E18EE696E041
:109CE0000F945E1F8091A913882389F09BCEC33007
:109CF00009F42ACFC43009F464CFC53009F49ECFEB
:109D0000C63009F07CCE8091BD0A863099F28091F0
:109D10007C02882309F473CE11E08091BD0A86305D
:109D200009F010E060914F1370915013809151131E
:109D3000909152130E94AC2E00E09C0144E656E044
:109D40006D2FA0CE3F924F925F926F927F928F9233
:109D50009F92AF92BF92CF92DF92EF92FF920F93BA
:109D60001F93CF93DF9300D01F92CDB7DEB761E092
:109D700081E00E946A361091AD13F12E85E0382EF5
:109D8000310E812C912C5401839487E0C82EC11A86
:109D900086E0D82ED11A85E0E82EE11A11113DC0D7
:109DA0008091BD0A8823B9F080917C02882361F0FC
:109DB0006F2D619581E09091BD0A911180E024E0C2
:109DC00046E357E00F94641D1F5F3112E7CF88E030
:109DD0008093AC130CC08091C50A1092C50A8823E9
:109DE00019F30E94F63B8091A9138823E9F20F90A2
:109DF0000F900F900F90DF91CF911F910F91FF90D7
:109E0000EF90DF90CF90BF90AF909F908F907F901A
:109E10006F905F904F903F900895113009F083C08C
:109E20008091BD0A813029F180917C02882361F202
:109E3000772473948091BD0A813009F0712C809150
:109E40003F1390914013A0914113B0914213898325
:109E50009A83AB83BC83CE0101960E94F7ED61E04B
:109E60006F1900E09C014AE257E0872D0E948C7A2E
:109E7000ABCF8091C50A1092C50A8823A9F20F942E
:109E8000B8202AE037ED43E25DE360913F13709123
:109E9000401380914113909142130F94094020E0A8
:109EA00030E040E85FE30F9435440F94A9452B015F
:109EB0000E94A63883E080937C0280E397E0909331
:109EC000D40A8093D30A8FE393E19093D20A8093CC
:109ED000D10A8092CD0A9092CE0AA092CF0AB09277
:109EE000D00A87E79FE0A0E0B0E08093C90A909392
:109EF000CA0AA093CB0AB093CC0A5092AF134092F7
:109F0000AE1381E398E59093DC148093DB141092F8
:109F1000C80A1092C70A1092C60A8091A913882312
:109F200009F482CF64CF123009F0E2C28091BD0AF9
:109F3000823019F180917C02882309F445CF77247F
:109F400073948091BD0A823009F0712C8091431383
:109F500090914413A0914513B091461389839A833D
:109F6000AB83BC83CE0101960E94F7ED62E06F19CE
:109F700000E09C0146E157E078CF8091C50A10923D
:109F8000C50A8823B9F20F94B8202AE037ED43E2DE
:109F90005CE3609143137091441380914513909159
:109FA00046130F94094020E030E040E85FE30F944F
:109FB00035440F94A9452B010E94A63883E0809375
:109FC0007C0280E297E09093D40A8093D30A83E4E2
:109FD00093E19093D20A8093D10A8092CD0A909215
:109FE000CE0AA092CF0AB092D00A8DED93E0A0E005
:109FF000B0E08093C90A9093CA0AA093CB0AB093A9
:10A00000CC0A5092AF134092AE1387E398E5909339
:10A01000DC148093DB141092C80A1092C70A1092C5
:10A02000C60A8091A913882309F484CFE0CE8091D9
:10A03000BD0A833019F180917C02882309F4C4CED3
:10A04000772473948091BD0A833009F0712C80913C
:10A05000471390914813A0914913B0914A138983F3
:10A060009A83AB83BC83CE0101960E94F7ED63E037
:10A070006F1900E09C0144E057E0F7CE8091C50ADB
:10A080001092C50A8823B9F20F94B8202AE037ED60
:10A0900043E25DE360914713709148138091491347
:10A0A00090914A130F94094020E030E040E85FE3CC
:10A0B0000F9435440F94A9452B010E94A6381093A4
:10A0C0007C028DE097E09093D40A8093D30A87E4D2
:10A0D00093E19093D20A8093D10A8092CD0A909214
:10A0E000CE0AA092CF0AB092D00A87E79FE0A0E004
:10A0F000B0E08093C90A9093CA0AA093CB0AB093A8
:10A10000CC0A5092AF134092AE1381E398E590933E
:10A11000DC148093DB141092C80A1092C70A1092C4
:10A12000C60A8091A913882309F485CF60CE809157
:10A13000BD0A8430F9F080917C02882309F444CE72
:10A14000772473948091BD0A843009F0712C60915A
:10A150000B1370910C1380910D1390910E130F94AB
:10A16000A83F0E94423064E06F1900E09C0146EF76
:10A1700056E07BCE8091C50A1092C50A8823D9F299
:10A180000F94B82060910B1370910C1380910D13F4
:10A1900090910E130F94A83F2AE037ED43E25DE360
:10A1A0000F94094020E030E040E850E40F9435443B
:10A1B0000F94A9452B010E94A63883E080937C026E
:10A1C0008DEF96E09093D40A8093D30A8BE093E1CD
:10A1D0009093D20A8093D10A84E090E0A0E0B0E0AE
:10A1E0008093CD0A9093CE0AA093CF0AB093D00A61
:10A1F00084E79FE0A0E0B0E08093C90A9093CA0A88
:10A20000A093CB0AB093CC0A5092AF134092AE13F6
:10A210008BE298E59093DC148093DB1486E090E366
:10A220009093C80A8093C70A1092C60A8091A91316
:10A23000882309F480CFDBCD8091BD0A8530F1F011
:10A2400080917C02882309F4BFCD77247394809198
:10A25000BD0A853009F0712C60910F1370911013B5
:10A2600080911113909112130F94A83F0E944230D5
:10A2700000E09C0148EE56E06E2DF7CD8091C50AB6
:10A280001092C50A8823E1F20F94B82060910F1351
:10A290007091101380911113909112130F94A83F95
:10A2A0002AE037ED43E25DE30F94094020E030E01F
:10A2B00040E850E40F9435440F94A9452B010E94C7
:10A2C000A63883E080937C028FEE96E09093D40AC8
:10A2D0008093D30A8FE093E19093D20A8093D10ABE
:10A2E00084E090E0A0E0B0E08093CD0A9093CE0AA5
:10A2F000A093CF0AB093D00A84E79FE0A0E0B0E03B
:10A300008093C90A9093CA0AA093CB0AB093CC0A4F
:10A310005092AF134092AE138BE298E59093DC1409
:10A320008093DB1486E090E39093C80A8093C70A79
:10A330001092C60A8091A913882309F481CF57CDC2
:10A340008091BD0A8630F1F080917C02882309F467
:10A350003BCD772473948091BD0A863009F0712C2F
:10A36000609113137091141380911513909116132B
:10A370000F94A83F0E94423000E09C014AED56E055
:10A380006D2D73CD8091C50A1092C50A8823E1F224
:10A390000F94B820609113137091141380911513CA
:10A3A000909116130F94A83F2AE037ED43E25DE346
:10A3B0000F9409400F94A9452B010E94A63883E011
:10A3C00080937C0281EE96E09093D40A8093D30A26
:10A3D00083E193E19093D20A8093D10A1092CD0A3F
:10A3E0001092CE0A1092CF0A1092D00A88E79FE00E
:10A3F000A0E0B0E08093C90A9093CA0AA093CB0A68
:10A40000B093CC0A5092AF134092AE138BE298E512
:10A410009093DC148093DB1486E090E39093C80A59
:10A420008093C70A1092C60A8091A913882309F461
:10A430008BCFDDCC8091C50A1092C50A882309F420
:10A440006BC00F94B820609117137091181380910E
:10A45000191390911A130F94A83F2AE037ED43E2A5
:10A460005CE30F94094020E030E040E85FE30F94A4
:10A4700035440F94A9452B010E94A63883E08093B0
:10A480007C0283ED96E09093D40A8093D30A87E10F
:10A4900093E19093D20A8093D10A8092CD0A909250
:10A4A000CE0AA092CF0AB092D00A8DED93E0A0E040
:10A4B000B0E08093C90A9093CA0AA093CB0AB093E4
:10A4C000CC0A5092AF134092AE1385E298E5909378
:10A4D000DC148093DB1486E090E39093C80A8093A9
:10A4E000C70A1092C60A8091A9138823A9F07FCCCD
:10A4F000133009F49CCD143009F419CE153009F449
:10A500009BCE163009F41CCF173009F05DCC80913A
:10A51000BD0A873009F48ECF80917C02882309F42C
:10A5200053CC772473948091BD0A873009F0712C45
:10A5300060911713709118138091191390911A1349
:10A540000F94A83F0E94423000E09C014CEC56E082
:10A550006C2D8BCC2F923F924F925F926F927F9295
:10A560008F929F92AF92BF92CF92DF92EF92FF9223
:10A570000F931F93CF93DF9300D01F921F92CDB7FD
:10A58000DEB761E081E00E946A36B090AD132B2CFB
:10A5900085E08B0D8D8384E0382E3B183AE0432E06
:10A5A000512C612C712C83E0882E8B1882E0982E20
:10A5B0009B1881E0A82EAB18B11040C08091BD0A55
:10A5C0008823C1F080917C02882361F0622D61951F
:10A5D00081E09091BD0A911180E024E048E857E0C5
:10A5E0000F94641DB3949D819B11E6CF85E0809309
:10A5F000AC130CC08091C50A1092C50A882311F3D0
:10A600000E94F63B8091A9138823E1F20F900F90EE
:10A610000F900F900F90DF91CF911F910F91FF90AE
:10A62000EF90DF90CF90BF90AF909F908F907F90F2
:10A630006F905F904F903F902F90089591E0B912E6
:10A640003FC08091BD0A8130E9F080917C0288236F
:10A6500049F211E08091BD0A813009F010E060916B
:10A66000620B7091630B8091640B9091650B0E945B
:10A67000AC2E00E09C0148E757E06A2D812F0E9434
:10A680008C7AB0CF8091C50A1092C50A8823E9F26E
:10A690000F94B820D12CC12CE12C10E8F12E07E743
:10A6A00014E420E030E040E85FE362E67BE080E82D
:10A6B00097E00F945E1F8091A913882331F2A6CFF3
:10A6C000A2E0BA12D9C08091BD0A8230D9F080913F
:10A6D0007C02882309F486CF11E08091BD0A823084
:10A6E00009F010E06091660B7091670B8091680B28
:10A6F0009091690B0E94AC2E00E09C0148E657E067
:10A70000692DBCCF8091C50A1092C50A8823F9F241
:10A710000F94B820D12CC12CE12C10E8F12E07E7C2
:10A7200014E420E030E040E85FE366E67BE080E7A9
:10A7300097E00F945E1F8091A913882341F266CFA2
:10A740008091BD0A833009F180917C02882309F44D
:10A7500049CF11E08091BD0A833009F010E080916B
:10A760006A0B90916B0BA0916C0BB0916D0B898370
:10A770009A83AB83BC83CE0101960E9458ED00E022
:10A780009C0148E557E0682D79CF8091C50A109269
:10A79000C50A8823C9F20F94B82020E030E048ECC5
:10A7A00052E460916A0B70916B0B80916C0B9091ED
:10A7B0006D0B0F94094020E030E040E251E40F942B
:10A7C00035440F94A9456B010E94A638B0927C02D3
:10A7D00080E697E09093D40A8093D30AAAE6BBE080
:10A7E000B093D20AA093D10A4092CD0A5092CE0AD9
:10A7F0006092CF0A7092D00A85EF9FE7A0E0B0E0A8
:10A800008093C90A9093CA0AA093CB0AB093CC0A4A
:10A81000D092AF13C092AE138FE198E59093DC1401
:10A820008093DB141092C80A1092C70A1092C60ACD
:10A830008091A913882309F487CFE8CE8091C50AB7
:10A840001092C50A882319F10F94B820D12CC12C7D
:10A85000E12C10E8F12E07E714E420E030E040E8B6
:10A860005FE36EE67BE080E597E00F945E1F8091EA
:10A87000A913882361F0CACEA3E0BA1609F460CF09
:10A88000B4E0BB12AFCE8091BD0A8430B9F28091A2
:10A890007C02882309F4A6CE11E08091BD0A8430A1
:10A8A00009F010E060916E0B70916F0B8091700B4E
:10A8B0009091710B0E94AC2E00E09C0148E457E09F
:10A8C000632DDCCE9F92AF92BF92CF92DF92EF9238
:10A8D000FF920F931F93CF93DF9300D01F92CDB7BA
:10A8E000DEB761E081E00E946A361091AD1385E029
:10A8F000A82EA10E84E0F82EF11A83E0E82EE11ACA
:10A9000082E0D82ED11A81E0C82EC11A912E9194DE
:10A91000111136C08091BD0A8823B1F080917C026C
:10A92000882359F081E09091BD0A911180E024E0E4
:10A930004AEE57E0692D0F94641D1F5FA112E8CF06
:10A9400085E08093AC130CC08091C50A1092C50AB3
:10A95000882321F30E94F63B8091A9138823F1F20A
:10A960000F900F900F900F90DF91CF911F910F914B
:10A97000FF90EF90DF90CF90BF90AF909F900895A1
:10A980001130D9F58091BD0A813021F180917C028E
:10A99000882399F2BB24B3948091BD0A813009F0D9
:10A9A000B12C80911F1390912013A0912113B0918D
:10A9B000221389839A83AB83BC83CE0101960E94C4
:10A9C000A7EC00E09C0146ED57E06C2D8B2D0E941A
:10A9D0008C7AB3CF8091C50A1092C50A8823B1F250
:10A9E0000F94B8206FE173E180EE97E00F945B2045
:10A9F0008091A913882351F2B3CF123009F085C09A
:10AA00008091BD0A823011F180917C02882309F483
:10AA100094CFBB24B3948091BD0A823009F0B12C4D
:10AA20008091231390912413A0912513B0912613A4
:10AA300089839A83AB83BC83CE0101960E94A7ECE5
:10AA400000E09C0142EC57E06D2DC0CF8091C50A1B
:10AA50001092C50A8823C1F20F94B82063E273E113
:10AA60008CEC97E00F945B208091A913882361F20E
:10AA700077CF8091BD0A833011F180917C028823C9
:10AA800009F45BCFBB24B3948091BD0A833009F0F5
:10AA9000B12C8091271390912813A0912913B09184
:10AAA0002A1389839A83AB83BC83CE0101960E94CB
:10AAB000A7EC00E09C014EEA57E06E2D87CF809115
:10AAC000C50A1092C50A8823C1F20F94B82067E224
:10AAD00073E188EB97E00F945B208091A9138823A2
:10AAE00061F23ECF8091C50A1092C50A8823B9F061
:10AAF0000F94B8206BE273E184EA97E00F945B2037
:10AB00008091A913882359F02BCF133009F4B1CFCA
:10AB1000143009F012CF8091BD0A843019F380916E
:10AB20007C02882309F409CFBB24B3948091BD0A29
:10AB3000843009F0B12C80912B1390912C13A091AB
:10AB40002D13B0912E1389839A83AB83BC83CE01DE
:10AB500001960E94A7EC00E09C014AE957E06F2DA6
:10AB600035CFEF92FF920F931F93CF93DF9361E066
:10AB700081E00E946A36C091AD1385E0F82EFC0E8C
:10AB8000D1E0DC1BEC2EE194C1112DC08091BD0AF7
:10AB90008823B1F080917C02882359F081E0909164
:10ABA000BD0A911180E024E042E556E06E2D0F943D
:10ABB000641DCF5FFC12E8CF82E08093AC130CC021
:10ABC0008091C50A1092C50A882321F30E94F63BA2
:10ABD0008091A9138823F1F2DF91CF911F910F91FA
:10ABE000FF90EF900895C13021F78091BD0A813028
:10ABF000C9F080917C028823E1F211E08091BD0AC6
:10AC0000813009F010E080910002909101020E94D1
:10AC1000D4F000E09C0148E356E06D2F812F0E94A4
:10AC20008C7AC7CF8091C50A1092C50A882309F390
:10AC30000F94B82003E91FE222E231E046E950E038
:10AC400060E072E085E496E00F94B61E8091A9134F
:10AC5000882379F2C1CF2F923F924F925F926F92E9
:10AC60007F928F929F92AF92BF92CF92DF92EF929C
:10AC7000FF920F931F93CF93DF9300D01F921F92E9
:10AC8000CDB7DEB761E081E00E946A36B090AD13C7
:10AC900085E08B0D8D8323E0222E822C8B1882E0A1
:10ACA000A82EAB1844244A943FE7532E612C712CF4
:10ACB00081E0982E9B183B2C3194B1103FC08091BD
:10ACC000BD0A8823B9F080917C02882359F081E085
:10ACD0009091BD0A911180E024E046E156E0632D99
:10ACE0000F94641DB3948D81B812E7CF84E08093F4
:10ACF000AC130CC08091C50A1092C50A882319F3C1
:10AD00000E94F63B8091A9138823E9F20F900F90DF
:10AD10000F900F900F90DF91CF911F910F91FF90A7
:10AD2000EF90DF90CF90BF90AF909F908F907F90EB
:10AD30006F905F904F903F902F90089591E0B912DF
:10AD400074C08091BD0A813019F180917C02882302
:10AD500049F211E08091BD0A813009F010E0809144
:10AD6000890B90918A0BA0918B0BB0918C0B8983EE
:10AD70009A83AB83BC83CE0101960E9490EF00E0E2
:10AD80009C0142E056E0692D812F0E948C7AAACF67
:10AD90008091C50A1092C50A8823B9F220E030E0FC
:10ADA00048EC52E46091890B70918A0B80918B0B77
:10ADB00090918C0B0F9409400F94A9456B010E9450
:10ADC000A63820927C028CE096E09093D40A80937F
:10ADD000D30A89E89BE09093D20A8093D10A10921B
:10ADE000CD0A1092CE0A1092CF0A1092D00A409249
:10ADF000C90A5092CA0A6092CB0A7092CC0AD092C9
:10AE0000AF13C092AE138DE398E59093DC1480935A
:10AE1000DB141092C80A1092C70A1092C60A8091D9
:10AE2000A913882309F491CF71CF92E0B91257C0CA
:10AE30008091BD0A8230D9F080917C02882309F488
:10AE400051CF11E08091BD0A823009F010E060918D
:10AE5000BB067091BC068091BD069091BE060E9413
:10AE6000AC2E00E09C014EEE55E06A2D8DCF809116
:10AE7000C50A1092C50A8823F9F20F94B820D12C84
:10AE8000C12CE12CF12C08E413E420E030E0A9010E
:10AE90006BEB76E088EF95E00F945E1F8091A9132D
:10AEA000882351F233CF8091C50A1092C50A8823B6
:10AEB000E9F00F94B820D12CC12CE12CF12C08E43E
:10AEC00013E420E030E0A9016FEB76E086EE95E038
:10AED0000F945E1F8091A913882341F017CF93E050
:10AEE000B91200CF8091BD0A8330E9F280917C02D3
:10AEF000882309F4F7CE11E08091BD0A833009F070
:10AF000010E06091BF067091C0068091C1069091DB
:10AF1000C2060E94AC2E00E09C014EED55E0682D6B
:10AF200033CFCF93DF93FC01EB018091AE1390916F
:10AF3000AF1397FF04C01092AF131092AE1340915D
:10AF4000C90A5091CA0A6091CB0A7091CC0A8091CB
:10AF5000AE139091AF13092E000CAA0BBB0B481730
:10AF600059076A077B0724F45093AF134093AE133D
:10AF700080917C028823C1F02091AE133091AF13F1
:10AF80006091CD0A7091CE0A8091CF0A9091D00A3B
:10AF9000620F731F811D911D1995BC018091D30A09
:10AFA0009091D40A0E94147A8091C50A811108C038
:10AFB0008091C60A8823A1F180917C02882381F1C7
:10AFC0008091D10A9091D20A009791F02091AE130E
:10AFD0003091AF134091CD0A5091CE0A6091CF0AC3
:10AFE0007091D00A420F531F611D711DFE0119950A
:10AFF000E091C70AF091C80A309741F08091C60AE3
:10B00000811103C08091C50A811119958091C50AEB
:10B010001092C50A882321F0DF91CF910C94F63B62
:10B02000DF91CF9108956EEE7BE289EF9EE20C9462
:10B0300091576BEF7BE282E09FE20C9491576FE5B2
:10B040007CE289EE9FE20C94915765E37CE285E611
:10B0500090E30C9491576FE17CE28BE590E30C94C4
:10B06000915767E87CE288E090E30C9491576BE994
:10B070007CE285E290E30C9491576BE47CE28FE6EE
:10B0800090E30C94915763E77CE28CEC9FE20C9484
:10B0900091576FEA7CE28BE79FE20C94915763EC47
:10B0A0007CE28EEC9EE20C94915761ED7CE285EAA5
:10B0B0009EE20C9491571092AB130C94F63B8F9236
:10B0C0009F92AF92BF92CF92DF92EF92FF920F9337
:10B0D0001F93CF93DF9300D01F92CDB7DEB780913F
:10B0E000C50A1092C50A882309F441C0809115024F
:10B0F00090911602181619063CF59A8389839E01D1
:10B100002D5F3F4F44E050E069E37BE0CE010196C4
:10B110000E9404890E9458864091390B50913A0B45
:10B1200060913B0B70913C0B83E095E00E948C8B0F
:10B13000609115027091160282EF94E00E944B8A92
:10B1400080EF94E00E9466840E945B580F900F90FD
:10B150000F900F90DF91CF911F910F91FF90EF9083
:10B16000DF90CF90BF90AF909F908F90089581E037
:10B170008093AB130091AE131091AF13011511051D
:10B1800009F442C01092AF131092AE13B801012E11
:10B19000000C880B990B0F94AA3F2091800B3091E3
:10B1A000810B4091820B5091830B0F9409402091A9
:10B1B000390B30913A0B40913B0B50913C0B0F9463
:10B1C00036446B017C0120E030E040EA51EC0F9402
:10B1D000964687FD19C020E030E040EA51E4C701FF
:10B1E000B6010F94A33F18167CF0B80182E00E94CC
:10B1F0003A80C092390BD0923A0BE0923B0BF0921E
:10B200003C0B82E080937C0280917C02882309F4CD
:10B210009DCF89E39BE00E94F3EEBC018FEC95E0AB
:10B220000E94147AC090390BD0903A0BE0903B0BFF
:10B23000F0903C0B8090D0049090D104A090D20468
:10B24000B090D304A5019401C701B6010F94A33FA8
:10B250008823E9F020E030E0A901C701B6010F948E
:10B26000A33F882309F47DC0A5019401C701B6015D
:10B270000F94A33F87FD77C081E08093CF04C092F5
:10B28000D004D092D104E092D204F092D304809101
:10B290001515813198F480911715833078F08091DD
:10B2A000CF0444E0481B57EBE52E55E0F52E0CE0AB
:10B2B00022E062E481EE94E10F94A02B80911515B9
:10B2C000853180F480911715843160F044EBE42ED1
:10B2D00045E0F42E01E023E044E16CE381EE94E1EB
:10B2E0000F94A02B809115158F3308F02FCF8091EC
:10B2F00017158F3208F42ACF8091CF0440E3481B02
:10B300008AE9E82E85E0F82E0DE022E06AE581EE7C
:10B3100094E10F94A02B8091CF0441E3481B90E867
:10B32000E92E95E0F92E22E065E081EE94E10F949C
:10B33000A02B20E5E22E25E0F22E00E123E04FE2F3
:10B3400062E181EE94E10F94A02B30E2E32E35E030
:10B35000F32E23E04FE267E681EE94E10F94A02BF9
:10B36000F5CE80E08ACF8FEF88CF8F929F92AF92F9
:10B37000BF92CF92DF92EF92FF920F931F93CF93E2
:10B38000DF93C82F8091C50A1092C50A882371F0F7
:10B39000DF91CF911F910F91FF90EF90DF90CF90B1
:10B3A000BF90AF909F908F900C945B588B016091F1
:10B3B000AE137091AF136115710551F01092AF1378
:10B3C0001092AE1381E080937C028C2F0E943A8011
:10B3D00080917C02882309F4B3C084E0C89FE00117
:10B3E0001124C858D44F6091D7037091D803072E09
:10B3F000000C880B990B0F94AA3F288139814A8150
:10B400005B810F9409406B017C0120E030E543EC47
:10B4100057E40F9409404B015C0120E030E0A901A2
:10B42000C701B6010F94A33F20E030E040EA50E4AA
:10B4300087FF04C020E030E040EA50ECC501B401D1
:10B440000F94364420E030E040E251E40F94304560
:10B450000F94A2456B017C01C114D104E104F104F5
:10B4600009F46CC0F7FE6AC0F094E094D094C094E4
:10B47000C11CD11CE11CF11C8DE28093D50AC701CF
:10B48000B60120E137E240E050E00F94B8438AE093
:10B49000882E912CA12CB12CCA01B901A5019401CF
:10B4A0000F94B843605D6093D60A8EE28093D70A0A
:10B4B000C701B60128EE33E040E050E00F94B843F6
:10B4C000CA01B901A50194010F94B843605D60936E
:10B4D000D80AC701B60124E630E040E050E00F94FE
:10B4E000B843CA01B901A50194010F94B843605D46
:10B4F0006093D90AC701B601A50194010F94B8431E
:10B50000C62FCA01B901A50194010F94B843605D2B
:10B510006093DA0AC05DC093DB0A65ED7AE0C8018A
:10B52000DF91CF911F910F91FF90EF90DF90CF901F
:10B53000BF90AF909F908F900C94147A80E29DCF33
:10B54000DF91CF911F910F91FF90EF90DF90CF90FF
:10B55000BF90AF909F908F9008956AEA7DE081E060
:10B560000C94B5596FE97DE080E00C94B559CF9308
:10B57000DF9300D01F92CDB7DEB78091C50A10923D
:10B58000C50A882349F00E945B580F900F900F90D6
:10B590000F90DF91CF9108956091AE137091AF132A
:10B5A0006115710561F1072E000C880B990B0F9442
:10B5B000AA3F2091D8043091D9044091DA045091E7
:10B5C000DB040F94094020916E0230916F0240918C
:10B5D0007002509171020F94364460936E02709322
:10B5E0006F02809370029093710283E00E94F72DA6
:10B5F00081E080937C021092AF131092AE13809181
:10B600007C02882311F22091B90A3091BA0A409144
:10B61000BB0A5091BC0A60916E0270916F028091DA
:10B620007002909171020F94354469837A838B8301
:10B630009C83CE0101960E947DEEBC0181E59CE0D9
:10B640000E94147AA2CF2F923F924F925F926F92F4
:10B650007F928F929F92AF92BF92CF92DF92EF92A2
:10B66000FF920F931F93CF93DF9300D000D01F92D0
:10B67000CDB7DEB79F838E836D838091C50A10920C
:10B68000C50A8823D9F00E945B5827960FB6F89414
:10B69000DEBF0FBECDBFDF91CF911F910F91FF9005
:10B6A000EF90DF90CF90BF90AF909F908F907F9062
:10B6B0006F905F904F903F902F9008952090AE1321
:10B6C0003090AF132114310409F450C09D8184E0FF
:10B6D000989F80011124F801EE59FD4F4080518060
:10B6E0006280738080911702811172C020E030E087
:10B6F0004AE754E4C301B2010F9435444B015C01A5
:10B7000020E030E04AE754E4C301B2010F9436442C
:10B710006B017C01B101032C000C880B990B0F9479
:10B72000AA3F2091D8043091D9044091DA04509175
:10B73000DB040F940940A30192010F9436442B01BE
:10B740003C0137FE85C0A50194010F94A33F87FDFE
:10B7500077C0F801EE59FD4F4082518262827382B8
:10B760008D810E94F72D81E080937C021092AF13AF
:10B770001092AE1380917C02882309F486CF8D81CC
:10B7800094E0899FF0011124EE59FD4F8081918151
:10B79000A281B38189839A83AB83BC832DEC3CEC7B
:10B7A0004CEC5DE36091D8047091D9048091DA0487
:10B7B0009091DB040F94964687FD59C0CE01019607
:10B7C0000E947DEEBC018E819F810E94147A5DCF24
:10B7D0008D81813099F0823011F180901A02909021
:10B7E0001B02A0901C02B0901D02C0901E02D090BF
:10B7F0001F02E0902002F09021028CCF8090220264
:10B8000090902302A0902402B0902502C0902602BE
:10B81000D0902702E0902802F09029027BCF809000
:10B820002A0290902B02A0902C02B0902D02C09082
:10B830002E02D0902F02E0903002F09031026ACFB9
:10B84000F801EE59FD4F80829182A282B38288CFA7
:10B85000A70196010F94964618160CF07ACFF801BE
:10B86000EE59FD4FC082D182E282F38279CFCE01C0
:10B8700001960F94211EA6CF62E08AE49CE00C940E
:10B88000235B61E083E49CE00C94235B60E08CE349
:10B890009CE00C94235B8091C50A1092C50A81112B
:10B8A0000E945B580C949C78AF92BF92CF92DF922B
:10B8B000EF92FF920F931F93CF93DF930E94782D07
:10B8C000882309F405C18091AE1386320CF4E7C0D9
:10B8D00085E2282F082E000C330B3093AF132093F2
:10B8E000AE13F82EFF0CF80EF092F1038091DD0AF2
:10B8F000882309F4EDC02091E3033091E403009123
:10B90000E5031091E603020F131FC090DF03D090F0
:10B91000E003C091E103D091E203CC0DDD1D0130C5
:10B920004FE7140768F03195219531093093E4030E
:10B930002093E3036CED70E085E090E00E94E73433
:10B94000D7FFB1C0D194C194D108D092E003C09286
:10B95000DF0368E171E085E090E00E94E73481E078
:10B960008093DE032091DF033091E003CE019A50F3
:10B970008130934108F090C18D2F992787FD9A95CA
:10B980000A9765E070E00F941944412F17FF02C039
:10B9900047E0410F45954595459581E090E0A0E051
:10B9A000B0E004C0880F991FAA1FBB1F4A95D2F7A9
:10B9B000FB01EE0FFF1FE951FC4F40815181EA016D
:10B9C000C823D923CD2B09F44DC0809590958423AD
:10B9D00095239183808344E050E0461B570B809170
:10B9E0002F0490913004840F951F9093300480931E
:10B9F0002F048091EF0381508093EF03811103C0E6
:10BA000082E08093DD0A932F9095991F9927991FC3
:10BA10008091DE03881F8827881F981709F419C1B1
:10BA20003195219531093093E0032093DF0360E2E3
:10BA300070E080E090E00F947026DC01CB0140972D
:10BA4000A109B1092091E3033091E403820F931F10
:10BA50009093E4038093E30360E773E085E090E074
:10BA60000E94E7348091E5039091E6032091E3037F
:10BA70003091E403820F931F9093E6038093E503D4
:10BA80008091E1039091E2032091DF033091E00384
:10BA9000820F931F9093E2038093E10319C087FF05
:10BAA00018CF80E016CFC13080E4D8070CF45ACF0D
:10BAB0006BE470E084EF91E00E94E7348091F00342
:10BAC00081508093F003882309F4C0C00E94912D17
:10BAD00081E080930115809115158E3108F057C0D3
:10BAE000809117158A3008F452C087EEC82E83E083
:10BAF000D82ECAE0D0E0BC2E20911515CE010496B8
:10BB00002817190609F0DCF5809117158C17B8F184
:10BB100010E000E0F60180819181B0E0A0E0002E0D
:10BB200004C0B695A795979587950A94D2F780FF9C
:10BB300021C0A02EAA0CAA0CAA0CF12CE12CCE013B
:10BB40008E0D9F1D209115152817190609F05CF41C
:10BB5000209117152817190634F047E06B2D6E0D4C
:10BB60008A2D0F944528FFEFEF1AFF0A24E0E21612
:10BB7000F10429F70F5F1F4F0031110559F642E01C
:10BB8000C40ED11C2596CE31D10509F0B4CF8091D9
:10BB900015158E3380F4809117158C3360F040E1D9
:10BBA0006DE38091F1030F94452840E16CE38091AF
:10BBB000F1030F9445288091DD0A882309F412C10E
:10BBC0006091E203862F90E00196209115152817C9
:10BBD000190609F054F480911715861730F022E009
:10BBE00042E08091E6030F940B28809115158B306D
:10BBF000D0F410921815C9E0C093191580912F0444
:10BC0000909130040E94ED7A8EE680931815C093CF
:10BC100019152091F00383E090E0821B91098D5A61
:10BC20009B4F0E94B5798091C50A1092C50A88235E
:10BC300009F4DBC0DF91CF911F910F91FF90EF903E
:10BC4000DF90CF90BF90AF900C945B581092DD0ABC
:10BC50003FCF8091E3039091E40391958195910901
:10BC60009093E4038093E30360E270E080E090E06F
:10BC70000F947026DC01CB014097A109B1092091F6
:10BC8000DF033091E003820F931F9093E0038093D2
:10BC9000DF0360E872E0E2CE121613060CF0E2CE8B
:10BCA000DD53C130D24008F0DDCEC12FCF19C031F5
:10BCB00008F0D8CE3195219531093093E0032093D7
:10BCC000DF0360E773E083E090E00E94E7348FEFEA
:10BCD0008093DE038EEF8C0F8C3088F18091E3032C
:10BCE0009091E40331E0181619060CF030E021E0E1
:10BCF000C2300CF020E0919581959109321709F43A
:10BD000044C08091DD0A823009F0ACCE80E480939B
:10BD1000EF038FEF9FEF9093E8038093E7039093F7
:10BD2000EA038093E9039093EC038093EB039093F1
:10BD3000EE038093ED0381E08093DD0A93CEC4305F
:10BD400060F560E470E080E090E00F947026DC0124
:10BD5000CB0180549109A109B1092091E3033091ED
:10BD6000E403820F931F81152EEF92079CF09093AE
:10BD7000E4038093E3038091E3039091E403813033
:10BD800092400CF4BECF80E092E09093E403809365
:10BD9000E303B7CF80E09EEFEACFCC300CF4B1CF15
:10BDA00060E470E080E090E00F9470262091E3035F
:10BDB0003091E403C901860F971F9093E4038093A9
:10BDC000E30381159E4F34F480E09EEF9093E403EB
:10BDD0008093E3038091E3039091E40381309240E8
:10BDE00094F68FCF0E94D22E00CFDF91CF911F917A
:10BDF0000F91FF90EF90DF90CF90BF90AF9008959C
:10BE0000AF92BF92CF92DF92EF92FF920F931F9368
:10BE1000CF93DF930E94782D882341F180919D0478
:10BE200090919E04392F40919B0450919C04209145
:10BE30009A04213009F4A4C00CF097C0CA01C3973A
:10BE4000222309F4A1C0D0919E04C0919C043D130B
:10BE500002C0C51759F0D83108F49BC01092DD0A12
:10BE600068E270E080E991E00E94E73481E080932D
:10BE7000011580911515893058F41092181587E036
:10BE80008093191580912F04909130040E94ED7ACF
:10BE900026E34CE769E082E00F940B28F12C209117
:10BEA000151530E080919904F81608F0D9C1EF2DEE
:10BEB000F0E0AF01440F551FDA01AB5CBB4F8C9132
:10BEC000FA01E95CFB4F908111961C91891396C190
:10BED000C181EC2EC1170CF4E12EFE2D65E0F602B7
:10BEE000C00111240E96821793070CF4B7C11C17DA
:10BEF0000CF4C12F75E0C702C00111240A962091ED
:10BF000017152817190609F00CF4A8C1DC2FDD0F4E
:10BF1000DD0FDC0FD55FCA018B5C9B4F6C018091FC
:10BF2000151590E0EC160CF499C12D2F0D2E000C78
:10BF3000330BA9014D5F5F4F481759079CF0809163
:10BF400017158217130674F0F6018081682F660FAB
:10BF5000660F680F6C5F04E024E04D2F81EE94E1E2
:10BF60000F948128CF5FDB5FDACF223059F0C3977F
:10BF7000233009F068CF90939E0480939D0463CF93
:10BF8000C396F9CFCA01C39690939C0480939B04F7
:10BF90005ACFCA3008F062CFE0919904F0E0EE0F7A
:10BFA000FF1FEB5CFB4FD083C1838091AE13909158
:10BFB0003304282F291B41F08093330481E01216AB
:10BFC0000CF080E00E94DF2C80913404882309F477
:10BFD00053C081508093340440919904443008F454
:10BFE000EAC050E0FA01EE0FFF1FED5CFB4F8081CD
:10BFF000DA01AA0FBB1FAB5CBB4FFC90425051094A
:10C000008F118DC0D12C11965F016FEFA61AB60A61
:10C010002D2D30E0241735070CF0CDC08901000F1D
:10C02000111FB8016B5C7B4FFB019081F801E95C4B
:10C03000FB4F7F012081921709F453C0392F291734
:10C040000CF4322F8317B4F092170CF4922F981738
:10C050008CF00B5C1B4FF801318121E0F5019081E0
:10C0600039170CF020E091E06C9163170CF490E02C
:10C070002913F4CED394CCCF80913504909137041A
:10C08000891327C0809136049091380421E08917E4
:10C090000CF02FEF820F8093360498139DCF3091D0
:10C0A000990431503093990420E0822F90E0DC0114
:10C0B000AA0FBB1FAB5CBB4F880F991FFC01E95C4B
:10C0C000FB4F808191818D939C932F5F321768F78E
:10C0D00083CF21E089170CF02FEF820F8093350476
:10C0E000DCCF8913C7CF2C91F5011081F701918125
:10C0F000FB013181722F12170CF4712F692F9317E6
:10C100000CF4632F67170CF4B5CF21170CF4212F13
:10C1100039170CF4932F29170CF4ACCF9FCEE12CD8
:10C12000DF0111962E2D30E0241735070CF043C0A7
:10C13000B901660F771F8B010B5C1B4FF8019181D2
:10C14000FB01E95CFB4F21813C919217D9F0E92F6B
:10C1500029170CF4E22F3E179CF092170CF4922F43
:10C16000931774F06B5C7B4FFB01308121E0381733
:10C170000CF020E091E0F3160CF490E029136ECE61
:10C18000E394D0CF9313FCCF9081F8012081682FE6
:10C19000F8160CF46F2D392F92170CF4322F361736
:10C1A0007CF3382F8F150CF43F2D29170CF4922FA8
:10C1B000391734F353CE809132048D1357CE8091CA
:10C1C00031048C1353CE6CED70E085E090E00E945A
:10C1D000E73468E171E085E090E00E94E734809107
:10C1E0002F049091300401969093300480932F0493
:10C1F00082E0809334040E94BA3038CE412F440F3D
:10C20000440F140F155F412F012E000C550BBA017E
:10C210006D5F7F4F621773070CF12091171524177C
:10C220001506E4F0D82F98170CF4D92FC82F8917CA
:10C230000CF4C92F6D2F660F660F6D0F85E0E82E89
:10C24000E60ECD175CF06C5F04E024E0412F81EE38
:10C2500094E10F948128DF5F6E2DF0CFF3941FCE11
:10C2600080913104682F660F660F680F655F862F17
:10C27000062E000C990BAC014D5F5F4F4217530720
:10C2800084F020911715281719065CF0909132045C
:10C29000892F880F880F890F24E044E08C5F0F946A
:10C2A0000B288091DD0A811102C00E94D22E80915C
:10C2B000C50A1092C50A882361F0DF91CF911F91C2
:10C2C0000F91FF90EF90DF90CF90BF90AF900C94C4
:10C2D0005B58DF91CF911F910F91FF90EF90DF900E
:10C2E000CF90BF90AF900895662319F091E090939E
:10C2F00002024093D6038C3008F038C0E82F880F34
:10C30000FF0B8827E957FE498F4F0D942D44B861E4
:10C3100093619C61BB619F61A261A561B161A861EC
:10C32000B661AB61AE618EE598E321E02093AB137B
:10C3300040E060E00D9447048EE698E3F6CF86E790
:10C3400098E3F3CF8EE798E3F0CF86E898E3EDCF5C
:10C350008EE898E3EACF86E998E3E7CF8EE998E3A1
:10C36000E4CF1092D50389EB96E3DFCF0C94D73856
:10C3700086E598E3DACF86E698E3D7CF2F923F920F
:10C380004F925F926F927F928F929F92AF92BF92E5
:10C39000CF92DF92EF92FF920F931F93CF93DF9391
:10C3A00000D01F921F92CDB7DEB761E081E00E94FE
:10C3B0006A362091AD132C832D83822F8B5F8A8365
:10C3C000922F91959B830EE71BE081E0782E721AE5
:10C3D00083E0682E621A82E0582E521A5BE6E52E40
:10C3E0005BE0F52E64E5C62E6BE0D62E71EDA72E30
:10C3F0007BE0B72EEFE98E2EEBE09E2E8C81811133
:10C4000014C08091BD0A882309F446C080917C0243
:10C41000882359F081E09091BD0A911180E024E0D9
:10C4200040E35CE06B810F94641D80913A1682FBBF
:10C43000222420F8422C82FD07C04424439490918A
:10C44000B006913009F0412C83FB992790F999832C
:10C45000312C83FF03C00E940D7B382E442009F449
:10C46000B2C02C81213009F05DC08091BD0A8130BD
:10C47000C9F180917C02882361F081E09091BD0A2E
:10C48000913009F080E020E244E25CE0672D0F94F7
:10C49000641D94E0492ECEC08091C50A1092C50A51
:10C4A000882309F4B3CF0E94F63B8091A913882317
:10C4B00009F4ACCF0F900F900F900F900F90DF9179
:10C4C000CF911F910F91FF90EF90DF90CF90BF9091
:10C4D000AF909F908F907F906F905F904F903F9024
:10C4E0002F9008958091C50A1092C50A882309F2F9
:10C4F000F092D704E092D6040E948C3060E08EE582
:10C500009BE00E94203540E061E080E00E94746181
:10C51000D092D508C092D4088091A913882309F439
:10C52000A8CFC8CF8C81823031F58091BD0A82308E
:10C5300099F080917C02882361F081E09091BD0A9E
:10C54000923009F080E023E049E15CE0652D0F9432
:10C55000641D84E0482E8AC08091C50A1092C50AE5
:10C56000882339F388E29FE20E94CB388091A91397
:10C570008823F9F29FCF9C8124E0422E933009F06A
:10C580003FC08091BD0A833079F080917C0288237E
:10C5900001F381E09091BD0A933009F080E023E03F
:10C5A00044E15CE0662D73CF8091C50A1092C50A04
:10C5B000882359F38CE99DE30E94CB388091A9131D
:10C5C000882319F377CF8091B006823039F00E942A
:10C5D0000D7B882309F40AC1211008C12C8132E0A7
:10C5E000432E213009F004C18091BD0A813009F445
:10C5F000CBC080917C028111ECC042E0442E439478
:10C600008C81481217C08091BD0A841509F41AC1A3
:10C6100080917C02882371F06C819D81691B81E08F
:10C620009091BD0A2C81921380E023E047EE5BE0FD
:10C630000F94641D81E0840D9C81891317C0809143
:10C64000BD0A891709F40FC180917C02882371F01B
:10C650006C812D81621B81E09091BD0A2C81921327
:10C6600080E023E049ED5BE00F94641D82E0840DDF
:10C670009091880B91110CC040917A0250917B02ED
:10C680002091CA133091CB13241735070CF40DC138
:10C690009C81891316C09091BD0A2C81921709F4D0
:10C6A000F3C080917C02882361F06C818D81681BCE
:10C6B00081E02C81921380E020E241EC5BE00F945A
:10C6C000641D83E0480E9C81491217C08091BD0A09
:10C6D000841509F412C180917C02882371F06C8169
:10C6E0002D81621B81E09091BD0A2C81921380E024
:10C6F00023E043EA5BE00F94641D81E0840D99819F
:10C70000992309F42DC1311036C02C81821315C034
:10C710009091BD0A921709F401C180917C0288238F
:10C7200061F06C818D81681B81E02C81921380E027
:10C7300020E240E95BE00F94641D82E0840D9C815F
:10C74000891317C08091BD0A891709F4F8C0809138
:10C750007C02882371F06C812D81621B81E09091B5
:10C76000BD0A2C81921380E023E042E85BE00F9445
:10C77000641D83E0840D9C819F5F9C832A819213BA
:10C780003DCE8093AC1396CE8091C50A1092C50A17
:10C79000882309F42ECF0E945C351092DD0310929D
:10C7A00058020E940D7B882341F080913A1682FD49
:10C7B00004C01093D5080093D40887E79BE00F943A
:10C7C0003D030E9459EC8091A913882309F411CFED
:10C7D00071CE81E09091BD0A913009F080E020E2B5
:10C7E0004CEF5BE0672D0F94641D07CF4424439406
:10C7F0008C81481204CF8091BD0A8415A1F08091EC
:10C800007C02882309F4FBCE6C819D81691B81E049
:10C810009091BD0A2C81921380E023E043EF5BE00E
:10C820000F94641DECCE8091C50A1092C50A88232E
:10C8300031F382E491E40E94CB388091A9138823DC
:10C84000F1F238CE8091C50A1092C50A882309F406
:10C85000DFCE81EB9FE30E94CB388091A913882320
:10C8600009F4D6CE27CE8091C50A1092C50A882336
:10C8700009F4EACE85E894E40E94CB388091A913AC
:10C88000882309F4E1CE16CE8091C50A1092C50A1C
:10C89000882309F406CFB092D508A092D4088091DD
:10C8A000A913882309F4FDCE05CE9C81891309CFF5
:10C8B0008091BD0A891791F080917C02882309F448
:10C8C00000CF6C812D81621B81E09091BD0A2C818B
:10C8D000921380E023E041EB5BE0F1CE8091C50A4A
:10C8E0001092C50A882341F38DE297E40E94CB3869
:10C8F0008091A913882301F3DDCD8091C50A1092A0
:10C90000C50A882309F4E7CE8EEE95E40E94CB3861
:10C910008091A913882309F4DECECCCD8091C50A7D
:10C920001092C50A882309F4F8CE9092D508809217
:10C93000D4088091A913882309F4EFCEBBCD809150
:10C94000C50A1092C50A882309F401CF8BE09CE345
:10C950000E94CB388091A913882309F4F8CEAACD80
:10C960009C81891317C09091BD0A2C81921302C03B
:10C970001092C50A80917C02882361F06C818D81C0
:10C98000681B81E02C81921380E020E249E05CE0AA
:10C990000F94641D82E0EECEE5E0F4E0128233965F
:10C9A00084E0E332F807D1F70895109228048AE072
:10C9B0008093240483E0809327048FE080932A04EB
:10C9C000E3EFF3E08FE18083818382830E94FB2C7D
:10C9D0000C94CC6460E075E684E10E94742E83E0E0
:10C9E0008093E10A8AE080932E041092E00A0E946C
:10C9F000D5641092E50A1092AF131092AE13089509
:10CA00006F927F928F929F92AF92BF92CF92DF925E
:10CA1000EF92FF920F931F93CF93DF9384E0809365
:10CA20007C028091F904882309F45CC08091AE13E4
:10CA30009091AF138E31910514F08DE190E097FF46
:10CA400002C090E080E09093AF138093AE13880F04
:10CA5000991F880F991F2091E50A422F022E000C82
:10CA6000550B4817590764F42D5FAC01421B51095F
:10CA700027FD5395423051050CF499C12093E50AE6
:10CA80002091E50A422F022E000C550B84179507C2
:10CA90006CF42350422F022E000C550B481B590BEF
:10CAA000423051050CF486C12093E50A8091DD0ADD
:10CAB0008823C1F090912D04992349F020912C04F2
:10CAC000920F90932C04933F14F410922D04823013
:10CAD00008F47AC181508093DD0A823009F06DC17B
:10CAE0000E94D5648091090582FF5CC380912E0469
:10CAF000815080932E048091C50A1092C50A882324
:10CB000031F08091DD0A81114FC310922E04809183
:10CB10002E04811102C00E945B5881E080930115B0
:10CB2000C09124042C2F0C2E000C330B8091230475
:10CB3000F9014AE08402E00DF11D1124CF010297B2
:10CB400040911515481719060CF061C08091171512
:10CB5000821713060CF45BC073EF672E73E0772E19
:10CB6000E5E98E2EE2E09E2E1EE11C0F8C2F0C2E8E
:10CB7000000C990B9C01295F3F4F409115154217FE
:10CB8000130609F0DCF52091171528171906B4F1E2
:10CB9000D0912804F401C080D12CCC0CDD1CB12C28
:10CBA000A12CF301808190E0B0E0A0E00A2C04C049
:10CBB000B695A795979587950A94D2F780FF16C0EA
:10CBC000E0902904EC0CFD2CF11C54E0EE0CFF1C51
:10CBD0005A95E1F7A70140575B4F7A0108E022E040
:10CBE0004C2F6D2F81EE94E10F94A02B5FEFA51ACF
:10CBF000B50AD25F65E0A616B10499F6C65F8FEF5D
:10CC0000681A780A9FEF891A990AC113AFCF8091E9
:10CC10002D04882389F080911515883068F446E842
:10CC2000E42E44E0F42E05E022E042E060912C0482
:10CC300081EE94E10F94A02B8091DD0A8823C9F046
:10CC4000909115159F33A8F490911715973388F09C
:10CC5000823010F081FF0DC036E7E32E34E0F32E72
:10CC600008E022E047E36091E50A81EE94E10F9449
:10CC7000A02B8091E00A8823C9F06091DF0A862FFB
:10CC8000062E000C990B9C012D5F3F4F409115150E
:10CC90004217130609F054F42091171528171906A6
:10CCA0002CF044E08091DE0A0F948B27C5E0D4E09D
:10CCB00003E214E08A818823B1F06981862F062E71
:10CCC000000C990B209115152817190609F05CF432
:10CCD000029720911715281719062CF0625043E08F
:10CCE00088810F948B2723960C171D0719F78091C5
:10CCF000E40A882329F14091E30A842F042E000CD2
:10CD0000990B9C012A5F3F4F50911515521713063E
:10CD100009F0B4F420911715281719068CF028E6AD
:10CD2000E22E24E0F22E07E022E06091E20A81EE9A
:10CD300094E10F94A02B8091E40A81508093E40A3F
:10CD40008091DD0A811102C00E94D22E80911515BA
:10CD50008A3008F03CC21092181589E080931915AA
:10CD600080912F04909130040E94ED7A8091E10A25
:10CD7000882309F42CC2C1E090E1C92ED12C809106
:10CD8000E10A8C1708F423C2B6016C1B7109660F07
:10CD9000660F660F83E6E82E84E0F82E05E021E0BA
:10CDA00041E081EE94E10F94A02BCF5FE8CF809318
:10CDB000E50A66CE8093E50A79CE843609F092CEF4
:10CDC00081E08093DD0A8ECE80912B048F5F80936B
:10CDD0002B0490912A04292F30E03595279582174E
:10CDE000130609F00CF494C08091290421E08227F5
:10CDF0008093290410922B04992309F489C080910F
:10CE0000270490912804980F20912604921724F06B
:10CE1000209125042917CCF48195809327048091D3
:10CE200024048B5F8093240490932804209123048E
:10CE3000082E000C990B3AE02302800D911D11245D
:10CE4000C9971CF084E10F94F71D809128049091FC
:10CE50002704890F8093280480912A04882309F4E9
:10CE600057C064E170E080E090E00F947026672B7B
:10CE7000682B692B09F04CC0E5E0F4E0D0E0C0E09D
:10CE800082818111C3C060912A0470E06F5F7F4F7F
:10CE9000072E000C880B990B0F9470266A507C4F5C
:10CEA000FB019081492F50E0F4E055954795FA95A4
:10CEB000E1F7FA01EB56FD4F208130E0BE01660F2D
:10CEC000771FC60FD71FCB5FDB4F9F708091280461
:10CED000FEE09F9F800D1124F901EE56FD4F9081D9
:10CEE000890F21573D4FF90190819695890F8883CD
:10CEF00080912404FAE04F9F800D1124885F89837C
:10CF000062E070E080E090E00F9470266E5F6A83CC
:10CF10002091E00A222349F08091DF0A280F209314
:10CF2000DF0A27FF7AC01092E00AC5E0D4E003E2EE
:10CF300014E08A81882339F09981890F89838034AC
:10CF40000CF413C11A8223960C171D0791F78091D8
:10CF50002D0481111BC064EF71E080E090E00F941C
:10CF60007026672B682B692B89F462E070E080E003
:10CF700090E00F947026672B682B692B09F40DC184
:10CF800081E080932D0483EF80932C048091E00A4C
:10CF9000882309F4A7CD80912D04882309F4A2CD1C
:10CFA0008091DF0A87300CF09DCD8091DE0AC09120
:10CFB0002C048C170CF496CD082E000C990B2C2FFA
:10CFC0000C2E000C330B245F3F4F281739070CF44D
:10CFD00089CD10922D041092E00A80912F04909137
:10CFE00030040A969093300480932F046AE070E036
:10CFF00088E290E00E94E734CF5FC093E20A81E0CC
:10D000008093E30A84E08093E40A6CCD2196339602
:10D01000CA30D10509F034CF7BCF109124042117F9
:10D020000CF483CF022E000C330BA12E012E000C2A
:10D03000BB08C5014D96821793070CF476CFC091BB
:10D04000DE0A8C2E0C2E000C9908D0912804C40105
:10D050008D1B9109D7FD93956EE070E00F941944F4
:10D06000D62E44E0461708F460CF2A193B09C901BF
:10D0700002966AE070E00F941944062F633008F0BE
:10D0800054CF41E050E060E070E00D2C04C0440F4C
:10D09000551F661F771F0A94D2F7202F002E000C11
:10D0A000330BD901AD50BC4FBC908B2D842309F4B8
:10D0B0003CCFC9018B569D4FFC01E0808E2D90E046
:10D0C000FD2EFEE0DF9EF00C1124FC01EE56FD4F1C
:10D0D000D081DF0DCD170CF428CF81579D4FFC0177
:10D0E000C0818C2F90E08D0F911DD7FD9A958816E9
:10D0F00099060CF01ACF1092E00A942F90959B217C
:10D100009C9383E090E0AC01421B530B80912F0471
:10D1100090913004840F951F9093300480932F04D6
:10D120006AE070E088E290E00E94E7348C2F8695F8
:10D130008D0F85508093E20A5AE0059F100D11244F
:10D140001093E30A84E08093E40A80912A048150DA
:10D1500080932A04882319F00E94FB2CE6CE84E1F8
:10D160008093DD0A0E94CC64E0CE87330CF4EBCED2
:10D1700028818091E50A28170CF4E5CE022E000CD8
:10D18000330B082E000C990B0A96821793070CF4A8
:10D19000DACE88E70F94F71DD6CE8FEF80932D045B
:10D1A0008FE7F2CE8AE0A5CC813009F0B0CC809137
:10D1B000E00A8111ACCC8091E50A8B5F8093DE0A96
:10D1C00084E38093DF0A8CEF8093E00AA0CCDF91A8
:10D1D000CF911F910F91FF90EF90DF90CF90BF9074
:10D1E000AF909F908F907F906F900895AF92BF9275
:10D1F000CF92DF92EF92FF920F931F93CF93DF9323
:10D20000EC015B018A01FB01199587FD16C0C82E50
:10D21000D12CF12CE12C2196F801C082D182E2823E
:10D22000F382CE01DF91CF911F910F91FF90EF908C
:10D23000DF90CF90BF90AF900895982F907E903C54
:10D24000A9F48F7190E0B0E0A0E06C017D0126E0D0
:10D25000CC0CDD1CEE1CFF1C2A95D1F7CE010196EB
:10D26000F50119958F73C82A2296D6CF982F907FF3
:10D27000903E11F58F7090E0B0E0A0E06C017D0170
:10D2800086E0CC0CDD1CEE1CFF1C8A95D1F7CE018C
:10D290000196F50119958F73C82A96E0CC0CDD1C18
:10D2A000EE1CFF1C9A95D1F7CE010296F501199557
:10D2B0008F73C82A2396B0CF982F987F903F79F527
:10D2C000877090E0B0E0A0E06C017D01F6E0CC0C4E
:10D2D000DD1CEE1CFF1CFA95D1F7CE010196F5017D
:10D2E00019958F73C82AA6E0CC0CDD1CEE1CFF1C20
:10D2F000AA95D1F7CE010296F50119958F73C82A28
:10D30000B6E0CC0CDD1CEE1CFF1CBA95D1F7CE01AB
:10D310000396F50119958F73C82A24967DCF982F0F
:10D320009C7F983FE1F5837090E0B0E0A0E06C0155
:10D330007D0156E0CC0CDD1CEE1CFF1C5A95D1F78C
:10D34000CE010196F50119958F73C82A66E0CC0CC1
:10D35000DD1CEE1CFF1C6A95D1F7CE010296F5018B
:10D3600019958F73C82A76E0CC0CDD1CEE1CFF1CCF
:10D370007A95D1F7CE010396F50119958F73C82AD6
:10D38000E6E0CC0CDD1CEE1CFF1CEA95D1F7CE01CB
:10D390000496F50119958F73C82A25963DCF982FCD
:10D3A0009E7F9C3F09F049C0817090E0B0E0A0E012
:10D3B0006C017D0186E0CC0CDD1CEE1CFF1C8A9507
:10D3C000D1F7CE010196F50119958F73C82A96E021
:10D3D000CC0CDD1CEE1CFF1C9A95D1F7CE010296F9
:10D3E000F50119958F73C82A26E0CC0CDD1CEE1CC4
:10D3F000FF1C2A95D1F7CE010396F50119958F737D
:10D40000C82A36E0CC0CDD1CEE1CFF1C3A95D1F787
:10D41000CE010496F50119958F73C82A46E0CC0C0D
:10D42000DD1CEE1CFF1C4A95D1F7CE010596F501D7
:10D4300019958F73C82A2696EFCE982F907C903836
:10D4400041F4807C803869F42196CE01F50119956C
:10D45000F8CF8E7F8D3F28F02196CE01F5011995EA
:10D46000F8CFC12CD12C7601D7CE4F925F926F921C
:10D470007F928F929F92BF92CF92DF92EF92FF9214
:10D480000F931F93CF93DF9300D000D01F921F9272
:10D49000CDB7DEB77C016A014901FB0190818CE0C8
:10D4A000989F800D1124982FF7012081822F880FDB
:10D4B000820F880F80931815909319154115510507
:10D4C00071F1FA82E9827C836B83011121C0AE0184
:10D4D0004B5F5F4FB401C6010E94F6686C016D811D
:10D4E0007E818F8198856115710581059105B9F05F
:10D4F0000E94F378F70180818F5F8083853138F354
:10D50000CE0101960E94BA2BE2CFB12C860129C030
:10D510008A01B12C26C0452846284728B1F728960D
:10D520000FB6F894DEBF0FBECDBFDF91CF911F9134
:10D530000F91FF90EF90DF90CF90BF909F908F90D2
:10D540007F906F905F904F900895B39407C0B11093
:10D550002EC001151105C9F20F5F1F4F01151105EE
:10D56000A9F2AE014B5F5F4FB401C6010E94F6689D
:10D570006C014D805E806F80788441145104610499
:10D580007104A9F0F0E24F16510461047104F9F23C
:10D59000D301C2018D97A109B1090297A105B10577
:10D5A00030F04BE2441651046104710471F6F70146
:10D5B0008081482F4B0D5527551F4631510534F0BA
:10D5C000853020F0CE0101960E94BA2B81E04114F3
:10D5D00051046104710409F480E0B80EF701808100
:10D5E0008B0D8083BB2009F496CFBA94AE014B5FBC
:10D5F0005F4FB401C8010E94F6688C016D817E8185
:10D600008F8198850E94F378EDCF1F93CF93DF939E
:10D6100000D01F92CDB7DEB710E0AE014F5F5F4F75
:10D6200069EB7DE20E94F66849815A816B817C81B9
:10D63000452B462B472B11F01F5FEFCF812F0F900B
:10D640000F900F900F90DF91CF911F9108951F932E
:10D65000CF93DF9300D01F92CDB7DEB710E0AE01BD
:10D660004F5F5F4F6CEB7DE20E94F66849815A8103
:10D670006B817C81452B462B472B11F01F5FEFCF31
:10D68000812F0F900F900F900F90DF91CF911F91EE
:10D6900008952F923F924F925F926F927F928F9256
:10D6A0009F92AF92BF92CF92DF92EF92FF920F9331
:10D6B0001F93CF93DF93CDB7DEB72D970FB6F894B6
:10D6C000DEBF0FBECDBF1092C40A8091C50A109272
:10D6D000C50A882361F140E060E08EEB91E60F948B
:10D6E000470481E08093DC0386E19FE09093B913C7
:10D6F0008093B8131092BB131092BA132D960FB6E5
:10D70000F894DEBF0FBECDBFDF91CF911F910F9177
:10D71000FF90EF90DF90CF90BF90AF909F908F9051
:10D720007F906F905F904F903F902F900895209141
:10D730001802309119024091AE135091AF13CA01F3
:10D74000820F931F2436310509F0BCC347305105C1
:10D7500044F006978A3091050CF0C3C38AE090E04C
:10D76000CAC306964A3F5F4FACF38091F904882301
:10D7700009F429C16091CA137091CB13072E000CD4
:10D78000880B990B0F94AA3F11E02091C61330919A
:10D79000C7134091C8135091C9130F949646181699
:10D7A0000CF010E060915A0770915B07072E000C97
:10D7B000880B990B0F94AA3F209156073091570779
:10D7C00040915807509159070F94964618160CF43B
:10D7D00010681093F404C0906202D0906302E0904D
:10D7E0006402F090650220E030E0A901C701B601B3
:10D7F0000F94A33F20E030E040E05FEB87FD04C0E2
:10D8000020E030E040E05FE3C701B6010F9436440A
:10D810000F94A245CB010E9455F0BC018FEE94E01D
:10D820000F949647C0906602D0906702E09068021D
:10D83000F090690220E030E0A901C701B6010F9421
:10D84000A33F20E030E040E05FEB87FD04C020E034
:10D8500030E040E05FE3C701B6010F9436440F9417
:10D86000A245CB010E9455F0BC018AEE94E00F94D2
:10D870009647C0906A02D0906B02E0906C02F090E4
:10D880006D0220E030E04AE754E4C701B6010F948E
:10D8900009404B015C0120E030E0A901C701B6015D
:10D8A0000F94A33F20E030E040EA50EC87FD04C035
:10D8B00020E030E040EA50E4C501B4010F94364462
:10D8C00020E030E040E251E40F9430450F94A2454F
:10D8D0006B017C0180E2F7FE09C0F094E094D094E3
:10D8E000C094C11CD11CE11CF11C8DE28093D50AAF
:10D8F00060E2F0E1CF16F7E2DF06E104F1048CF01C
:10D90000C701B60120E137E240E050E00F94B84390
:10D91000CA01B9012AE030E040E050E00F94B8437A
:10D92000605D6093D60A60E228EEC21623E0D2065C
:10D93000E104F1048CF0C701B60128EE33E040E0C9
:10D9400050E00F94B843CA01B9012AE030E040E04A
:10D9500050E00F94B843605D6093D70AC701B601E9
:10D9600024E630E040E050E00F94B8439AE0892E7E
:10D97000912CA12CB12CCA01B901A50194010F94DD
:10D98000B843605D6093D80AC701B601A501940150
:10D990000F94B843162FCA01B901A50194010F9441
:10D9A000B843112309F4B3C28EE28093D90A605DB3
:10D9B0006093DA0A105D1093DB0A65ED7AE082EE7F
:10D9C00094E00F9496470E94BF2DD82E81E00E94CC
:10D9D00087788091F40448E00CE087FD02C042E1C2
:10D9E00002E090911515943178F4909117159417E1
:10D9F00058F087FF9EC282EF9EE07C0123E060E545
:10DA000081EE94E10F94A02B809115158431B8F428
:10DA100080911715823098F0DD2009F48DC2809135
:10DA2000760B882309F488C286EB9EE07C0102E134
:10DA300023E042E068E681EE94E10F94A02B809110
:10DA400015158C3108F049C18090C6139090C7130A
:10DA5000A090C813B090C9136090CA137090CB13F4
:10DA6000843198F480911715883078F08091F4040F
:10DA700080FF65C288E69EE07C010CE022E048E081
:10DA800068E081EE94E10F94A02B80911515883009
:10DA9000E0F5D11004C08091A713811136C0B30105
:10DAA000770C880B990B0F94AA3F20E030E040E000
:10DAB0005FE30F9436440F94A245CB010E94D4F04B
:10DAC000FC01808193E0803229F4818192E08032F0
:10DAD00009F491E0892F880F880F492F481B842F64
:10DAE000815F8093181587E08093191523E030E05B
:10DAF000291B3109CF01820F931F0E94107A69E020
:10DB000070E080E090E00E94F378809115158C31F0
:10DB1000B0F580911715853190F120E030E040E0BC
:10DB20005FE3C501B4010F9436440F94A245CB01C5
:10DB30000E94D4F0FC01808193E0803229F481813D
:10DB400092E0803209F491E0892F880F880F692FC5
:10DB5000681B862F815F809318158CE180931915BF
:10DB600023E030E0291B3109CF01820F931F0E946F
:10DB7000107A69E070E080E090E00E94F378809095
:10DB8000560790905707A0905807B090590780917A
:10DB90001515883008F040C0D11004C08091A21340
:10DBA00081113AC060915A0770915B07072E000CF3
:10DBB000880B990B0F94AA3F20E030E040E05FE330
:10DBC0000F9436440F94A245CB010E94D4F0FC017F
:10DBD000808193E0803229F4818192E0803209F4DF
:10DBE00091E0892F880F880F292F281B822F845AB4
:10DBF0008093181587E08093191523E030E0291BE6
:10DC00003109CF01820F931F0E94107A69E070E002
:10DC100080E090E00E94F378809115158C31B0F58A
:10DC200080911715853190F120E030E040E05FE30E
:10DC3000C501B4010F9436440F94A245CB010E9454
:10DC4000D4F0FC01808193E0803229F4818192E05C
:10DC5000803209F491E0892F880F880F492F481BE3
:10DC6000842F845A809318158CE18093191523E032
:10DC700030E0291B3109CF01820F931F0E94107AD7
:10DC800069E070E080E090E00E94F37880911515E3
:10DC90008C3118F5809117158531F8F08091760B4D
:10DCA0008823D9F097E6909318159CE19093191565
:10DCB00064E6869FC001112481589F4F6FEF70E08A
:10DCC0000F941944CB010E94D4F00E94107A65E2AF
:10DCD00070E080E090E00E94F3780E940D7B882342
:10DCE00079F180911515843358F5809117158A3292
:10DCF00038F107E028E04AE26AE281EE94E10F940D
:10DD0000812805E022E04CE262E381EE94E10F9489
:10DD1000812824E04AE061E38AE20F940B286091B5
:10DD2000E3147091E41482E38093FD148BE28093FA
:10DD3000FE142DEF34E142E381EE94E10F94BD2611
:10DD400080911515853350F480911715813330F08B
:10DD500024E04AE461E386E30F940B2880913A16AD
:10DD600082FF2AC00E940D7B882309F4EBC08091BA
:10DD7000321690913316A0913416B0913516009753
:10DD8000A105B10509F4DEC0BC01CD016D597F4F7D
:10DD90008F4F9F4F24E630E040E050E00F949643D1
:10DDA0006091361670913716809138169091391619
:10DDB0000F9496432093DB036091DB03623010F1F4
:10DDC000809115158433F0F4809117158233D0F0CB
:10DDD00088E4689FB0011124072E000C880B990B72
:10DDE0000F94AA3F2AE037ED43E25CE30F94094029
:10DDF0000F94A945262F02E042E367E381EE94E108
:10DE00000F948128809115158F3208F0C1C0809140
:10DE10001715883208F4BCC00E940CEC4B015C0161
:10DE200020E13EE040E050E00F949643C22E732E76
:10DE3000E22EF32E8CE3282E312C412C512CC501DF
:10DE4000B401A20191010F949643CA01B901A20144
:10DE500091010F949643662E572E8E010F5F1F4F30
:10DE600090E8891691E5990691E0A906B10408F4B5
:10DE70006BC0C501B40120E831E541E050E00F94EA
:10DE8000964359015F926F92C70168E170E00F9469
:10DE900005449F938F933F932F9385E39EE09F9339
:10DEA0008F931F930F930F943A3F0FB6F894DEBFF2
:10DEB0000FBECDBF89E0FAE0AF16B10408F05BC039
:10DEC00088E059C0243631054CF485369105E4F4D8
:10DED0008A30910534F48AE090E009C084369105D7
:10DEE0009CF0883EE3E09E0714F087EE93E028174D
:10DEF000390709F43ACC90931902809318021092D2
:10DF0000AF131092AE1331CC84E690E0F4CF6623C9
:10DF100051F08EE28093D90A605D6093DA0A80E264
:10DF20008093DB0A4ACD80E28093DA0A8093D90A93
:10DF3000F6CF8CEE9EE061CD80E89EE077CD80E567
:10DF40009EE09ACD20E036CF24E6E216F10408F0F8
:10DF5000DBC05F926F927F92CF928BE29EE09F93A5
:10DF60008F931F930F930F943A3F0FB6F894DEBF31
:10DF70000FBECDBF85E0982F990F990F891B855A49
:10DF8000809318158FE280931915C8010E94107AAA
:10DF900080911515863208F064C0809117158E3176
:10DFA00008F45FC008E020E84EE160E081EE94E113
:10DFB0000F94812880911515863208F052C0809107
:10DFC00017158F3108F44DC01092011583E080932E
:10DFD000181515E21093191568E570E080E090E0DF
:10DFE0000E94F3788BE08093181510931915DD20AB
:10DFF00009F49DC08FEE94E00E94107A88E280932D
:10E00000181515E21093191569E570E080E090E0AD
:10E010000E94F37880E38093181510931915DD2082
:10E0200009F4A5C08AEE94E00E94107A8DE48093F2
:10E03000181515E2109319156AE570E080E090E07C
:10E040000E94F37885E58093181510931915DD204B
:10E0500009F4AFC082EE94E00E94107A81E08093D0
:10E06000011580911515823348F5809117158B3273
:10E0700028F183E00E94877883E08093181512E3EB
:10E080001093191566E070E080E090E00E94F3784C
:10E0900081E00E9487788CE0809318151093191501
:10E0A00080911802909119020E94D4F00E94107A77
:10E0B00065E270E080E090E00E94F37880911515B1
:10E0C000813408F01BCB80911715873308F416CBE9
:10E0D000109218158EE3809319158AE593E10E943A
:10E0E000276B182F863108F088C08AE593E10E94DB
:10E0F000107A153109F402CB60E270E080E090E024
:10E100000E94F3781F5FF5CF5F926F927F92CF925C
:10E1100083E29EE09F938F931F930F930F943A3F58
:10E120000FB6F894DEBF0FBECDBF86E024CF80913E
:10E13000310780FD13C00FEE14E0F80161918F01EB
:10E14000662309F45BCF6F320CF06FE3062E000CF0
:10E15000770B880B990B0E94F378EFCF8091380BE7
:10E1600080FD48CF8BE49EE00E94B57947CF809137
:10E170003107869580FD13C00AEE14E0F801619125
:10E180008F01662309F452CF6F320CF06FE3062E35
:10E19000000C770B880B990B0E94F378EFCF8091DE
:10E1A000380B869580FD3ECF8BE49EE00E94B579CA
:10E1B0003DCF809131078695869580FD13C002EE94
:10E1C00014E0F80161918F01662309F447CF6F32A3
:10E1D0000CF06FE3062E000C770B880B990B0E9456
:10E1E000F378EFCF8091380B8695869580FD32CFFE
:10E1F00083E49EE00E94B57931CFE0905913F12C71
:10E20000C701865A9C4E7C010E94276B182F60E83C
:10E2100070E0C7010E94B979153130F56EE270E007
:10E2200080E090E00E94F3781431F1F06EE270E04B
:10E2300080E090E00E94F3781331B1F0212F30E0BC
:10E240002E5F3F4F4AEF4203B001439F700D1124F0
:10E2500060587F4F8AE593E10E94B97960E270E0EF
:10E2600080E090E00E94F3788091E104D81609F4F0
:10E2700045CAD092E1048AE593E10E94276B909110
:10E280005913981760F49F5FE92FF0E0E65AFC4EAF
:10E290008081807C8038B9F3909359132FCA1092F3
:10E2A00059132CCA089590E080E008959091D30806
:10E2B000E92FF0E0E55EFA4E80839F5F953040F4F1
:10E2C0009093D3088091B80A8F5F8093B80A08951D
:10E2D0001092D308F7CF4F925F926F927F928F92F6
:10E2E0009F92AF92BF92CF92DF92EF92FF92CF9325
:10E2F0004B015C0169017A0120E030E048E352E41F
:10E30000C701B6010F9436442B013C0124E330E0F1
:10E3100040EB51EC0F94964687FD50C023E030E867
:10E3200046E953E4C301B2010F94A33F18160CF45D
:10E3300045C020E030E040E850E4C501B4010F944E
:10E3400036442B013C0124E330E040EA51EC0F94C9
:10E35000964687FD33C023E030E046E953E4C3012D
:10E36000B2010F94A33F18164CF127E93FEF4FE19C
:10E3700051E4C501B4010F94964687FD1FC023E008
:10E3800030E047E853E4C501B4010F94A33F1816E9
:10E39000ACF027E93FEF4FE151E4C701B6010F941C
:10E3A000964687FD0BC0C1E027E030E045E753E427
:10E3B000C701B6010F94A33F18160CF4C0E08C2FD0
:10E3C000CF91FF90EF90DF90CF90BF90AF909F9054
:10E3D0008F907F906F905F904F9008952FEB280F54
:10E3E0002A3108F042C0E22FF0E08091BD05909103
:10E3F000BE05A091BF05B091C00504C0B695A79514
:10E40000979587952A95D2F780FD02C0817008956F
:10E41000ED55FA4FE081EE2329F180913E0B90916A
:10E420003F0BE80FF92FF11D808190ED980F9A3086
:10E4300030F08E3251F4818180538A3098F4F09319
:10E440009305E093920581E008958D3211F08B32AF
:10E4500049F4818190ED980F9A3088F38E3211F44F
:10E460008281EACFF0E0E0E0EACF80E008950E9408
:10E47000EE71882341F081E020919205309193055F
:10E48000232B09F480E008952F923F924F925F92E0
:10E490006F927F928F929F92AF92BF92CF92DF92B4
:10E4A000EF92FF920F931F93CF93DF93CDB7DEB719
:10E4B0002E970FB6F894DEBF0FBECDBFE82ED62E36
:10E4C000042F122F282F30E03C872B87462F50E057
:10E4D0005A87498765E0F62EF29EC001F39E900DA3
:10E4E00011249E878D87FA01E80FF91FEE0FFF1F99
:10E4F000EE0FFF1FE353F94F608171818281938199
:10E500009B01AC010F942847882309F434C1E00E25
:10E51000612F6D0DFE9CF0011124A985BA85AE0F07
:10E52000BF1FAA0FBB1FAA0FBB1FA353B94FAC90AD
:10E530001196BC9011971296CC9012971396DC907E
:10E54000E00EFE9CA0011124A985BA85A40FB51F79
:10E55000AA0FBB1FAA0FBB1FA353B94FEC90119674
:10E56000FC90119712960C91129713969C90862FFF
:10E5700090E0AD85BE85A80FB91FAA0FBB1FAA0FDB
:10E58000BB1FA353B94F8C9011967C901197129694
:10E590006C90129713965C90610F70E0AD85BE850C
:10E5A000A60FB71FAA0FBB1FAA0FBB1FA353B94FBC
:10E5B0004C9011963C90119712961C9112971396BD
:10E5C0002C90E80FF91FEE0FFF1FEE0FFF1FE35314
:10E5D000F94FB081B98321812A8332813B838381C2
:10E5E0008C83FA01E60FF71FEE0FFF1FEE0FFF1FE0
:10E5F000E353F94F90819D83A181AE83B281BF83A4
:10E60000238128879701402F592DB701802F992DFD
:10E610000F942847882321F0E12CF12C00E0912C65
:10E620009501A601B501C6010F942847882319F06A
:10E630005701C02ED92C242D332D412F522D642D5E
:10E64000732D812F922D0F942847882321F0412C80
:10E65000312C10E0212C282D372D462D552D682DDD
:10E66000772D862D952D0F942847882321F0842C13
:10E67000732C612E522C2D813E814F8158856D81E6
:10E680007E818F8198850F942847882321F01D82F1
:10E690001E821F82188629813A814B815C816981A3
:10E6A0007A818B819C810F942847882341F03D819A
:10E6B00039834E814A835F815B8388858C8385E0C3
:10E6C000EB85FC858E9FD0018F9FB00D112429858D
:10E6D0003A85A20FB31FAA0FBB1FAA0FBB1FA353DC
:10E6E000B94FBA87A9879501A601B501C6010F9454
:10E6F00036449701402F592D0F9435446B017C010E
:10E70000282D372D462D552D682D772D862D952DAD
:10E710000F943644242D332D412F522D0F94354420
:10E720009B01AC01C701B6010F9436446B017C011B
:10E7300029813A814B815C8169817A818B819C81BD
:10E740000F9436442D813E814F8158850F94354476
:10E750009B01AC01C701B6010F94364420E030E0C4
:10E7600040E450E40F943045A985BA856D937D93BC
:10E770008D939C9313972E960FB6F894DEBF0FBE21
:10E78000CDBFDF91CF911F910F91FF90EF90DF9060
:10E79000CF90BF90AF909F908F907F906F905F9041
:10E7A0004F903F902F900895DF92EF92FF920F933A
:10E7B0001F93CF93DF93EC01D62E1CAD0BAD7C01E4
:10E7C00084E0E80EF11CE98DFA8DC7011995412FFF
:10E7D000480F2D2D602FC7010F94E22A9BAD890FA2
:10E7E0008BAF81E090E0DF91CF911F910F91FF906F
:10E7F000EF90DF9008958F929F92AF92BF92CF9249
:10E80000DF92EF92FF920F931F93CF93DF93EC0170
:10E810008B017A018A859B858617970731F088815D
:10E8200099810F94BC291B870A8788859985019651
:10E83000F9F46A818E81680F97014C8188819981F2
:10E840000F94752B2E813F81820F932F911D9F83F3
:10E850008E8390E080E0DF91CF911F910F91FF9028
:10E86000EF90DF90CF90BF90AF909F908F900895E2
:10E87000CE80DF80F701008110E0002309F1A8803D
:10E88000B980602FC5010F94142AF50111891195E3
:10E890004701FFEF8F1A9F0AF40181914F01F501A3
:10E8A000882341F09089190F082F682FC5010F9414
:10E8B000142AF2CF003279F083899189890F180FD9
:10E8C000C10ED11C288539852C153D0508F0B1CF26
:10E8D00081E090E0C0CF8089F2CF80919205909145
:10E8E0009305009731F04AE050E070E060E00D944D
:10E8F000A23C60E070E0CB010895CF93DF93EB0181
:10E900000E943772882319F00E946D74EB01CE01CA
:10E91000DF91CF9108950E946D7497FD0CC00E9405
:10E920006D746F3F71058105910509F034F40E9403
:10E930006D74862F089580E008958FEF0895CF932A
:10E94000C62F0E943772882319F0CF910C948B74D4
:10E950008C2FCF9108958091920590919305892BEA
:10E9600041F00E948B7491E0811101C090E0892FE9
:10E97000089591E0FCCFCF93DF93C82FD62F0E944C
:10E980003772882321F0DF91CF910C94AB748C2FD8
:10E990000E94EE71811101C08D2FDF91CF910895FA
:10E9A0000E946D74CB010895CF93DF93EB010E9419
:10E9B0003772882321F0DF91CF910C94D074CE016F
:10E9C000DF91CF910895CF92DF92EF92FF920F9354
:10E9D0001F93CF93DF938B01C2E6D2E020917602A2
:10E9E000309177024091780250917902FC01608168
:10E9F0007181828193810F9430452C853D854E85B0
:10EA00005F850F9436446C877D878E879F87C12CE6
:10EA1000D12C76012EE632E04AE652E066E672E05C
:10EA2000CE010F944919DF91CF911F910F91FF9063
:10EA3000EF90DF90CF900C9496DB0F931F93CF93C2
:10EA4000DF9383E50E943772882349F10E948B741B
:10EA5000823059F1833009F446C0813001F504EB6E
:10EA600012E0C0E0F80181918F010E943772882383
:10EA700039F00E948B744FEF682F8C2F0F94131A6C
:10EA8000CF5FC43079F782E40E943772882339F06F
:10EA90000E948B744FEF682F84E00F94131ADF915C
:10EAA000CF911F910F910C94EBD004EB12E0C0E0DA
:10EAB000F80181918F010E943772882339F00E94FA
:10EAC0008B74482F6FEF8C2F0F94131ACF5FC430C5
:10EAD00079F782E40E943772882309F30E948B74CD
:10EAE000482F6FEFD9CFC4EBD2E008EB12E0899149
:10EAF0000E94377281110E948B740C171D07B9F7A1
:10EB000082E40E943772882351F20E948B74C7CF2F
:10EB1000CF92DF92EF92FF920F931F93CF9390913A
:10EB20000202913009F461C0662351F01092810510
:10EB300010927D0510927E0510927F05109280053F
:10EB4000C82F0F94CF24C0907D05D0907E05E09013
:10EB50007F05F09080059B01AC012C193D094E0901
:10EB60005F0969017A01F7FC40C020918105C7FD6A
:10EB700015C04C2F0C2E000C550B4C5F5F4FE22F35
:10EB8000022E000CFF0B4E175F077CF144EFC42EE2
:10EB9000DD24D394E12CF12C2C1734F438EEC32E61
:10EBA00033E0D32EE12CF12CC60ED71EE81EF91E41
:10EBB000C0927D05D0927E05E0927F05F09280059F
:10EBC000022F017010E084E2809FB001819F700DE0
:10EBD000701B112460597C4F82E390E00E94E7345F
:10EBE000809181058F5F80938105CF911F910F9157
:10EBF000FF90EF90DF90CF900895CF92DF92EF9249
:10EC0000FF920F931F93CF93DF936B017A01EC0177
:10EC1000CC5CDA4F28813CE0389F8001399F100D91
:10EC2000112427FF24C0FB011182108288818F5F8D
:10EC3000888388819801280F311D87FD3A95C90185
:10EC400020919614F6012817190629F024F08881DE
:10EC50008C300CF43CC080819181049680349C49B6
:10EC600008F475C0F60180819181049672C0888194
:10EC70009801280F311D87FD3A95C90120919614FE
:10EC80002817190699F294F28881A801480F511D9E
:10EC900087FD5A95FA01EE0FFF1FE40FF51FE65DA1
:10ECA000FB4E808186FFC2CF8881F801E80FF11DFD
:10ECB00087FDFA95CF01EE0FFF1FE80FF91FE65D04
:10ECC000FB4E808160E08F730F940623AFCF80816D
:10ECD00091812881A801420F511D27FD5A959A0163
:10ECE000FA01EE0FFF1FE20FF31FE65DFB4E2181DD
:10ECF0003281820F931FF70191838083888198016D
:10ED0000280F311D87FD3A95F901EE0FFF1FE20F25
:10ED1000F31FE65DFB4E808186FF20C08881080FCF
:10ED2000111D87FD1A95F801EE0FFF1FE00FF11F6F
:10ED3000E65DFB4E808161E08F73DF91CF911F9183
:10ED40000F91FF90EF90DF90CF900D94062380E419
:10ED50009CE9F701918380838FEF8883DF91CF91C6
:10ED60001F910F91FF90EF90DF90CF9008958091C9
:10ED7000920590919305009731F04AE050E070E0E1
:10ED800060E00D94D03D60E070E0CB0108950F93FA
:10ED90001F93CF9380919205909193050097E9F08E
:10EDA000FC018F01C1912C2F2F7D81F0C53411F012
:10EDB000C536B9F7F801108270E060E00F94443B6B
:10EDC000F801C083CF911F910F91089570E060E02A
:10EDD000CF911F910F910D94443B60E070E0CB0107
:10EDE000F1CFCF92DF92EF92FF926A017B010E94F6
:10EDF0003772882331F0FF90EF90DF90CF900C9422
:10EE0000C776C701B601FF90EF90DF90CF900895CD
:10EE1000CF92DF92EF92FF920F931F93CF93DF93E6
:10EE200084EBC82E82E0D82E92E3E92E97E0F92EEB
:10EE300002E612E0D0E0C0E0F60181916F010E948D
:10EE40003772882309F447C00E94C776FE01E7564F
:10EE5000FA4F2081211104C02091A105222339F00D
:10EE6000F80120813181428153810F943644F701AA
:10EE700060837183828393832196F4E0EF0EF11C0B
:10EE80000C5F1F4FC430D105B9F640E050E0BA0125
:10EE900086E40E94F17620E030E0A9010F949646C6
:10EEA000181684F40E94C77620E030E040E752E470
:10EEB0000F94304560935E0270935F02809360020E
:10EEC00090936102DF91CF911F910F91FF90EF908E
:10EED000DF90CF900895F80180819181A281B38164
:10EEE000F70180839183A283B383C6CF83E50E9419
:10EEF0003772882399F00E94C77620E030E04AE715
:10EF000054E40F9409400F94A94560930E02709346
:10EF10000F028093100290931102089588E50E94D9
:10EF2000EE71811111C089E50E94EE7181110CC052
:10EF30008AE50E94EE71811107C085E40E94EE719E
:10EF4000811102C00C9414DD0E9496DB88E50E94BA
:10EF5000EE71882331F0179A8091380B8E7F809361
:10EF6000380B89E50E94EE71882331F0169A809162
:10EF7000380B8D7F8093380B8AE50E94EE718823D1
:10EF800031F0159A8091380B8B7F8093380B85E494
:10EF90000E94EE718111149A089590910501947068
:10EFA0009093030187FD68C0A39890910501909507
:10EFB00094709093030190910501947090930301D4
:10EFC00086FD66C0A39890910501909594709093EA
:10EFD00003019091050194709093030185FD56C043
:10EFE000A39890910501909594709093030190914E
:10EFF000050194709093030184FD46C0A3989091FD
:10F00000050190959470909303019091050194707F
:10F010009093030183FD36C0A398909105019095CC
:10F020009470909303019091050194709093030163
:10F0300082FD26C0A39890910501909594709093BD
:10F0400003019091050194709093030181FD16C016
:10F05000A39880910501809584708093030180912D
:10F060000501847080930301A39880910501809528
:10F070008470809303010895A39A97CFA39AE9CF50
:10F08000A39AD9CFA39AC9CFA39AB9CFA39AA9CF4C
:10F09000A39A99CF0F934CE0849F402D112421E037
:10F0A000240F2093D4038CE0840F8093370B90E0DF
:10F0B0000296309115153817190621F01CF080E0E2
:10F0C0000F910895809117152817C8F781E0809354
:10F0D0000115662351F04D5F0BE020E860E081EE02
:10F0E00094E10F948128109201158091370B909133
:10F0F0001515891720F3209117159091D40329171E
:10F10000F0F2109218158093191581E0D9CF209153
:10F11000AF06022E000C330B8217130661F08093AA
:10F12000AF0661E87EE1813011F065E77FE381EEB3
:10F1300094E10D94BC290895EF92FF920F938CEF08
:10F14000E82E8DE1F82E03E127E047E064E281EE4E
:10F1500094E10F94A02B83E00E94877822E733E0AC
:10F160004BE265E281EE94E10F94752B2CE733E0DE
:10F1700047E367E081EE94E10F91FF90EF900D94EB
:10F18000752BCF93DF93FC0125AD211104C021E045
:10F1900025AF0F94C126C091E314D091E414E091FF
:10F1A0001215F091131582E01995E0911215F09166
:10F1B000131581E0199530E020E044E1BE0181EEB5
:10F1C00094E10F94BD2624E135E147E1BE0181EED3
:10F1D00094E10F94BD26E0911215F091131580E093
:10F1E000DF91CF911994EF92FF920F931F93CF93DA
:10F1F000DF93CDB7DEB72C970FB6F894DEBF0FBE06
:10F20000CDBF6F3F71058105910509F0C0F48DED0B
:10F2100094E10E94D473E091E514F091E6143196E4
:10F22000849190E02C960FB6F894DEBF0FBECDBF50
:10F23000DF91CF911F910F91FF90EF900895109162
:10F240001815009119152091DC0321110FC04CED08
:10F250005DE1602F812F0F944E2B20E030E0120FE4
:10F260001093181500931915C901DCCFE090E5142F
:10F27000F090E61421EE34E13A832983212F30E027
:10F280003C832B83202F30E03E832D8318861F8202
:10F290002FEF3FEF3A8729871C861B869E012F5F41
:10F2A0003F4FAB01BC01C7010F944C03B70181EE86
:10F2B00094E10F94BC292F813885D1CFEF92FF9232
:10F2C0000F931F93CF93DF93CDB7DEB72C970FB675
:10F2D000F894DEBF0FBECDBF10911815009119151F
:10F2E0002091DC0321111AC04CEB5DE1602F812FCE
:10F2F0000F944E2B80E090E0180F10931815009398
:10F3000019152C960FB6F894DEBF0FBECDBFDF9156
:10F31000CF911F910F91FF90EF900895E090E51429
:10F32000F090E61421EE34E13A832983212F30E076
:10F330003C832B83202F30E03E832D8318861F8251
:10F340007A8769871C861B869E012F5F3F4F49EB9A
:10F350005DE2BC01C7010F940C04B70181EE94E19A
:10F360000F94BC298F819885C7CF6FEF7FEF0C94E6
:10F370005E79EF92FF920F931F93CF93DF93CDB7F8
:10F38000DEB72C970FB6F894DEBF0FBECDBF10913D
:10F390001815009119152091DC0321111AC04CE9B0
:10F3A0005DE1602F812F0F944E2B80E090E0180FCD
:10F3B00010931815009319152C960FB6F894DEBF0C
:10F3C0000FBECDBFDF91CF911F910F91FF90EF90B6
:10F3D0000895E090E514F090E61421EE34E13A83CC
:10F3E0002983212F30E03C832B83202F30E03E8384
:10F3F0002D8318861F827A8769871C861B869E014B
:10F400002F5F3F4F4CEB5DE2BC01C7010F940C0432
:10F41000B70181EE94E10F94BC298F819885C7CF05
:10F420006FEF7FEF0C94B979AF92BF92CF92DF92DA
:10F43000EF92FF920F931F93CF93DF935C016B01C9
:10F440000E94056BE82EC6010E94276BF12C03E198
:10F4500010E0081B1109C5E20E151F050CF4CFE1E1
:10F460008C2F90E09C012E5F3F4F40911515421765
:10F47000130609F094F50997209117152817190616
:10F4800064F110921815C0931915C5010E94B57941
:10F49000D1E0C114D104B1F06AE370E080E090E003
:10F4A0000E94F3780E151F05D4F4C45F80911515E2
:10F4B000C81740F0209117154C2F4950550B2417B1
:10F4C00015067CF4DF91CF911F910F91FF90EF9083
:10F4D000DF90CF90BF90AF900895D0E0DACFDD23DA
:10F4E00089F3802F880F080F000F00931815C09321
:10F4F000191560E270E080E090E00E94F378C601A8
:10F50000DF91CF911F910F91FF90EF90DF90CF90FF
:10F51000BF90AF900C94107ACF92DF92EF92FF924F
:10F520000F93CF93DF93982F862F6A017901692F6C
:10F530000E944A78882309F448C0C701002309F1D2
:10F540000E94056BC82F83E190E08C1B9109D82F96
:10F55000DD0FD80FDD0F6D2F70E0C6010E945E79C0
:10F56000D81B6AE370E080E090E00E94F378D73027
:10F5700058F060E270E080E090E00E94F378D81BE1
:10F58000F6CF0E94276BDECF8091370B9C2F990F0F
:10F59000990FC91BCC0FC058C0931815809319152B
:10F5A000C701002349F0DF91CF910F91FF90EF90B9
:10F5B000DF90CF900C94B579DF91CF910F91FF90B0
:10F5C000EF90DF90CF900C94107ADF91CF910F9154
:10F5D000FF90EF90DF90CF900895CF92DF92EF925F
:10F5E000FF926C01990FEE08FF084AE0C701B601CF
:10F5F000F7FE0DC06DE28DED94E10E94D473662795
:10F600007727CB016C197D098E099F094AE0FF908D
:10F61000EF90DF90CF900D94D81C90913A1693FB09
:10F62000882780F993FF06C081E09091DC13911147
:10F6300001C080E008954F925F926F927F928F9207
:10F640009F92AF92BF92CF92DF92EF92FF920F9371
:10F650001F93CF931092C2051092C1052FE3209300
:10F66000C5051092C4051092C3051092BD051092F5
:10F67000BE051092BF051092C0059C01F901908152
:10F680002F5F3F4F9032D1F39E34C9F4818190EDCA
:10F69000980F9A3020F08D3211F08B3281F432962F
:10F6A0009F012F5F3F4F808180538A3008F46FC0E5
:10F6B0009F012F5F3F4F8081803209F46AC0F09331
:10F6C0003F0BE0933E0B8F010F5F1F4FC0816AE23B
:10F6D00070E0C8010F948B47009731F0FC0131971F
:10F6E00080818032E1F31182CD3421F0C43511F0F4
:10F6F000C734E9F5F80180810F5F1F4F8032D1F3E5
:10F7000080538A30A0F5C093C50590E080E0AAE060
:10F71000AF014F5F5F4F2081022E000C330B20534F
:10F720003109A89FB001A99F700D1124C901860F4E
:10F73000971FFA01208120532A3050F39093C4057B
:10F740008093C305DF0131962C912032D9F3CD345B
:10F7500061F58E31910539F0F4F48731910519F096
:10F760008C31910511F5B093C205A093C105CF91DD
:10F770001F910F91FF90EF90DF90CF90BF90AF90CF
:10F780009F908F907F906F905F904F900895F901B8
:10F7900087CFF9018DCF853791053CF087379105EB
:10F7A00014F3803A23E09207F1F210913E0BC12C42
:10F7B000D12C760150E040E0812C912C54018394AF
:10F7C00001C0DF01FD0131962C91222309F481C093
:10F7D0002132E1F4CD34D1F480329105B9F4C092F4
:10F7E000BD05D092BE05E092BF05F092C005F09332
:10F7F000C205E093C10563E270E0CF010F948B472F
:10F80000009709F4B4CFDC011C92B1CF21542A3106
:10F8100008F05AC0DF013D91303291F060ED630F86
:10F820006A30E8F03E3271F4318130533A30B8F04A
:10F830004115510519F4AF014150510930E013C091
:10F84000FD01E8CF3D3211F03B3291F7318160ED9F
:10F85000630F6A3020F03E3259F73281E6CF3E2FF7
:10F86000311B309759F3622F70E02401350104C039
:10F87000440C551C661C771C2A95D2F7C428D52841
:10F88000E628F7286D557A4FDB013C9320812154FF
:10F890002A3108F496CFDF01FD012D91222309F4CE
:10F8A00090CF30ED320F3A30B8F333ED320F3230C3
:10F8B00098F32B3289F39F012F5F3F4F60816032B5
:10F8C00009F07FCFF901F7CF41155105F9F6AD01E8
:10F8D000DDCF5093C2054093C105C092BD05D092C3
:10F8E000BE05E092BF05F092C00541CF4F925F92F6
:10F8F0006F927F928F929F92AF92BF92CF92DF9240
:10F90000EF92FF920F931F93CF93DF93EC016091DF
:10F91000B2067091B306072E000C880B990B0F945A
:10F92000AA3F9B01AC01688179818A819B810F94F8
:10F9300035446B017C016091B4067091B506072EC9
:10F94000000C880B990B0F94AA3F9B01AC016C81B2
:10F950007D818E819F810F9435444B015C01A7010D
:10F96000960160910A0270910B0280910C029091B5
:10F970000D020F94A33F882309F45AC0C0920A02D3
:10F98000D0920B02E0920C02F0920D0220917505CC
:10F99000309176054091770550917805C701B60101
:10F9A0000F9409402B013C010F94D8456B017C0159
:10F9B00020E030E0A9010F94A33F87FD7AC020E04A
:10F9C00030E040E850E4C701B6010F94964618169F
:10F9D00034F4C12CD12CC0E8EC2EC0E4FC2EA701DD
:10F9E0009601C301B2010F9435442B013C0120E084
:10F9F00030E0A9010F94A33F87FD5FC040927105DD
:10FA0000509272056092730570927405C701B60139
:10FA10000F94A24560937005062E000C770B6F5F64
:10FA20007F4F6430710514F064E070E060936F05FF
:10FA3000D091050210917005A50194016091060214
:10FA40007091070280910802909109020F94A33FE0
:10FA500081113CC0D11394C02091510530915205C1
:10FA60004091530550915405609171057091720554
:10FA700080917305909174050F940940209155056C
:10FA80003091560540915705509158050F943644D2
:10FA9000DF91CF911F910F91FF90EF90DF90CF906A
:10FAA000BF90AF909F908F907F906F905F904F909E
:10FAB0000895C12CD12C760192CF1092710510922D
:10FAC00072051092730510927405A0CF8092060201
:10FAD00090920702A0920802B09209022091790543
:10FAE00030917A0540917B0550917C05C501B401A8
:10FAF0000F9409404B015C010F94D8456B017C01C8
:10FB000020E030E0A9010F94A33F87FDF9C020E079
:10FB100030E040E850E4C701B6010F94964618164D
:10FB200034F4C12CD12CB0E8EB2EB0E4FB2EA701AD
:10FB30009601C501B4010F9435444B015C0120E0EE
:10FB400030E0A9010F94A33F87FDDEC080926B05D2
:10FB500090926C05A0926D05B0926E05C701B6013A
:10FB60000F94A24560936A05062E000C770B6F5F19
:10FB70007F4F6430710514F064E070E060936905B4
:10FB8000C0916A05D11305C0809104028C1709F455
:10FB90006CC010930502C09304020C2E000CDD0B08
:10FBA00025E01203C0011124FC01EC0FFD1FEE0F34
:10FBB000FF1FEE0FFF1FE353F94F20813181428178
:10FBC00053812093650530936605409367055093F4
:10FBD000680500916905002E000C110BFC01E00F77
:10FBE000F11FEE0FFF1FEE0FFF1FE353F94F608170
:10FBF0007181828193810F94354460936105709384
:10FC00006205809363059093640520916F0535E04C
:10FC10002303F0011124CE0FDF1FCC0FDD1FCC0F0B
:10FC2000DD1FC353D94F288139814A815B812093DD
:10FC30005D0530935E0540935F0550936005E00FCE
:10FC4000F11FEE0FFF1FEE0FFF1FE353F94F60810F
:10FC50007181828193810F9435446093590570932B
:10FC60005A0580935B0590935C0580906B0590909E
:10FC70006C05A0906D05B0906E05209161053091E6
:10FC800062054091630550916405C501B4010F946C
:10FC900009402091650530916605409167055091B6
:10FCA00068050F9436446B017C01C0925505D092D3
:10FCB0005605E0925705F09258052091590530916C
:10FCC0005A0540915B0550915C05C501B4010F9444
:10FCD000094020915D0530915E0540915F0550918E
:10FCE00060050F943644A70196010F943544609344
:10FCF0005105709352058093530590935405ACCEF3
:10FD0000C12CD12C760113CF10926B0510926C058B
:10FD100010926D0510926E0521CFCF93DF93CDB772
:10FD2000DEB72C970FB6F894DEBF0FBECDBF882389
:10FD300031F02091B7063091B806232B19F190913C
:10FD4000400B9817F9F00E9496DB8CE0E8EAF2E0AD
:10FD5000DE01119601900D928A95E1F7CE01019690
:10FD60000E94767C8091400B8823A9F04AE652E0FD
:10FD700066E672E082E692E00E94BBDA1092400BE7
:10FD80000E94F6E42C960FB6F894DEBF0FBECDBFEE
:10FD9000DF91CF91089581E08093400B82E692E05D
:10FDA0000E9489DAEDCF80E00E948D7E1092BA0623
:10FDB0001092B9061092B8061092B7061092B506C6
:10FDC0001092B4061092B3061092B206EDECF6E073
:10FDD00021E337E080E090E0A0ECBFE780839183EF
:10FDE000A283B38384839583A683B7838087918717
:10FDF000A287B38784879587A687B787808B918BE7
:10FE0000A28BB38B74962E173F0741F70895CF92BC
:10FE1000DF92EF92FF920F931F93CF93DF93CDB7B3
:10FE2000DEB72C970FB6F894DEBF0FBECDBF6B01C7
:10FE30007C01142FAC019B016091B4137091B51338
:10FE40008091B6139091B7130F94A33F882309F4C0
:10FE500094C00091400B80E00E948D7E20E030E055
:10FE6000A901C701B6010F94964618161CF0C12CC3
:10FE7000D12C7601C092B413D092B513E092B61390
:10FE8000F092B7132DEB37E346E855EBC701B60107
:10FE90000F94964687FD0BC02DEB37E346E855E3FC
:10FEA000C701B6010F94A33F18160CF062C0A7015A
:10FEB000960160E070E080E89FE30F943045609326
:10FEC000420770934307809344079093450780EF60
:10FED0009FEFA9E7B4EC8093460790934707A09360
:10FEE0004807B0934907002309F447C08091620294
:10FEF00090916302A0916402B091650289839A8314
:10FF0000AB83BC838091660290916702A0916802E6
:10FF1000B09169028D839E83AF83B88780916A0216
:10FF200090916B02A0916C02B0916D0289879A87C3
:10FF3000AB87BC8781E00E948D7E1123F1F04CE0FD
:10FF400050E062E672E0CE0101960F945047892B93
:10FF5000A1F02C960FB6F894DEBF0FBECDBFDF9197
:10FF6000CF911F910F91FF90EF90DF90CF900C9465
:10FF700065F360E070E0CB01A2CF2C960FB6F89449
:10FF8000DEBF0FBECDBFDF91CF911F910F91FF90CC
:10FF9000EF90DF90CF900895CF92DF92EF92FF9293
:10FFA0006091B7067091B806072E000C880B990B6C
:10FFB0000F94AA3F6B017C012DEB37E346E855EB2C
:10FFC0000F94964687FD0BC02DEB37E346E855E3CB
:10FFD000C701B6010F94A33F18160CF043C0A70148
:10FFE000960160E070E080E89FE30F9430456093F5
:10FFF00075057093760580937705909378056091E9
:020000021000EC
:10000000B9067091BA06072E000C880B990B0F9455
:10001000AA3F6B017C012DEB37E346E855EB0F94CB
:10002000964687FD0AC02DEB37E346E855E3C70146
:10003000B6010F94A33F1816CCF4A701960160E017
:1000400070E080E89FE30F943045609379057093EA
:100050007A0580937B0590937C05FF90EF90DF906D
:10006000CF90089560E070E0CB01C1CF60E070E018
:10007000CB01EBCF282FE82FF0E09091380B892FA0
:1000800090E0B0E0A0E004C0B695A795979587955D
:100090002A95D2F780FF14C08091D7039091D8039E
:1000A000860F971F9093D8038093D703EE0FFF1FFF
:1000B000E45BF84F80819181680F791F71836083C1
:1000C0000895CF92DF92EF92FF926B017C0183E360
:1000D000C816D104E104F10470F082E3C81AD10813
:1000E000E108F10862E370E080E090E00F949C2466
:1000F0000E941ECDECCFC701B6010F949C24FF9047
:10010000EF90DF90CF900C941ECD80913705811138
:1001100007C00E9475FF882319F081E0809337059E
:100120000895A6E7BBE01C92E9EDF3E0108211967A
:100130001C9211820895CF93C82F8093D2080E94F9
:1001400096E5CC2349F024982C9A65E070E080E095
:1001500090E0CF910D949C24249A2C98CF910895EF
:10016000DC01EC918E2F90E0FC01EE0FFF1FE80FF9
:10017000F91FE65DFB4E80818F7B80830895009799
:1001800081F41092900082E080939100109295008B
:1001900010929400C19A80917100826080937100E6
:1001A00008958130910569F41092A00082E0809357
:1001B000A1001092A5001092A40089BB8093720048
:1001C0000895029761F41092200182E0809321014A
:1001D00010922501109224018ABB80937300089528
:1001E0007F928F929F92AF92BF92CF92DF92EF92C7
:1001F000FF920F931F93CF93DF93EC017B018881D4
:10020000843208F0C3C090E0FC01EE0FFF1FE80F3E
:10021000F91FE65DFB4E80818F730F9414051982E0
:100220001A8288812CE0622F0F94F943829FB001DB
:10023000112430E020E0AB01420F531FFA01EE0F12
:10024000FF1FE40FF51FE65DFB4E908196FD08C091
:100250002F5F3F4F2C30310571F790E00E94BF8037
:100260007880072D10E06801CC0CDD1CF601E00F52
:10027000F11FE65DFB4E80818064808377FC86C041
:1002800080E2E81682E0F8060CF03FC08A8128E59B
:1002900032E0281B310987FD3395220F331F220FCF
:1002A000331F032E000C440B550B898178E8872EF1
:1002B000912C881A910887FD9394880C991C880CBE
:1002C000991C092C000CAA08BB0860E070E0CB0167
:1002D000F7FC0AC0B701653B710514F064EB70E0F0
:1002E000072E000C880B990B281939094A095B095C
:1002F0000F94864324EB30E040E050E00F94B84385
:10030000820E931EA41EB51E740183E28715D8F0D9
:10031000298188E890E0821B910927FD9395880F39
:10032000991F880F991FE816F90604F502972FB751
:10033000F894E601C00FD11FC65DDB4E880F991FF0
:100340009A8389832FBF62E370E080E090E0DF91C1
:10035000CF911F910F91FF90EF90DF90CF90BF90C2
:10036000AF909F908F907F900C9461802A8188E558
:1003700092E0821B910927FD9395880F991F880FA2
:10038000991FE816F90694F6C701D0CFDF91CF91F7
:100390001F910F91FF90EF90DF90CF90BF90AF90A3
:1003A0009F908F907F900895CF93DF93EB01682FFC
:1003B00070E087E994E10E94F080688179818A8108
:1003C0009B81673721E072078105910520F467E77B
:1003D00071E080E090E00E94618083B1829581703D
:1003E000DF91CF9108958F929F92AF92BF92CF925B
:1003F000DF92EF92FF92CF93DF9300D01F92CDB7A1
:10040000DEB7B82E84EF91E0A0E0B0E089839A8354
:10041000AB83BC83BE016F5F7F4F80EA0E94D481B3
:100420009EEEC92E92E0D92EE12CF12CC982DA82FF
:10043000EB82FC82BE016F5F7F4F8AE50E94D48110
:100440008091B1068823D9F1BB20C9F1C982DA8233
:10045000EB82FC82BE016F5F7F4F8AE00E94D481F5
:1004600086E9882E912CA12CB12C89829A82AB82AC
:10047000BC82BE016F5F7F4F86E90E94D481898272
:100480009A82AB82BC82BE016F5F7F4F82E80E947E
:10049000D48189829A82AB82BC82BE016F5F7F4F1A
:1004A00086E90E94D481C982DA82EB82FC82BE0195
:1004B0006F5F7F4F8AE50E94D4811092B1060F9042
:1004C0000F900F900F90DF91CF91FF90EF90DF9002
:1004D000CF90BF90AF909F908F9008951F920F92F2
:1004E0000FB60F9211240BB60F922F933F934F9399
:1004F0005F936F937F938F939F93AF93BF93EF938C
:10050000FF9348E251E064E271E082E090E00E94F3
:10051000FD75FF91EF91BF91AF919F918F917F9169
:100520006F915F914F913F912F910F900BBE0F9064
:100530000FBE0F901F9018951F920F920FB60F923B
:1005400011240BB60F922F933F934F935F936F93AA
:100550007F938F939F93AF93BF93EF93FF9348EA5B
:1005600050E064EA70E081E090E00E94FD75FF9148
:10057000EF91BF91AF919F918F917F916F915F911B
:100580004F913F912F910F900BBE0F900FBE0F9088
:100590001F9018951F920F920FB60F9211240BB651
:1005A0000F922F933F934F935F936F937F938F930C
:1005B0009F93AF93BF93EF93FF9348E950E064E9B3
:1005C00070E090E080E00E94FD75FF91EF91BF9197
:1005D000AF919F918F917F916F915F914F913F91DB
:1005E0002F910F900BBE0F900FBE0F901F9018957C
:1005F0008F929F92AF92BF92CF92DF92EF92FF9233
:100600000F93CF93DF931F92CDB7DEB75C017B01D1
:1006100049016B01C40ED51EF501808191810F94B3
:1006200070438983002311F0F7018083BE016F5F5F
:100630007F4FC4010F946006F5018081918101967E
:1006400091838083FFEFEF1AFF0AEC14FD0421F77A
:1006500080E00F90DF91CF910F91FF90EF90DF90AE
:10066000CF90BF90AF909F908F900895CF93DF93DE
:10067000CDB7DEB760970FB6F894DEBF0FBECDBF23
:100680009C01E62F660FFF0BE254F54CE491E75016
:10069000EC3008F0C4C0F0E08827EE5AFC478F4FDA
:1006A0000D942D448A835E83B183AF838C83E8836A
:1006B000E683B3830F840D840B84EA8381E0FE011B
:1006C00035969AE0DF011D929A95E9F740EB50E0EC
:1006D0005A83498341EB50E05C834B8343EB50E00A
:1006E00058874F8344EB50E05A87498792E09F87B1
:1006F000888B80E13497D90101900D928A95E1F7BA
:10070000C90160960FB6F894DEBF0FBECDBFDF9172
:10071000CF91089580E0D3CF81E08F5F40E950E032
:10072000F9015183408341E950E05383428342E918
:1007300050E05583448348E950E0578346834AE9B3
:1007400050E0518740874CE950E05387428746E9A3
:1007500050E05587448793E096878787D1CF80E024
:10076000DCCF80E0DBCF81E08F5F40EA50E0D90151
:1007700011965C934E9341EA50E013965C934E932E
:10078000129742EA50E015965C934E93149748EA0C
:1007900050E017965C934E9316974AEA50E01996EC
:1007A0005C934E9318974CEA50E01B965C934E93E3
:1007B0001A9746EA50E01D965C934E931C9794E07E
:1007C0001E969C931E971F968C939ACF80E0CCCF59
:1007D00080E0CBCF81E08F5F40E251E0F9015183AF
:1007E000408341E251E05383428342E251E055832A
:1007F000448348E251E0578346834AE251E05187FF
:1008000040874CE251E05387428746E251E05587EA
:10081000448795E0A1CF80E0DECF80E0DDCF80E1AE
:10082000D9011D928A95E9F76BCF9091C10095FD92
:100830000CC09091C00095FF08C08093C6008091C5
:10084000C00080648093C0000895209112052F5F3E
:100850002F710FB607FC27C090911305921328C083
:100860009091C00095FF1EC0909113054091120514
:10087000941306C09091C1009F7D9093C10012C057
:10088000E92FF0E0EE5EFA4F32819F5F9F71309367
:10089000C600909313053091C00030643093C000BF
:1008A000491741F3D9CF90911305921301C0FBCFA3
:1008B000E0911205F0E0EE5EFA4F8283209312057C
:1008C0008091C10080628093C1000895CF93DF932F
:1008D000EC01FE0184912196882319F00E94158471
:1008E000F8CFDF91CF9108958091BD05827149F4D1
:1008F0008091BF058C7829F48091C005837009F43C
:1009000075C082E40E94EE71882351F00E94B77690
:1009100060931B1370931C1380931D1390931E13ED
:1009200083E50E94EE71882351F00E94C7766093A0
:100930004B1370934C1380934D1390934E1384E597
:100940000E94EE71882351F00E94C77660934F1386
:1009500070935013809351139093521388E50E9423
:10096000EE71882351F00E94C7766093620B7093FA
:10097000630B8093640B9093650B89E50E94EE7185
:10098000882351F00E94C7766093660B7093670BC3
:100990008093680B9093690B8AE50E94EE7188231F
:1009A000B1F00E94C77660936A0B70936B0B8093D3
:1009B0006C0B90936D0B2DEC3CEC4CEC5DE30F94C9
:1009C000A33F181624F088E094E10E94668485E431
:1009D0000E94EE71882351F00E94C77660936E0BDF
:1009E00070936F0B8093700B9093710B08950F931E
:1009F0001F93CF93DF938B010E946684E801899156
:100A0000882319F00E941584FACFDF91CF911F91AE
:100A10000F91089584E091E10C9466844F925F9267
:100A20006F927F928F929F92AF92BF92CF92DF92FE
:100A3000EF92FF920F931F93CF93DF931F92CDB747
:100A4000DEB780913A1682FF21C18091B80A8111E8
:100A500002C01092AE06EE24E394409136165091F7
:100A60003716609138167091391680913216909130
:100A70003316A0913416B0913516481759076A07F6
:100A80007B0708F4E12C10E000E0AA24A39480E6A0
:100A9000982E96E6C92E9BE1D92E29E6822E8091CA
:100AA000B80A853008F0F2C0E110F0C0E090AE0660
:100AB000E110ECC08091E1139091E213A091E31357
:100AC000B091E4138093361690933716A09338169E
:100AD000B093391641E050E0BE016F5F7F4F89ED62
:100AE00093E10E9414C60197D9F5898190E0F82E10
:100AF0004090361650903716609038167090391620
:100B0000409132165091331660913416709135161B
:100B1000BB24B394441655066606770608F4B12C38
:100B20004416550666067706F0F4019609F46AC085
:100B30008AE0F81609F46CC02DE0F21609F468C0DA
:100B400083E2F81619F02AE3F2127BC08091AD0619
:100B5000811177C023E2F2125BC0A092AE0658C0AA
:100B60008FEF9FEFC4CF0E9496DB89ED93E10E9447
:100B7000CBC580913116882379F18150809331164D
:100B8000889DC001112441E061E08E59974F0F9478
:100B9000F12FE091311684E0E89FF0011124E25A30
:100BA000F74F408151816281738140933616509393
:100BB0003716609338167093391689ED93E10E94C9
:100BC000E8C30F94632C80913A1682FD59C089E7DF
:100BD0009BE10E946684BECF0F94522C0E9414DDCC
:100BE0000E9492EC0E940CEC6D3371058105910519
:100BF00020F0D092D508C092D4081092DB030E9456
:100C00005C35E1CF0E940A858AE69BE10E946684FA
:100C10001092AD060115110531F40E941ECDEB2C8A
:100C200010E000E03CCF8091D308989E000D111D8C
:100C30001124F801EA52F74F108280E00E945671A9
:100C4000EECF0F35110508F02ACF8BE3F81203C061
:100C5000A092AD0624CF8091AD06811120CF809166
:100C6000D308F801989EE00DF11D1124EA52F74FC8
:100C7000F082E12C0F5F1F4F12CF1092AD06CDCF47
:100C800023E2F212FACF10E000E067CF0F90DF917D
:100C9000CF911F910F91FF90EF90DF90CF90BF9079
:100CA000AF909F908F907F906F905F904F9008953E
:100CB0008EEF90E10C946684CF93C82F82E0C1112F
:100CC00084E040E060E00E9474610E94588689EAF6
:100CD00091E1CC2311F08BEC91E1CF910C946684DF
:100CE0009091FF1093FD0FC09091880B91110BC054
:100CF0004091CA135091CB1320917A0230917B021C
:100D0000421753074CF040E0682F8BE00E9474615B
:100D100061E080E00C94F5F10E94588688E991E149
:100D20000E94668480E008958F929F92AF92BF9256
:100D3000CF92DF92EF92FF920F931F93CF93DF93A7
:100D400000D000D01F921F92CDB7DEB76C015B01BF
:100D50007A01022F8EE192E10F943D038091FF1002
:100D600083FD1CC020E030E0A901F70160817181A2
:100D7000828193810F94A33F882381F01091880B87
:100D800011110CC02091CA133091CB1380917A02BB
:100D900090917B02281739070CF45FC090915D0891
:100DA00081E0890F80935D0880913A1682FD7AC0B8
:100DB0000E947DEC80E1E2E6F2E0A2E8B5E001907D
:100DC0000D928A95E1F70E9496DB20E030E0A901C0
:100DD000F60160817181828193810F94A33F882302
:100DE00019F18091880B811111C06091C613709127
:100DF000C7138091C8139091C9130F94A2452091F5
:100E00007A0230917B026217730774F080E090E001
:100E1000A0E2B1E489839A83AB83BC83BE016F5F98
:100E20007F4FC6010E94E37441E061E081E00E94CF
:100E3000F8DF811104C0B50182E00E94F53320E0A3
:100E400030E0A901F70160817181828193810F9463
:100E5000A33F81112EC011E011C00E94588684E387
:100E600092E10E946684002349F01092D6030E940A
:100E7000D73860E085E292E10E942035812F2896E4
:100E80000FB6F894DEBF0FBECDBFDF91CF911F919B
:100E90000F91FF90EF90DF90CF90BF90AF909F9019
:100EA0008F9008958B7F80933A169E5F90935D0894
:100EB0007FCF81E00E947086182F811107C0002328
:100EC00051F21092D6030E94D738C5CF002329F0E3
:100ED00040E061E083E00E94746180E090E0A0E87F
:100EE000BFE389839A83AB83BC8380E090E0A0EC6E
:100EF000B0E48D839E83AF83B887BE016F5F7F4F61
:100F0000CE0105960E94E3748090431390904413A1
:100F1000A0904513B090461380E090E0A8ECB1E4B7
:100F20008093431390934413A0934513B0934613B7
:100F300080E090E0A0EAB0E489839A83AB83BC832D
:100F4000F70180819181A281B3818D839E83AF83DC
:100F5000B887BE016F5F7F4FCE0105960E94E37494
:100F60008092431390924413A0924513B09246137B
:100F7000149A64E670E080E090E00E9461807ECF89
:100F80000E9426CA0E9492EC80914202882399F026
:100F90000E940A8587E890E10E94668460E08DE700
:100FA00090E10E9420356EE571E080E090E00E94C3
:100FB0006180109242020895CF92DF92EF92FF92E9
:100FC0001F93CF93DF9300D01F92CDB7DEB78EEE85
:100FD000C82E82E0D82EE12CF12CC982DA82EB8275
:100FE000FC82BE016F5F7F4F8AE50E94D481811130
:100FF0000EC010E0812F0F900F900F900F90DF9197
:10100000CF911F91FF90EF90DF90CF90089584EFE4
:1010100091E0A0E0B0E089839A83AB83BC83BE01FA
:101020006F5F7F4F80EA0E94D481C982DA82EB82AF
:10103000FC82BE016F5F7F4F8AE50E94D481182F2A
:101040008823B9F20E940A858EE591E10E946684A8
:101050000E94C087CFCFCF92DF92EF92FF92CF93C3
:10106000DF9300D01F92CDB7DEB78EEEC82E82E0A0
:10107000D82EE12CF12CC982DA82EB82FC82BE01EF
:101080006F5F7F4F8AE00E94D481882309F44DC0AE
:1010900084EF91E0A0E0B0E089839A83AB83BC83C6
:1010A000BE016F5F7F4F80EA0E94D481C982DA82DD
:1010B000EB82FC82BE016F5F7F4F8AE50E94D48184
:1010C000C982DA82EB82FC82BE016F5F7F4F8AE0C9
:1010D0000E94D481C982DA82EB82FC82BE016F5FFA
:1010E0007F4F8AE50E94D481C982DA82EB82FC823A
:1010F000BE016F5F7F4F8AE00E94D481F82E882363
:10110000A1F00E940A8584E291E10E9466840E9417
:10111000C0878F2D0F900F900F900F90DF91CF9180
:10112000FF90EF90DF90CF90089587E791E0A0E0E7
:10113000B0E089839A83AB83BC83BE016F5F7F4F2E
:101140008CE30E94D481F12CE4CFEC010E9426CAEA
:101150000E940A858DE590E10E946684209711F433
:10116000C4E5D0E10E94D03561E0CE010E94203577
:101170000E94D738C091E214C695C6958DED94E1D2
:101180000E94C178DC2FDD0F1D2F1C0F83E00E9411
:10119000877810921815C09319158AE593E10E947B
:1011A000107A10921815D09319158CE390E10E94D3
:1011B000B57910921815109319158FE290E10E94DD
:1011C000B57981EE94E10F948A298111DFCF8BE408
:1011D00090E10F943D0389EE93E030E6019729F00A
:1011E000232F2A950000E9F7F9CFF89489EE93E0D0
:1011F00038EE019729F0232F2A950000E9F7F9CF5F
:101200000E9426CAA895FECF7F928F929F92AF929E
:10121000BF92CF92DF92EF92FF920F931F93CF93E3
:10122000DF931F92CDB7DEB77C0159018B016B01B3
:10123000C40ED51E0C151D05C9F1F70180809180E3
:10124000F80171908F017982C4010F947043781670
:1012500001F1672DC4010F947843C4010F947043CA
:1012600099818917B1F00E9458868AE99FE00E940F
:10127000668481E00F90DF91CF911F910F91FF90D5
:10128000EF90DF90CF90BF90AF909F908F907F9026
:101290000895BE016F5F7F4FC5010F946006F7018F
:1012A00080819181019691838083C4CF80E0E2CFD9
:1012B000CF92DF92EF92FF920F931F93CF93DF9322
:1012C000CDB7DEB7A0970FB6F894DEBF0FBECDBF87
:1012D000611571058105910579F100E0C42ED12CCD
:1012E000F12CE12CA70196010F94964311E0100F09
:1012F000E1E0F0E0EC0FFD1FE00FF11D07FDFA95B6
:101300006083B901CA01012F61157105810591053D
:1013100049F7115010F1E1E0F0E0EC0FFD1FE10F93
:10132000F11D17FDFA95908187E39A3008F480E368
:10133000890F0E941584EDCF80E3A0960FB6F89434
:10134000DEBF0FBECDBFDF91CF911F910F91FF90F8
:10135000EF90DF90CF900C941584A0960FB6F89480
:10136000DEBF0FBECDBFDF91CF911F910F91FF90D8
:10137000EF90DF90CF900895CF92DF92EF92FF929F
:101380006A017B010E9466844AE0C701B601FF90B2
:10139000EF90DF90CF900C945889CF93DF93EB01BF
:1013A0000E946684BE0190E080E04AE0DF91CF9128
:1013B0000C945889CF92DF92EF92FF926B017C01DF
:1013C000F7FE0BC08DE20E941584F094E094D09457
:1013D000C094C11CD11CE11CF11C4AE0C701B6013C
:1013E000FF90EF90DF90CF900C945889CF93DF93CC
:1013F000E091B60AF0E0E55EFA4E8081882309F4B8
:1014000047C08EE29AE10E946684C091B60A80E6E7
:10141000C89FE0011124CA52D74F88818E3479F4D5
:1014200080E20E94158489910E941584899190ED33
:10143000980F9A30C8F38D32B9F38B32A9F38BE24F
:101440009AE10E94668480919D1490919E14891B5C
:101450008F706FE070E0681B7109072E000C880B1D
:10146000990B0E94DA8988E29AE10E946684809151
:10147000B80A65E070E0681B7109072E000C880B44
:10148000990B0E94DA898AE0DF91CF910C94158440
:10149000DF91CF910895CF93DF93EB010E94668493
:1014A000BE01DD0F880B990BDF91CF910C94DA8987
:1014B000CF9384E50E943772C0E08823F9F00E9440
:1014C0008B74C82F1816D4F40E9458868DE40E949D
:1014D00015846091C3057091C405072E000C880B1C
:1014E000990B0E94DA896C2FCC0F770B88E594E179
:1014F0000E944B8A8AE00E941584CFEF8C2FCF91F7
:1015000008958F929F92AF92BF92CF92DF92EF9207
:10151000FF92CF936B017C01B42E20E030E0A90153
:101520000F94A33F87FF07C08DE20E941584F7FA4E
:10153000F094F7F8F094C0E060E070E080E09FE3A2
:10154000CB1541F02DEC3CEC4CEC5DE30F940940E5
:10155000CF5FF6CF9B01AC01C701B6010F943644B3
:101560006B017C010F94A9454B015C014AE00E948C
:101570005889CC2391F1C501B4010F94A83F9B0178
:10158000AC01C701B6010F9435446B017C018EE2BA
:101590000E941584C15008F120E030E040E251E49F
:1015A000C701B6010F9409404B015C010F94A2459D
:1015B0006B01770FEE08FF08C701B6010E94DA89B8
:1015C000C701B6010F94AA3F9B01AC01C501B4014C
:1015D0000F9435446B017C01DDCFCF91FF90EF90EC
:1015E000DF90CF90BF90AF909F908F9008957F92A3
:1015F0008F929F92AF92BF92CF92DF92EF92FF9223
:101600000F931F93CF93DF938BE091E10E94668449
:10161000C12CD12C7601C7E0C15021F080E20E949C
:101620001584FACFC701B6010E94DA898FEFC81A74
:10163000D80AE80AF80AE5E0CE16D104E104F1047C
:1016400051F78AE00E941584CDECD6E0C12CD12C54
:10165000760180E20E941584C701B6010E94DA89F2
:101660008E0185E0782E80E20E941584F80180804A
:101670009180A280B380A5019401C501B4010F94AB
:1016800028478823B9F180E20E9415848DE30E94E7
:1016900015848DE30E9415848DE30E9415848DE3EB
:1016A0000E9415848DE30E9415847A940C5E1F4F6E
:1016B0007110D9CF8AE00E941584FFEFCF1ADF0A9C
:1016C000EF0AFF0A249685E0C816D104E104F1046C
:1016D00009F0BFCF8AE0DF91CF911F910F91FF906A
:1016E000EF90DF90CF90BF90AF909F908F907F90C2
:1016F0000C94158420E030E0A901C501B4010F94D9
:10170000964687FD03C08BE20E94158443E0C50125
:10171000B4010E94818AC9CFCF92DF92EF92FF92EB
:101720006A017B010E94668442E0C701B601FF9016
:10173000EF90DF90CF900C94818A2F923F924F923E
:101740005F926F927F928F929F92AF92BF92CF9251
:10175000DF92EF92FF920F931F93CF93DF93CDB75A
:10176000DEB7C856D1090FB6F894DEBF0FBECDBFA5
:1017700070E060E085E40E94D474182F81E0810F4E
:101780008230E8F082E79DE1C859DF4F0FB6F89448
:10179000DEBF0FBECDBFDF91CF911F910F91FF90A4
:1017A000EF90DF90CF90BF90AF909F908F907F9001
:1017B0006F905F904F903F902F900C94668465E0FF
:1017C00070E083E40E94D474B82E60E085E50E9446
:1017D000BB7465968FAF659740E050E06CE872E4AB
:1017E00017FD04C040E050E066E173E483E50E9429
:1017F000F1760F94A245072E000C880B990B0F94DD
:10180000AA3F69877A878B87A9969FAFA9970F947C
:10181000CF246A8B7B8B8C8B9D8B1F3F09F00FC570
:1018200020E030E047E053E469857A858B85A9960E
:101830009FADA9970F94964618160CF0DEC187E469
:101840009DE1A2CF612C712C812C3EE3932E299631
:101850006CAE7DAE8EAE9FAE29974AE9642E49E903
:10186000742E49E1842E4FE3942E2D966CAE7DAEFE
:101870008EAE9FAE2D972E961FAF2E972CE43CE197
:1018800060963FAF2EAF609747E85CE13DC2ADA1E7
:10189000BEA12C9011963C90119712960C91129724
:1018A0001396BC91A896BFAFA897C3C26496EEAD3D
:1018B000FFAD6497808319C3E4E14E2E512C612C57
:1018C000712CF4E1CF2ED12CE12CF12CC7C36496FE
:1018D000EEADFFAD649780839BC4A1E0A98318C3DC
:1018E000B1E0B98315C3D501C40128AD39AD4AAD06
:1018F0005BAD821B930BA40BB50BB7FD65C02E9699
:101900008FAD2E970E9486F18AE00E941584D50142
:10191000C4018053984FAF4FBF4F88AF99AFAAAF64
:10192000BBAF9CAD911186C021962CAD3DAD4EADA7
:101930005FAD2197B101802FA8969FADA8970F9416
:10194000964618160CF05EC0A1966CAD7DAD8EADBE
:101950009FADA1970F94AA3F9101402FA8965FAD2C
:10196000A8970F94364421966CAF7DAF8EAF9FAF92
:1019700021972FA538A949A95AA9280D391D4A1D13
:101980005B1D25962CAF3DAF4EAF5FAF2597A5965B
:101990006CAD7DAD8EAD9FADA5970F94AA3F9B0119
:1019A000AC0169857A858B85A9969FADA9970F941F
:1019B00035449101402FA8965FADA8970F94A33F9F
:1019C000881F8827881F8CAFD501C401880F991FF5
:1019D000AA1FBB1F4A895B896C897D898FA098A447
:1019E000A9A4BAA4480D591D6A1D7B1D841B950B23
:1019F000A60BB70B81389F44A241B105C8F18EE216
:101A00009CE19DC2D501C40125962CAD3DAD4EADE6
:101A10005FAD2597821B930BA40BB50B62964EAD61
:101A20005FAD629760EB7CE1B7FDCECF812F0E9466
:101A30000BCBCACF20E030E040EA51E469857A85DB
:101A40008B85A9969FADA9970F9435449B01AC0156
:101A5000B101802FA8969FADA8970F94A33F87FF51
:101A6000B3CF60964EAD5FAD609767E77CE1DECFA8
:101A7000A7968EAC9FACA797A888B9888A149B04B8
:101A80000CF0B8C09501233031050CF4B3C081EDE2
:101A90009BE10E9466841F3F09F090C041EC5BE12E
:101AA0005A8349838FEA9BE10E94668489819A81E7
:101AB0000E9466844D815E816F8178858DEC9BE10B
:101AC0000E948C8B8AE00E9415848FEA9BE10E9421
:101AD000668489819A810E9466844D8D5E8D6F8DAA
:101AE00078A189EC9BE10E948C8B8AE00E9415848E
:101AF0008FEA9BE10E94668489819A810E946684B4
:101B000049A15AA16BA17CA185EC9BE10E948C8B21
:101B10008AE00E94158465966FAC65976620A1F1F6
:101B20002CEA35EC47E25EE36D8D7E8D8F8D98A1BA
:101B30000F9409406B017C012CEA35EC47E25EE32F
:101B400069A17AA18BA19CA10F9430451F3FD9F5C3
:101B50008D809E80AF80B88480925D0790925E07F2
:101B6000A0925F07B0926007C0926107D0926207AF
:101B7000E0926307F09264076093650770936607CD
:101B80008093670790936807C859DF4F0FB6F894A2
:101B9000DEBF0FBECDBFDF91CF911F910F91FF90A0
:101BA000EF90DF90CF90BF90AF909F908F907F90FD
:101BB0006F905F904F903F902F90089580EC9BE145
:101BC0009A8389836FCF27E11202F0011124EE532B
:101BD000FC4E6D807E808F809884638674868586B7
:101BE0009686C786D08AE18AF28A638B748B858B4E
:101BF000968BCACF0E94F338FDC083E39DE10E941B
:101C000066840E9426CA87E680935C0742E02CE344
:101C100030E0E5E0F0E057E6C52ED12CE12CF12CC8
:101C2000642E712CA3967FAE6EAEA397A8EEB3E0A0
:101C30000F94EA436FA778AB89AB9AAB6A887B882D
:101C40008C889D88660E771E881E991E25966CAE20
:101C50007DAE8EAE9FAE259781E0809358028EECCC
:101C600090E0A0E0B0E01F3F21F08FEF90E0A0E017
:101C7000B0E09C01AD0124513109410951092CAB5F
:101C80003DAB4EAB5FAB3C014D019594879477948F
:101C9000679469966CAE7DAE8EAE9FAE69979C01DF
:101CA000AD0121503109410951096D962CAF3DAF6D
:101CB0004EAF5FAF6D971F3F09F0C4CD5BEA652E55
:101CC0005AEA752E872C5EE3952E29966CAE7DAE72
:101CD0008EAE9FAE29976DEC662E6CEC762E6CE482
:101CE000862E6EE3962E2D966CAE7DAE8EAE9FAE9A
:101CF0002D972E961FAE2E9723E63CE160963FAFC0
:101D00002EAF60974DE95CE162965FAF4EAF629790
:101D1000260137018A899B89AC89BD898FA398A741
:101D2000A9A7BAA788AF99AFAAAFBBAF19A21AA249
:101D30001BA21CA21D8E1E8E1F8E18A21D821E822B
:101D40001F8218861C8690E49E8BACE1AF8BB6E4B4
:101D5000B88F198E1A8E1B8E1C8E1CAE21961CAE4F
:101D60001DAE1EAE1FAE21971BA61CA61DA61EA64D
:101D700021E02983198A188A212C312C00E0A896A9
:101D80001FAEA89737E11302C00111248E539C4E59
:101D9000AC01465F5F4F64965FAF4EAF6497DC0166
:101DA0001496BEA3ADA3A3962EAD3FADA397032E6D
:101DB000000C440B550BA1962CAF3DAF4EAF5FAF5F
:101DC000A197A3964EAD5FADA3974E0F5F1F4F5FD8
:101DD0005F4FCA01550FAA0BBB0BA5968CAF9DAFE9
:101DE000AEAFBFAFA5978B2CBB0C9908A7969FAE43
:101DF0008EAEA79780915802882309F4A2C00F9451
:101E0000CF244B015C0120914B072BAB222309F41B
:101E10007FC00E94EFCA1F3F09F039CD20905607BE
:101E2000309057070091580730915907A8963FAF57
:101E3000A897298D3A8D4B8D5C8DB101802FA89686
:101E40009FADA8970F94964618163CF4298E3A8EAB
:101E50000B8FA896EFADA897EC8F2C853E894F8904
:101E6000588DB101802FA8969FADA8970F94A33FDE
:101E700087FF07C02C863E8A0F8BA896FFADA897D8
:101E8000F88F2981222309F477C09101402FA89669
:101E90005FADA89769857A858B85A9969FADA9972F
:101EA0000F94A33F87FF19CDB501A4018FA198A579
:101EB000A9A5BAA5481B590B6A0B7B0BDB01CA010C
:101EC00088589341A109B109B7FD0ACDD301C201D8
:101ED0008C199D09AE09BF09B595A795979587956A
:101EE0001F3F09F0E3CC80935C074BA75CA76DA76D
:101EF0007EA7F985F98F2A852A8F3B853B8FA99686
:101F00004FADA9974C8F8A8A9B8AAC8ABD8A198269
:101F100020E030E040EA51E469857A858B85A99616
:101F20009FADA9970F9436449101402FA8965FADBD
:101F3000A8970F94A33F87FFD6CC8FEB9CE10E941C
:101F40006684C859DF4F0FB6F894DEBF0FBECDBF11
:101F5000DF91CF911F910F91FF90EF90DF90CF9085
:101F6000BF90AF909F908F907F906F905F904F90B9
:101F70003F902F900C9426CA9101402FA8965FADF8
:101F8000A89769857A858B85A9969FADA9970F94A7
:101F9000964618160CF0BCCFD501C4012A893B899E
:101FA0004C895D89821B930BA40BB50BAC01BD0161
:101FB000485853416109710977FDAACF4889598969
:101FC000452B09F416C12BA53CA54DA55EA5280FF0
:101FD000391F4A1F5B1F29833A834B835C832BA5E0
:101FE0003CA54DA55EA5281B390B4A0B5B0BC70111
:101FF000B6010F94864329813A814B815C810F940D
:10200000B843420E531E641E751E34E1431651043C
:10201000610471040CF450CC8CA99DA9AEA9BFA990
:1020200084159505A605B70514F42C013D016996A4
:102030002CAD3DAD4EAD5FAD6997730162012415C6
:1020400035054605570554F46D96CCACDDACEEACC9
:10205000FFAC6D97C418D508E608F7088BE29DE140
:102060000E946684C301B2010E94DA8986E29DE182
:102070000E946684C701B6010E94DA894C855E8998
:102080006F89788D8FE19DE10E948C8B498D5A8DEF
:102090006B8D7C8D88E19DE10E948C8B48895989EC
:1020A000433051050CF4A5C0C701B6010F94AA3FF7
:1020B00020E030E040E850E40F9409406D837E83D7
:1020C0008F8398872C853E894F89588D698D7A8DAD
:1020D0008B8D9C8D0F9435442BED3FE049E450E40B
:1020E0000F94094020E030E040E05FE30F940940A6
:1020F0009B01AC016D817E818F8198850F94304565
:102100006C877D878E879F8769817A818B819C818F
:102110000F94AA3F2FE632E143E85AE30F940940B7
:1021200069837A838B839C832D962CAD3DAD4EAD18
:102130005FAD2D976C857D858E859F850F940940B9
:102140006D837E838F8398879B01AC0169817A813F
:102150008B819C810F94094029962CAD3DAD4EADED
:102160005FAD29970F94094069A37AA38BA39CA321
:102170002D813E814F815885CA01B9010F943644A3
:1021800029813A814B815C810F9430456D8F7E8F20
:102190008F8F98A34C855D856E857F8582E19DE15B
:1021A0000E948C8B49815A816B817C818CE09DE1FE
:1021B0000E948C8B8CEF9CE10E9466844D815E8135
:1021C0006F81788586EF9CE10E948C8B4D8D5E8DB2
:1021D0006F8D78A180EF9CE10E948C8B49A15AA160
:1021E0006BA17CA18AEE9CE10E948C8B8AE00E940C
:1021F0001584D701C601840D951DA61DB71DB59583
:10220000A795979587951F3F09F061CB80935C0751
:10221000288939892F5F3F4F398B288B39853C8737
:102220004A854E8B5B855F8BA9968FADA997888F6A
:102230008FA298A6A9A6BAA69BA9998369CEE12EDA
:10224000012E000CFF08F70183E0EE0FFF1F8A95B7
:10225000E1F7E05BFD4F668177816F507109072ED2
:10226000000C880B990B0F94AA3F9B01AC01698568
:102270007A858B85A9969FADA9970F9496461816D7
:102280000CF4DDCA83E39DE10E9466840E9426CAA5
:1022900087E18E9DF0018F9DF00D1124EE53FC4ED1
:1022A0008FE782874AE028E230E0EAE0F0E09FE74B
:1022B000C92ED12CE12CF12CB3CC8091BE0587FD29
:1022C0002BC08091BF058E7039F540913F1350911E
:1022D0004013609141137091421388EF93E10E9483
:1022E0008C8B40914313509144136091451370912E
:1022F000461385EF93E10E948C8B409147135091D8
:1023000048136091491370914A1382EF93E10E9440
:102310008C8B8AE00C94158483E50E9437728823A5
:1023200091F00E94C77660933F137093401380939F
:102330004113909342136093471370934813809313
:10234000491390934A1380E50E943772882351F015
:102350000E94C77660933F1370934013809341139C
:102360009093421382E50E943772882351F00E94B5
:10237000C7766093431370934413809345139093EF
:10238000461384E50E943772882351F00E94C77675
:1023900060934713709348138093491390934A13A3
:1023A0000895AF92BF92CF92DF92EF92FF920F9378
:1023B0001F93CF93DF93C4EBD2E001E41BE05801FD
:1023C0006E01FF24F394F60181916F010E94EE717A
:1023D000882389F00E9496DB809192059091930565
:1023E000892B09F458C00E94C776F5016083718378
:1023F00082839383F12CF4E0AF0EB11C27EBC2165D
:1024000022E0D20601F786E40E94EE71882339F1BA
:102410000E9496DB0E94C7766B017C0120E030E0D1
:1024200040E85FE30F9496461816CCF120E030E0C8
:10243000A901C701B6010F94A33F87FF03C0C12CB8
:10244000D12C760120E030E04FE753E4C701B6011C
:102450000F9409400F94A94560934D0BF12C83E52F
:102460000E94EE71882311F10E9496DB0E94C776CC
:10247000609372027093730280937402909375025A
:10248000DF91CF911F910F91FF90EF90DF90CF9050
:10249000BF90AF90089560E070E0CB01A6CFC12C53
:1024A000D12C80E8E82E8FE3F82ECCCFFF2041F32B
:1024B0008DED93E10E94668480914D0B811104C0E3
:1024C0008AED93E10E94668481ED93E10E94668427
:1024D00080914D0BE4E68E9FC001112481589F4FDF
:1024E0006FEF70E00F94194470E090E080E00F947B
:1024F000A83F20E030E048EC52E40F943045AB01B7
:10250000BC018DEA93E10E948C8B80E993E10E94EB
:1025100066848EE693E10E94668480E20E941584C0
:1025200089910E941584F801619171918191919135
:102530008F0142E00E94818A8AE00E941584F2E0C5
:10254000C73BDF0751F740917202509173026091CF
:102550007402709175028AE493E10E948C8B8AE088
:10256000DF91CF911F910F91FF90EF90DF90CF906F
:10257000BF90AF900C9415848DE00E9415848AE082
:102580000C941584E6ECF5E08081818381E39AE187
:102590000E94668460915513709156138091571371
:1025A000909158136F5F7F4F8F4F9F4F0E94DA8932
:1025B0000E94BC920C94F6890F931F93CF938C01C9
:1025C000C62F8DEF99E10E946684C8010E9466843F
:1025D0008AE30E9415846C2F70E090E080E00E94F6
:1025E000DA89CF911F910F910C94BC922F923F9258
:1025F0004F925F926F927F928F929F92AF92BF9213
:10260000CF92DF92EF92FF920F931F93CF93DF93BE
:10261000CDB7DEB762970FB6F894DEBF0FBECDBF61
:1026200083E50E94EE711091400B882341F00E94D7
:10263000AB74182F811103C080E00E948D7E8091C1
:10264000620290916302A0916402B0916502898355
:102650009A83AB83BC838091660290916702A091BC
:102660006802B09169028D839E83AF83B8878091A1
:102670006A0290916B02A0916C02B0916D02898701
:102680009A87AB87BC8786E50E94EE71682E8091A1
:10269000B7069091B806892B09F4AEC083E40E9476
:1026A000EE71882309F413C10E94C7761B012C0127
:1026B000712C812C48EC942E52ECA52EB12CC12CFF
:1026C00088EC8F8792E4988BE5E0ED87FD85F150EB
:1026D000FD87FF3FE9F185E08E87F5E0ED85FE9F00
:1026E000F0011124FA8BE98BFE85F150FE87FF3F44
:1026F00069F3E989FA898E85E80FF11DEE0FFF1F56
:10270000EE0FFF1FE353F94FD080E180F280038189
:102710002B2D3C2D4F8558896D2D7E2D8F2D902F83
:102720000F94A33F87FF04C0BD2CCE2CFF86088BDF
:10273000272D382D492D5A2D6D2D7E2D8F2D902F23
:102740000F949646181684F67D2C4701A02ECCCF08
:10275000272D382D492D5A2D6B2D7C2D8F8598894D
:102760000F94364420E030E040E05FE30F940940EE
:10277000A20191010F9436441B012C012DEB37E38C
:1027800046E855EB0F94964687FD0BC02DEB37E3DB
:1027900046E855E3C201B1010F94A33F18160CF0AF
:1027A00096C080E00E948D7E95E0D92E25E0C22E55
:1027B000DA949FEFD91609F48AC005E0CD9C500148
:1027C00011240150A8F37501E00EF11CEE0CFF1C62
:1027D000EE0CFF1CF701E353F94F7F01A2019101B9
:1027E00060817181828193810F943544F701608308
:1027F000718382839383E5CF111103C0662009F4AE
:1028000070C00E94588688EB92E10E946684112372
:1028100051F08091400B811106C00E940A8589E920
:1028200092E10E9466840E9458868BE892E10E94A1
:1028300066848091400B811162C08FE798E10E940D
:1028400066848AE00E9415840E9458868EE792E191
:102850000E946684C090B413D090B513E090B61374
:10286000F090B71320E030E0A901C701B6010F9442
:10287000964618160CF046C042E0C701B6010E9409
:10288000818A0E94BC924CE050E062E672E0CE0188
:1028900001960F945047892BD1F162960FB6F894A8
:1028A000DEBF0FBECDBFDF91CF911F910F91FF9083
:1028B000EF90DF90CF90BF90AF909F908F907F90E0
:1028C0006F905F904F903F902F900C9465F366202F
:1028D00041F08091B7069091B806892B11F00E94C3
:1028E000F78A8AE50E94EE71882329F00E94C77654
:1028F00040E00E94077F812F0E948D7E88CF83E871
:1029000098E19DCF89E792E10E946684BCCF6296F0
:102910000FB6F894DEBF0FBECDBFDF91CF911F91F0
:102920000F91FF90EF90DF90CF90BF90AF909F906E
:102930008F907F906F905F904F903F902F90089571
:10294000CF93DF93EC018991882319F00E941584BD
:10295000FACFDF91CF910C94BC928091C6059091F3
:10296000C7052FEF3FEF981751F0E92FF0E0EA533A
:10297000FA4F228130E09F5F9F779093C705C9018E
:102980000895CF92DF92EF92FF920F931F93CF9310
:10299000DF9300E68091B80A853008F02DC1809160
:1029A000C6059091C705891B8F7709F425C10E9440
:1029B000AD94AC0197FDEECF209153133091541399
:1029C0008A3019F08D3009F0E4C01092AC06211560
:1029D000310519F40E941ECDDDCF245B394FF9017A
:1029E00010821092541310925313CCE4D6E0FE01DF
:1029F0008191803209F443C08E3409F0B6C061E69B
:102A00007BE1CE010F94203F7C01892B41F06EE4E5
:102A100070E0CE0104960F948B47009709F4CE0125
:102A20004AE050E070E060E001960F94A23CAB01F8
:102A3000BC01409348065093490660934A06709340
:102A40004B068091551390915613A0915713B09156
:102A500058130196A11DB11D481759076A077B0736
:102A600081F0EF2871F48EE29BE1DF91CF911F910D
:102A70000F91FF90EF90DF90CF900D943F06EF0104
:102A8000B6CF6AE270E0CE010F94BA479C0100977E
:102A900001F1982F9C1B10E0992339F09150FE0111
:102AA000E90FF11D80811827F7CF4AE050E070E070
:102AB00060E0C90101960F94A23CC12ED12CF12CEB
:102AC000E12C6C157D058E059F0531F08FE09BE1B3
:102AD000CCCF85EE9AE1C9CF809148069091490606
:102AE000A0914A06B0914B068093551390935613CC
:102AF000A0935713B09358138091420281111CC0C8
:102B000067E470E0CE010F948B470097A9F04AE08C
:102B100050E070E060E001960F94A23C64307105D3
:102B20008105910548F484E49AE10E94668460E09E
:102B30008AE39AE10E94203580914C068B3309F498
:102B400029CF8091B80A853008F024CF8091D3082E
:102B5000809FC00111246CE476E08A52974F0F9455
:102B6000964781E00E94567115CF80913A1680FFFA
:102B7000C3CF6FE47AE3CE010F94203F009731F08A
:102B8000FC01838180538A3008F0B6CF8BEB9AE149
:102B90006CCF2F3531050CF0FDCE8C35C1F40E9481
:102BA000AD9497FDF7CE2091AC062111F3CE209184
:102BB000531330915413A9014F5F5F4F5093541337
:102BC00040935313245B394FF9018083E3CE8B3359
:102BD00021F481E08093AC06DDCE8091AC068111BA
:102BE000D9CEC90101969093541380935313245B5B
:102BF000394FF9014083CECEDF91CF911F910F91D4
:102C0000FF90EF90DF90CF9008958F929F92AF92B8
:102C1000BF92CF92DF92EF92FF920F931F93CF93C9
:102C2000DF93C82F0E94F3380F94CF246B017C01EF
:102C3000D0911202DD23F1F08091A2058823D1F01A
:102C4000409138055091390560913A0570913B05E6
:102C500046015701841A950AA60AB70AB501A401CC
:102C600077FD1AC0833009F465C00CF054C0813080
:102C70000CF059C02D2F30E0A8EEB3E00F94EA43DA
:102C8000C60ED71EE81EF91EC0923805D09239052F
:102C9000E0923A05F0923B058091B80A853020F425
:102CA0000E94C1940E940E850F94CF246B017C0179
:102CB00080919D0590919E05A0919F05B091A005E2
:102CC0000097A105B105D9F14091690750916A07B4
:102CD00060916B0770916C07840F951FA61FB71F3B
:102CE00097018601081B190B2A0B3B0BD901C80160
:102CF000B7FD25C00E940A8560913E0B70913F0B85
:102D000085EF9FE00E94F7848AE00E94158490E09E
:102D100080E00E94A588843009F0ACCF0E945886DC
:102D200084EB9FE004C00E94588683EE9FE00E94DF
:102D30006684A0CF0E9458868CEC9FE0F8CF8091EB
:102D40000E0290910F02A0911002B0911102009713
:102D5000A105B10589F030919D1420919E14321780
:102D600009F495C00F94CF246093690770936A07A4
:102D700080936B0790936C070F94CF2400914005CC
:102D80001091410520914205309143054B015C01B2
:102D9000801A910AA20AB30A9501840137FD40C046
:102DA0008B019C010C53164F2F4F3F4F0093400552
:102DB000109341052093420530934305079B0AC0B9
:102DC000069B08C0059B06C020915C07211102C02C
:102DD000049908C060933C0570933D0580933E05BF
:102DE00090933F0500913C0510913D0520913E05D3
:102DF00030913F05011511052105310509F481C008
:102E0000601B710B820B930B60567A4E81099109FE
:102E100097FF77C0749A6FEF70E082E00F94C6233B
:102E200080914C0590914D05A0914E05B0914F05B4
:102E300097018601081B190B2A0B3B0BD901C8010E
:102E4000B7FD03C190919D1480919E14D091760B93
:102E5000C091770B981709F457C080919E1417E51D
:102E6000819FC00111248357944FFC01EF5AFF4FFB
:102E7000D0818E5A9F4FFC01C08180919E14909109
:102E80009D14981709F440C08F5F8F70F8CF209180
:102E90005D08211133C0C11131C0409169075091C3
:102EA0006A0760916B0770916C07840F951FA61FCE
:102EB000B71FA7019601281B390B4A0B5B0BDA01E0
:102EC000C901B7FD1BC080915005811155CF81E02C
:102ED00080935005179A8091380B8E7F8093380B22
:102EE000169A8091380B8D7F8093380B159A8091BC
:102EF000380B8B7F8093380B149A3ECF109250057D
:102F00003BCF749860E088CFDD23D9F10F94CF24B4
:102F100000914405109145052091460530914705E3
:102F2000011511052105310571F46C597F4F8F4F43
:102F30009F4F609344057093450580934605909399
:102F40004705DFEF06C0601B710B820B930B97FDEB
:102F5000F8CF2D2F30E050E040E0215031094109F9
:102F60005109A9EBB0E00F94D7432EEF30E040E0D9
:102F700050E00F94B8432A5B3F4F4F4F5F4FB9016A
:102F80000AC0109244051092450510924605109211
:102F9000470570E060E088E00F943423CC23D9F13A
:102FA0000F94CF24009148051091490520914A05BE
:102FB00030914B05011511052105310571F46C594E
:102FC0007F4F8F4F9F4F60934805709349058093C3
:102FD0004A0590934B05CFEF06C0601B710B820B27
:102FE000930B97FDF8CF2C2F30E050E040E02150BC
:102FF000310941095109A9EBB0E00F94D7432EEFF5
:1030000030E040E050E00F94B8432A5B3F4F4F4F11
:103010005F4FB9010AC010924805109249051092FD
:103020004A0510924B0570E060E086E00F9434236F
:10303000F4E6CF0ED11CE11CF11CC0924C05D092DD
:103040004D05E0924E05F0924F050E941ECD0E9464
:103050008B34809198058823C9F10F94CF24009177
:103060009405109195052091960530919705601B68
:10307000710B820B930B97FD29C00F94CF246B012A
:103080007C012091980530E0A8EEB3E00F94EA436C
:10309000C60ED71EE81EF91EC0929405D092950563
:1030A000E0929605F092970580E00E9486F18AE012
:1030B000DF91CF911F910F91FF90EF90DF90CF9014
:1030C000BF90AF909F908F900C941584DF91CF911B
:1030D0001F910F91FF90EF90DF90CF90BF90AF9036
:1030E0009F908F9008952F923F924F925F926F9290
:1030F0007F928F929F92AF92BF92CF92DF92EF9288
:10310000FF920F931F93CF93DF93CDB7DEB76397F3
:103110000FB6F894DEBF0FBECDBF8091FF1083FDC8
:1031200054C183E50E9437728887882309F448C117
:103130000E94C7760F94A2456C3871050CF05EC1F1
:1031400070935B0760935A070E943DC060915A07D5
:1031500070915B07072E000C880B990B0F94AA3F08
:1031600020915607309157074091580750915907C1
:103170000F94964618160CF444C181E99BE160E077
:103180000E94203581E0809358021A821B821C82A3
:103190001D8219861A861B861C8619821E862CE3C0
:1031A0002F873CE1388B46E4498B312C212C50E8A9
:1031B0005A8B8FEB8B8B91E09D87812C912C540146
:1031C00060915A0770915B07072E000C880B990BD2
:1031D0000F94AA3F7B018C01232D322D4A895B89F4
:1031E0000F94A33F8823B9F02091560730915707D9
:1031F0004091580750915907A885B701C801A111FE
:1032000003C10F94A33F881F8827881F89833E2C02
:103210002F2C0A8B1B8B0F94CF246B017C01DC01BC
:10322000CB0129853A854B855C85821B930BA40BCA
:10323000B50BB7FD2EC0D701C60188519C4FAF4FCB
:10324000BF4F89879A87AB87BC8780E00E9486F151
:103250008DE89BE10E94668481149104A104B1046D
:1032600009F4FAC0C501B40168517C4F8F4F9F4FDC
:103270006C197D098E099F0928EE33E040E050E08B
:103280000F949643CA01B9010E94DA898AE00E942C
:10329000158480E00E9405960F94CF2460936907FF
:1032A00070936A0780936B0790936C079091560711
:1032B0009E83A0915707AF8300915807109159073B
:1032C000292F3A2FA801632D722D8A899B890F948B
:1032D00035442B013C0120E030E0A9010F949646D3
:1032E00087FF04C077FA709477F8709420E030E09C
:1032F00040EA50E4C301B20181149104A104B10475
:1033000009F0AEC00F94A33F87FF0BC0BD854601F7
:103310005701BB2331F028EE820E23E0921EA11C40
:10332000B11C39813323A9F18A819B81AC81BD8194
:10333000892B8A2B8B2B61F0D701C6012A813B8117
:103340004C815D81821B930BA40BB50BB7FD21C093
:103350002E813F81A8016E857F85888999890F9488
:10336000354420E030E040EC5FE30F94A33F87FD5D
:103370004FC0D701C601805A9541AF4FBF4F8A83D6
:103380009B83AC83BD839E819E87AF81AF87088B73
:10339000198B809158028823D9F181149104A104DA
:1033A000B10461F0B8EECB1AB3E0DB0AE108F10832
:1033B000C818D908EA08FB08F7FE2AC01D8600CF06
:1033C00082E50E9437728111B3CE63960FB6F894EE
:1033D000DEBF0FBECDBFDF91CF911F910F91FF9048
:1033E000EF90DF90CF90BF90AF909F908F907F90A5
:1033F0006F905F904F903F902F9008956CE870E031
:103400009FCE80EA9BE1BBCE0F94A33F87FF1EC0F7
:10341000809158028823C9F263960FB6F894DEBFF4
:103420000FBECDBFDF91CF911F910F91FF90EF9015
:10343000DF90CF90BF90AF909F908F907F906F90D4
:103440005F904F903F902F900C945C353E2C2F2C2A
:103450000A8B1B8B1982DFCE8FE30E94158416CF57
:103460000F94964618160CF05CCF4601570159CFC1
:10347000CF93DF93EC018881882349F18A3039F1B9
:103480008D3029F18B33F9F08091B80A8530D8F46A
:103490008091D30820E6829FC0011124BE018A5288
:1034A000974F0F94964780E00E9456710E9458866D
:1034B000BE018BE19AE10E94F78488E19AE1DF91F5
:1034C000CF910C94668480E00E940596D4CFDF9162
:1034D000CF9108952F923F924F925F926F927F9279
:1034E0008F929F92AF92BF92CF92DF92EF92FF9214
:1034F0000F931F93CF93DF93CDB7DEB7C854D10995
:103500000FB6F894DEBF0FBECDBF382E0E940877ED
:1035100082E50E943772882309F44AC10E94C77667
:103520006B017C0120E030E0A9010F94A33F8823C8
:1035300009F42EC1409062025090630260906402D0
:103540007090650220916602309167024091680296
:10355000509169022D8B3E8B4F8B588F8091320793
:1035600090913307A0913407B09135078D8F9E8FCE
:10357000AF8FB8A3209136073091370740913807B5
:10358000509139072DA33EA34FA358A79C01AD012D
:10359000C301B2010F94A33F81110DC02DA13EA123
:1035A0004FA158A56D897E898F89988D0F94A33F6F
:1035B000882309F4EDC020E030E0A901C701B6017D
:1035C0000F94A33F881F8827881F8311E8C080E0DD
:1035D00090E0A0E8BFE389A79AA7ABA7BCA7A30187
:1035E00092016D8D7E8D8F8D98A10F94354469A3C6
:1035F0007AA38BA39CA32D893E894F89588D6DA1F9
:103600007EA18FA198A50F943544698F7A8F8B8FF7
:103610009C8F29A13AA14BA15CA1CA01B9010F94C9
:1036200009404B015C01298D3A8D4B8D5C8DCA019F
:10363000B9010F9409409B01AC01C501B4010F947D
:1036400036440F94E4464B015C01AC019B0160E001
:1036500070E080E89FE30F9430456DA77EA78FA7A9
:1036600098AB20E030E040E05FE3C501B4010F9487
:1036700009404B015C01A7019601C701B6010F94F7
:1036800009406B017C01A5019401C501B4010F94AF
:1036900009409B01AC01C701B6010F9435440F945A
:1036A000E44629A53AA54BA55CA50F9409404B011A
:1036B0005C01698D7A8D8B8D9C8D90582DA53EA5D2
:1036C0004FA558A90F940940A50194010F940940F2
:1036D0006B017C012D8D3E8D4F8D58A1C301B20130
:1036E0000F94364420E030E040E05FE30F9409405F
:1036F0009B01AC01C701B6010F943644A3019201AE
:103700000F9435446B017C012DA13EA14FA158A51A
:103710006D897E898F89988D0F94364420E030E042
:1037200040E05FE30F9409402B013C012DA53EA52D
:103730004FA558A969A17AA18BA19CA10F9409401A
:10374000A50194010F9409409B01AC01C301B20192
:103750000F9436442D893E894F89588D0F943544F6
:103760006D8B7E8B8F8B988F20E030E0A901C70195
:10377000B6010F94A33F8111E8C020E030E0A90119
:103780006D897E898F89988D0F94A33F8111DDC04B
:103790000E940A8582E09AE10E946684AEC020E021
:1037A00030E040E85FEB29A73AA74BA75CA717CF0B
:1037B00089E40E943772C12CD12C7601882321F034
:1037C0000E94C7766B017C018AE40E9437728823CD
:1037D00009F4ADC00E94C776C3CF20E030E0A90154
:1037E000C501B4010F94964687FF22C2B7FAB09480
:1037F000B7F8B0941DC2498D5A8DBA0190E080E0AF
:103800000F94A83F29A13AA14BA15CA10F940940B4
:103810004B015C010F942B456B017C01C501B40188
:103820000F94D6464B015C01A70196016D8D7E8DEC
:103830008F8D98A10F9409402B013C012D893E8961
:103840004F89588DC501B4010F940940A30192011D
:103850000F9436442B013C01A50194016D8D7E8DA2
:103860008F8D98A10F9409404B015C012D893E89F1
:103870004F89588DC701B6010F9409409B01AC01D7
:10388000C501B4010F9435446DA37EA38FA398A7FF
:1038900059E159A7E0C280E1E2E3F7E0DE011196C9
:1038A00001900D928A95E1F7C12CD12C80E8E82E89
:1038B0008FE3F82E8E010F5E1F4F9E01235F3F4F57
:1038C000AE01475F5F4FBE016B5F7F4FCE01019638
:1038D0000F94491980E1FE013196A2E6B2E0019011
:1038E0000D928A95E1F70F94CF2460936907709346
:1038F0006A0780936B0790936C07C85BDF4F0FB626
:10390000F894DEBF0FBECDBFDF91CF911F910F9115
:10391000FF90EF90DF90CF90BF90AF909F908F90EF
:103920007F906F905F904F903F902F90089520E090
:1039300030E0A901C701B6010F94A33F882309F421
:1039400027CF1D8A1E8A1F8A188ED701C601B0583C
:103950008D8F9E8FAF8FB8A32D893E894F89588D4B
:1039600050582DA33EA34FA358A7A7019601C70106
:10397000B6010F9409404B015C012D893E894F89A6
:10398000588DCA01B9010F9409409B01AC01C501D2
:10399000B4010F9436440F94E44669AF7AAF8BAF0D
:1039A0009CAF8091620290916302A0916402B091F9
:1039B000650289A39AA3ABA3BCA39C01AD01C70177
:1039C000B6010F9436446DA77EA78FA798AB2091C0
:1039D000660230916702409168025091690229A7FE
:1039E0003AA74BA75CA72D893E894F89588D69A5B9
:1039F0007AA58BA59CA50F94364421966CAF7DAF1C
:103A00008EAF9FAF21978091320790913307A0919D
:103A10003407B091350789AB9AABABABBCAB2DA5E6
:103A20003EA54FA558A9BC01CD010F9435446B01AB
:103A30007C0120913607309137074091380750912B
:103A400039072DAB3EAB4FAB58AF21962CAD3DADFA
:103A50004EAD5FAD21976DA97EA98FA998AD0F944A
:103A600035444B015C0180916A0290916B02A091F8
:103A70006C02B0916D0225968CAF9DAFAEAFBFAF1B
:103A800025979C01AD0160913A0770913B078091A9
:103A90003C0790913D070F943544698F7A8F8B8F47
:103AA0009C8FA70196016D8D7E8D8F8D98A10F94AF
:103AB00009402B013C01A50194016DA17EA18FA1BC
:103AC00098A50F9409409B01AC01C301B2010F946A
:103AD00036442B013C01A50194016D8D7E8D8F8DA7
:103AE00098A10F9409404B015C01A70196016DA1BB
:103AF0007EA18FA198A50F9409409B01AC01C5013F
:103B0000B4010F943544A30192010F94B5446B01A5
:103B10007C0120E030E0A9010F94A33F87FF0AC099
:103B20002BED3FE049EC50E4C701B6010F94364459
:103B30006B017C012BED3FE049EC50E4C701B6017D
:103B40000F94304520E030E040EC51E40F94094000
:103B50000F9414450F94A9458B01672B11F401E0D4
:103B600010E0332051F02BED3FE049EC50E4C70169
:103B7000B6010F9435446B017C0120E030E0A901CF
:103B8000C701B6010F94A33F811122C029A93AA908
:103B90004BA95CA969A17AA18BA19CA10F94A33F19
:103BA000811116C02DA93EA94FA958AD69A57AA5C6
:103BB0008BA59CA50F94A33F81110AC008E110E0DA
:103BC0002BEDC22E2FE0D22E29ECE22E20E4F22E95
:103BD000A701960169AD7AAD8BAD9CAD0F940940FC
:103BE0004B015C0120E030E0A901698D7A8D8B8D5D
:103BF0009C8D0F94A33F882309F4EFCDA501940178
:103C0000C501B4010F9409404B015C01298D3A8D27
:103C10004B8D5C8DCA01B9010F9409409B01AC0129
:103C2000C501B4010F9436440F94E4464B015C0186
:103C30002FE632E143E85AE3C501B4010F94A33FF4
:103C400087FD51CE40906E0250906F0260907002DE
:103C500070907102C501B4010F94D8450F94A94525
:103C60001B016017710708F41801B10190E080E0B2
:103C70000F94A83F4B015C01AC019B01C701B60149
:103C80000F94304569A37AA38BA39CA3A50194014B
:103C9000698D7A8D8B8D9C8D0F94304569AF7AAF8D
:103CA0008BAF9CAFA301920160913E0770913F07DB
:103CB00080914007909141070F943544A5019401EC
:103CC0000F94304529966CAF7DAF8EAF9FAF29978B
:103CD00029A13AA14BA15CA1CA01B9010F940940E5
:103CE00020E030E040E05FE30F9409409B01AC012D
:103CF00060E070E080E89FE30F94354469AB7AABF5
:103D00008BAB9CAB25962CAD3DAD4EAD5FAD2597F5
:103D100029873A874B875C874D865E866F86788ACF
:103D20006091180270911902072E000C880B990BF4
:103D30000F94AA3F20915E0230915F024091600291
:103D4000509161020F9409402AE037ED43E25CE3B1
:103D50000F940940698B7A8B8B8B9C8B0F94CF24AB
:103D60009B01AC0128533F4F4F4F5F4F2DAB3EABF4
:103D70004FAB58AF4D8C5E8C6F8C78A041E050E01B
:103D80005A8F498F59E159A7898D9A8D82159305CC
:103D900008F081CD0E941ECD0F94CF242DA93EA9FD
:103DA0004FA958AD621B730B840B950B97FD0FC089
:103DB0000F94CF249B01AC0128533F4F4F4F5F4FCF
:103DC0002DAB3EAB4FAB58AF80E00E94059639A5B6
:103DD000315039A7332309F40ECD9201A30169A113
:103DE0007AA18BA19CA10F9409406B017C012DA1AC
:103DF0003EA14FA158A569A97AA98BA99CA90F94A6
:103E000009409B01AC01C701B6010F9436446B0118
:103E10007C019201A30169A97AA98BA99CA90F949D
:103E200009404B015C012DA13EA14FA158A569A1FC
:103E30007AA18BA19CA10F9409409B01AC01C50103
:103E4000B4010F9435442B013C01C601D7018DA369
:103E50009EA3AFA3B8A79201A3016DA57EA58FA5D0
:103E600098A90F94364469837A838B839C832DA110
:103E70003EA14FA158A521966CAD7DAD8EAD9FADF5
:103E800021970F9436446D837E838F83988729AD65
:103E90003AAD4BAD5CAD69857A858B859C850F9479
:103EA000364469877A878B879C8729962CAD3DADF0
:103EB0004EAD5FAD29976D857E858F8598890F946E
:103EC00036446D877E878F87988B80911702882371
:103ED00021F0CE0101960E9466DFC12CD12C90E822
:103EE000E92E9FE3F92E8E010F5E1F4F9E01235F87
:103EF0003F4FAE01475F5F4FBE016B5F7F4FCE010B
:103F000001960F944919882309F4C5CC898D9A8D9F
:103F100001969A8F898F38CF2F923F924F925F925E
:103F20006F927F928F929F92AF92BF92CF92DF92C9
:103F3000EF92FF920F931F93CF93DF93CDB7DEB72E
:103F4000A6970FB6F894DEBF0FBECDBF81E00E94EA
:103F50009B8041E061E081E00E94F8DF811123C095
:103F60008091400B811119C07090400B87E50E9431
:103F7000EE71811134C08AE40E94EE71811109C191
:103F800070E060E086E50E94D4749D878C87059779
:103F900008F402C183E093E12CC060E08FE40E944A
:103FA000BB74882309F380E00E949B80A6960FB61D
:103FB000F894DEBF0FBECDBFDF91CF911F910F915F
:103FC000FF90EF90DF90CF90BF90AF909F908F9039
:103FD0007F906F905F904F903F902F9008958091C9
:103FE000B7069091B806892B39F40E940A8588E3B8
:103FF00093E10E946684D7CF8AE50E9437728823B6
:10400000E9F00E94C7766B017C0120E030E040E2DD
:1040100051ECC701B6010F94964687FD0AC020E017
:1040200030E040E251E4C701B6010F94A33F1816F7
:1040300074F40E940A858BE293E1DBCFC0906A02A0
:10404000D0906B02E0906C02F0906D02DECF40E009
:1040500050E060EC7FE788E50E94F1761B012C01BF
:1040600040E050E060EC7FE789E50E94F1764B018B
:104070005C016FEF89E40E949F74182F6FEF8AE450
:104080000E949F74082FA2019101C201B1010F94F7
:104090002847811152C0A5019401C501B4010F94B4
:1040A000284781114AC06091B2067091B306072E6D
:1040B000000C880B990B0F94AA3F9B01AC01C20125
:1040C000B1010F94354420E030E0A9010F9436444B
:1040D00020E030E0A9010F9430450F94A245162F3F
:1040E0006091B4067091B506072E000C880B990BF1
:1040F0000F94AA3F9B01AC01C501B4010F94354454
:1041000020E030E0A9010F94364420E030E0A9011E
:104110000F9430450F94A245062F812F012E000CDD
:10412000990B97FD2EC0059774F5802F002E000C7B
:10413000990B97FD2AC0059754F5153008F033CF39
:10414000063008F030CF80E00E948D7E25E012021C
:10415000F0011124E00FF11D07FDFA95EE0FFF1F8E
:10416000EE0FFF1FE353F94FC082D182E282F38248
:10417000872D0E948D7E772009F415CF0E9465F36C
:1041800012CF10E0D2CF14E0D0CF00E0D6CF04E0C1
:10419000D4CF0E94D37E07CF60E084E40E94BB743A
:1041A0008E8740E050E0BA018AE50E94F1766F8F79
:1041B00078A389A39AA340E050E86BEB75E483E50C
:1041C0000E94F17620E030E040E752E40F94304561
:1041D00060935A0270935B0280935C0290935D023D
:1041E00088E40E94EE71882309F4C1C00E94C7765A
:1041F0000F94A2454B01CB01840177FF02C00F5FF2
:104200001F4F1595079511950195110904571F4FDB
:104210000A30110514F40AE010E06801C80CD91C3A
:104220003EE0C31631E0D30624F02EE0C22EDD249A
:10423000D394B40197FF02C06F5F7F4F7595679568
:10424000072E000C880B990B0F94AA3F9B01AC0121
:1042500060E070E08CE093E40F9435441B012C0186
:1042600020E030E040E251E40F949646181634F016
:10427000212C312CB0E24B2EB1E45B2EC201B101F6
:104280000F94A2452B01680D791D072E000C880B99
:10429000990B0F94AA3F4B015C0120E030E045E709
:1042A00053E40F94A33F87FD06C0812C912CA5E712
:1042B000AA2EA3E4BA2EC501B4010F94A2457B0136
:1042C000B201052C000C880B990B0F94AA3F6F8745
:1042D000788B898B9A8BB801012E000C880B990B77
:1042E0000F94AA3F6B8B7C8B8D8B9E8B2F8538898F
:1042F00049895A890E946B71882309F46BC0B70100
:104300000F2C000C880B990B0F94AA3F4B015C01FA
:10431000B6010D2C000C880B990B0F94AA3FA50138
:1043200094010E946B718987882309F453C08C859E
:104330009D85892B71F081ED92E10E9466849E85B6
:10434000992321F087EC92E10E9466848AE00E9422
:1043500015840E9496DB80E00E948D7E81E00E94A1
:10436000AEE58823D1F1872D0E948D7E1CCE8CE492
:104370000E9437720AE010E0882329F00E94C77675
:104380000F94A2458B0182E50E943772FEE0CF2E8A
:10439000DD24D394882329F00E94C7760F94A24588
:1043A0006B0186E40E943772EAE04E2E512C88237E
:1043B00029F00E94C7760F94A2452B0182E40E9447
:1043C000377275EFE72EF12C882309F479CF0E941C
:1043D000C77673CF87EE92E10CCEC01AD10AD7FE12
:1043E00003C0A3E0CA0ED11CD594C794D594C7943A
:1043F000B6010D2C000C880B990B0F94AA3F6F8B04
:10440000788F898F9A8FE418F508F7FE03C0B3E020
:10441000EB0EF11CF594E794F594E794B7010F2C9B
:10442000000C880B990B0F94AA3F6B8F7C8F8D8F9C
:104430009E8F0E9448E36091B7067091B806072EE0
:10444000000C880B990B0F94AA3F2F89388D498D4A
:104450005A8D0F94A33F811120C06091B9067091CD
:10446000BA06072E000C880B990B0F94AA3F2B8DD0
:104470003C8D4D8D5E8D0F94A33F81110EC08091B8
:10448000B2069091B3068017910739F48091B40673
:104490009091B5068415950599F00E94D37ED0922F
:1044A000B806C092B706F092BA06E092B906109329
:1044B000B3060093B2065092B5064092B406712C32
:1044C00060E085E40E94BB7433243394811102C000
:1044D00042E0342E2984512C412CC12CD12C760160
:1044E000E1E0EB87F5E0FA87612CC201052C000CB6
:1044F000AA0BBB0B8BA39CA3ADA3BEA39A85961559
:1045000009F4B1C0662D062C000C770B880B990BB3
:104510000F94AA3F2F89388D498D5A8D0F940940E9
:104520002B893C894D895E890F9436444B015C018F
:104530006BA17CA18DA19EA10F94AA3F2B8D3C8DD8
:104540004D8D5E8D0F9409402F85388949895A8990
:104550000F9436446B017C0120E030E0A901C501D5
:10456000B4010F94A33F87FF71C060E070E0CB01FE
:10457000A50194010F9436440F94D84569837A833A
:104580008B839C8320E030E0A901C701B6010F9422
:10459000A33F87FF60C060E070E0CB01A7019601F8
:1045A0000F9436440F94D8456D837E838F8398870C
:1045B0002C85432DBE016B5F7F4FCE0101960F947A
:1045C000C41A6B017C01AC019B010F942847811137
:1045D00047C025E0362D320380011124040D151D3E
:1045E000000F111F000F111F0353194FA701960150
:1045F0006F8D78A189A19AA10F943644D8016D934B
:104600007D938D939C93139780E00E940596BB85C4
:104610006B0E712C73CFA7019601C701B6010F94E1
:104620002847811124C021E0222649F031E03B8750
:1046300085E08A87612CBFEF4B1A5B0A56CF9FEF4C
:104640009B87AFEFAA8734E0632EF5CF60E070E080
:1046500080E09FE38DCF60E070E080E09FE39ECF3D
:10466000872D0E948D7EE4E04E165104A1F680E075
:104670000E94AEE5882369F0872D0E948D7E0E94FE
:104680002FE38091400B882309F478CD0E94F6E453
:1046900075CDA7019601C701B6010F942847811176
:1046A000EECFFE85F11126C082E0F82E02E094E004
:1046B000D92E12E0ED2CE11A21E041E0612F802F8C
:1046C0000E94447221E04FEF612F8F2D0E944472AF
:1046D0002FEF41E06E2D802F0E9444722FEF4FEF9D
:1046E0006E2D8F2D0E944472115020F70150F394CB
:1046F0000F3FF9F60E94F78A0E94CC7F2E85211188
:1047000019C082E692E00E94767C9B01AC01609128
:104710006A0270916B0280916C0290916D020F940D
:10472000354460936A0270936B0280936C0290939D
:104730006D0279847092400BA2CF8F929F92AF92BC
:10474000BF92CF92DF92EF92FF920F931F93CF937E
:10475000DF9300D01F92CDB7DEB76C017B018A01D9
:10476000B22EA090A7131092A3131092A41310922C
:10477000A5131092A6131092A7130F94DB2420E028
:1047800030E0A901F80160817181828193810F94E9
:10479000A33F882319F1A11015C08091880B8111C6
:1047A00011C06091C6137091C7138091C813909186
:1047B000C9130F94A24520917A0230917B026217AF
:1047C000730764F081E00E947086811197C081E0D8
:1047D000809302021092D6030E94D73840E060E036
:1047E00088E00E94746120E030E0A90160918E05AC
:1047F00070918F0580919005909191050F94A33F42
:1048000087FF0FC080E090E0A0E2B1E489839A8343
:10481000AB83BC83BE016F5F7F4F8EE895E00E9443
:10482000E37480E090E0A8ECB2E489839A83AB83E0
:10483000BC83AE014F5F5F4F66E875E082E895E0AC
:104840000E9428E480E090E0A0EAB0E489839A83A3
:10485000AB83BC83BE016F5F7F4F8AE895E00E9407
:104860004AE480918E0590918F05A0919005B091BA
:10487000910580936E0290936F02A0937002B093A3
:10488000710280933E0790933F07A0934007B09337
:1048900041078EE397E00E94A7DB1092D6030E94A7
:1048A000D73885E492E10F943D0380915D088150F3
:1048B00080935D08882339F00F94632C80915D0804
:1048C000815080935D088091B006823011F40E947F
:1048D00059EC0E945C350E94D7380F900F900F90D2
:1048E0000F90DF91CF911F910F91FF90EF90DF908C
:1048F000CF90BF90AF909F908F900895AA2029F1FC
:1049000040E061E084E00E9474610E9458868DE47A
:1049100092E10E94668461E08B2D0E948875A090D0
:10492000A20583E08093A20581E08093DD0380915E
:10493000DD03882341F060E08B2D0E94887581E0C3
:104940000E940596F4CFA092A20540E061E085E0C8
:104950000E94746120E030E0A901F601608171815C
:10496000828193810F94A33F882371F080E090E0CF
:10497000A0ECB0E489839A83AB83BC83BE016F5FF4
:104980007F4FC6010E94E37420E030E0A901F701E7
:1049900060817181828193810F94A33F882351F1BB
:1049A0008090431390904413A0904513B090461309
:1049B00080E090E0A8ECB1E480934313909344131B
:1049C000A0934513B093461380E090E0A0E8BFE3C6
:1049D00089839A83AB83BC83BE016F5F7F4FC7011E
:1049E0000E94E3748092431390924413A092451363
:1049F000B0924613812C912C80E8A82E8FE3B82E1C
:104A000093E0E92E20E030E0A901F8016081718196
:104A1000828193810F94964618167CF440E060E002
:104A200086E00E94746189829A82AB82BC82BE0158
:104A30006F5F7F4FC8010E94E374F090A205E0927F
:104A4000A2051092DD0340E060E087E00E947461FF
:104A50008091D503811104C081E00E940596F8CFB2
:104A6000F092A205813071F2B9CE0F931F93CF93CC
:104A7000DF93D82FC62F0E945C8661E08C2F0E94A6
:104A800088750F94CF2460527C468B4F9F4F609364
:104A9000A3137093A4138093A5139093A61310925D
:104AA000A7131091A20583E08093A20581E0809373
:104AB000DD0301E08091DD03882309F447C060E055
:104AC0008C2F0E9488758091A7138823D9F140E02C
:104AD00060E08AE00E9474610E94588687EF91E14D
:104AE0000E9466848091DD03882321F081E00E948A
:104AF0000596F8CF1092A3131092A4131092A51349
:104B00001092A6131092A7130F94DB2480E00E944A
:104B100070868D2F0E945C860F94CF2460527C4655
:104B20008B4F9F4F6093A3137093A4138093A5138F
:104B30009093A6131092A7130093DD0361E08C2FCE
:104B40000E94887581E00E940596B4CF1093A2055B
:104B5000DF91CF911F910F910895CF92DF92EF9245
:104B6000FF92CF93DF93CDB7DEB76C970FB6F89473
:104B7000DEBF0FBECDBF8CE40E94EE71882309F426
:104B8000B3C00E94C7766B017C0120E030E0A90130
:104B90000F94964687FF04C0F7FAF094F7F8F09464
:104BA000F7FAF094F7F8F094C98EDA8EEB8EFC8E5B
:104BB00080E090E0A8ECB2E489839A83AB83BC8365
:104BC00080E090E0A6E9B3E48D839E83AF83B8874D
:104BD00080E090E0A0EAB1E489879A87AB87BC8740
:104BE00088E50E943772882351F040E050E0BA0116
:104BF00088E50E94F17669837A838B839C8389E5BB
:104C00000E943772882351F040E050E0BA0189E5F4
:104C10000E94F1766D837E838F8398878AE50E9458
:104C20003772882351F040E050E0BA018AE50E94D3
:104C3000F17669877A878B879C87F0903A16F2FA2B
:104C4000FF24F0F840E061E080E00E94746180E5BC
:104C50000E943772E82E1D861E861F86188A809154
:104C60005D08811134C02E2DAE01435F5F4FBE0140
:104C70006F5F7F4FCE0149960E949486882339F159
:104C8000FF2011F0EE2019F160E080E00E9435A5D0
:104C900080E090E0A0E0B0E48D8B9E8BAF8BB88F6E
:104CA000198A1A8A1B8A1C8A1D861E861F86188AE4
:104CB00080915D08882359F020E0AE014B5E5F4F84
:104CC000BE016F5E7F4FCE010D960E949DA36C9634
:104CD0000FB6F894DEBF0FBECDBFDF91CF91FF902E
:104CE000EF90DF90CF900895C12CD12CE12C80E47F
:104CF000F82E56CF1F920F920FB60F9211240BB6BB
:104D00000F922F938F939F93EF93FF9380911305AF
:104D100020911205821306C08091C1008F7D80937F
:104D2000C10012C0E82FF0E0EE5EFA4F92818F5F73
:104D30008F719093C600809313059091C00090648A
:104D40009093C000281741F3FF91EF919F918F91AD
:104D50002F910F900BBE0F900FBE0F901F901895C4
:104D60001F920F920FB60F9211240BB60F920F9352
:104D70001F932F933F934F935F936F937F938F93E3
:104D80009F93AF93BF93CF93DF93EF93FF930091E4
:104D9000C705D091C60511E01D0F1F77C091C60051
:104DA000909111059C3008F074C0E92F092E000C79
:104DB000FF0B8827E152F9458F4F0D942D44EBA648
:104DC00016A724A72CA733A749A737A749A73BA70E
:104DD0003FA749A743A7CD34A9F1CE3419F0C0327B
:104DE00069F503C081E080931105011731F0ED2FC3
:104DF000F0E0EA53FA4FC283D12FD093C605FF915A
:104E0000EF91DF91CF91BF91AF919F918F917F9162
:104E10006F915F914F913F912F911F910F910F9043
:104E20000BBE0F900FBE0F901F901895CA3340F421
:104E3000C033D8F6C032C9F2CD32B9F28BE0D3CF4D
:104E4000CD34E1F782E0CFCFC13321F0C43339F65E
:104E500088E0C9CF83E0C7CF84E0C03321F286E089
:104E6000C13309F2EBCF85E0C83341F7BCCF87E00F
:104E7000C23321F7B8CF89E0C13301F7B4CF8AE05C
:104E8000C033E1F6B0CFCA3009F0AFCF10921105B0
:104E9000ACCFCA3009F0A9CF809120158823B1F397
:104EA000973049F09A3059F0953081F710925802B6
:104EB0001092DD03EBCF81E080934A07E7CF0E9499
:104EC00065DD0E9496DB8EEF0E9469E40E94F6E4A5
:104ED000DDCF8EBD0DB407FEFDCF08958FEF8EBDE3
:104EE0000DB407FEFDCF8EB50895909164009B7FB1
:104EF00090936400982F906A96959CBD80FD03C0A6
:104F000091E0863009F490E09DBD08952F923F9284
:104F10004F925F926F927F928F929F92AF92BF92C9
:104F2000CF92DF92EF92FF920F931F93CF93DF9375
:104F3000CDB7DEB7EA970FB6F894DEBF0FBECDBF90
:104F400089AF2091A20528AF81E08093A2059091BE
:104F5000C5059D3409F4F1C5943511F40C9465BC74
:104F6000973499F40091C3051091C4050B311105D4
:104F700009F47BC20CF051C0043011054CF402302E
:104F800011050CF03EC117FF1BC10F94B61A31C1B9
:104F90000C30110509F448C10531110509F429C186
:104FA0000430110591F780E50E943772C12CD12C95
:104FB0007601882321F00E94B7766B017C0183E59E
:104FC0000E943772882361F00E94C77620E030E0AB
:104FD0004AE754E40F9409400F94A9456B017C0102
:104FE0000E9496DB80915A13811105C060E08BE628
:104FF00094E10E9420350F94CF24C60ED71EE81EE0
:10500000F91E0F94CF246C197D098E099F0997FF13
:10501000F0C080E00E940596F4CF0A32110509F431
:10502000B9C40CF0BEC00D31110509F45DC40CF417
:1050300046C20E31110509F0A8CF20E030E040E86B
:1050400050E46091620270916302809164029091D9
:1050500065020F943544AB01BC0188E50E94F176EE
:105060006C8F7D8F8E8F9F8F20E030E048E352E47D
:105070006091660270916702809168029091690266
:105080000F943544AB01BC0189E50E94F1769B0188
:10509000AC0129833A834B835C836C8D7D8D8E8D2F
:1050A0009F8D0E946B71882309F4A3C080E00E9449
:1050B0008D7E0E9448E361E085E40E94BB7421E09C
:1050C000482FBE016F5F7F4FCE014C960F94C41ADC
:1050D0006B017C01AC019B010F94284781115CC0DE
:1050E0008C8C9D8CAE8CBF8C20E030E0A901C5017A
:1050F000B4010F94A33F27E137EB41E558EB87FD5F
:1051000004C027E137EB41E558E3C501B4010F9432
:105110003644AB01BC018BE994E10E948C8B898001
:105120009A80AB80BC8020E030E0A901C501B401C9
:105130000F94A33F27E137EB41E558EB87FD04C00F
:1051400027E137EB41E558E3C501B4010F9436443C
:10515000AB01BC0186E994E10E948C8B20E030E039
:10516000A901C701B6010F94A33F27E137EB41E541
:1051700058EB87FD04C027E137EB41E558E3C70151
:10518000B6010F943644AB01BC0181E994E10E9461
:105190008C8B8AE00E9415840E942FE30E9465F3A5
:1051A00028C00B35110509F4A2C30C35110509F40B
:1051B000A1C30A35110509F0E8CE1092A10519C066
:1051C000809142028823A9F08AE50E94EE71082F9F
:1051D00089E50E94EE71182F88E50E94EE71402F3C
:1051E000612F0E94F8DF811104C00E9408770E949D
:1051F00062E0F9ADF1110C94BBB60E94F6890C94F3
:10520000BBB6809142028823A1F341E061E081E0D6
:105210000E94F8DF8111EDCF81E00230110509F025
:1052200080E00E946A9AE5CF41E061E081E00E945F
:10523000F8DF8111DECF70E060E080E50E947D74D0
:10524000182F6CE070E083E50E947D745C0163E0E0
:1052500070E084E50E947D7440E050E060ED70E411
:1052600082E50E94F1762B013C019090400B80E09A
:105270000E948D7E113009F491C0123009F092C065
:1052800080E090E0A8E8B1EC89839A83AB83BC838B
:1052900080E090E0AEEBB2E48D839E83AF83B8876D
:1052A00080E090E0A0E8BFE389879A87AB87BC875E
:1052B000AA2009F473C01C8E1D8E1E8E1F8ECE0177
:1052C0004C966C01E12CF12C00E81FE320E030E06B
:1052D0004EEB52E460E070E088E891EC0E9467E3F6
:1052E000B12C10E000E01C8E1D8E1E8E1F8EB801AA
:1052F000012E000C880B990B0F94AA3F2CE739ED77
:1053000040E25FE30F9409406B017C010F942B4551
:105310009B01AC01C301B2010F94094020E030E0D1
:105320004EEB52E40F94364468A779A78AA79BA74F
:10533000C701B6010F94D6469B01AC01C301B2016F
:105340000F94094020E030E048E851E40F943544E0
:105350006CA77DA78EA79FA7AE01445E5F4FBE01DD
:10536000685D7F4FCE018C960E9428E40F5F1F4F2F
:105370000A30110509F0B7CFB394BA1408F4B1CFCD
:105380001C8E1D8E1E8E1F8EAE01445E5F4FBE01B1
:105390006B5F7F4FCE0101960E9428E4892D0E9409
:1053A0008D7E27CF40E050E068E871EC49835A8356
:1053B0006B837C8380E090E0A8ECB1E48D839E83D6
:1053C000AF83B88780E090E0A0E8BFE389879A8741
:1053D000AB87BC874C8F5D8F6E8F7F8F40E050E036
:1053E0006EEB72E448A359A36AA37BA38CA39DA38D
:1053F000AEA3BFA318A619A61AA61BA6DE019896EF
:105400006D01E12CF12C00E81FE39A01AB0160E093
:1054100070E088E891EC0E9467E3B594A794E89463
:10542000A7F8BB2410E01A151B040CF0B7CF18A680
:1054300019A61AA61BA6AE01485D5F4FBE016B5FA1
:105440007F4FCE0101960E9428E418A619A61AA63D
:105450001BA6AE01485D5F4FBE01605E7F4FCE016F
:105460004C960E9428E41F5FDECF41E061E081E0BE
:105470000E94F8DF8111BDCE80E090E0A8ECB2E49C
:1054800089839A83AB83BC8380E090E0A6E9B3E490
:105490008D839E83AF83B88780E090E0A0EAB1E47B
:1054A00089879A87AB87BC8770E060E080E50E94BF
:1054B0007D74BE016F5F7F4F0E94F5339ACE81E00D
:1054C0000E949B80809131078770873051F460E0A3
:1054D0008FE40E94BB74882321F080E00E949B80AF
:1054E00088CE0E9496DB2090400B80E00E948D7E4B
:1054F0000E9448E381E08093D0080E9496E588E509
:105500000E94EE71182F89E50E94EE71082F8AE53E
:105510000E94EE71F82E101306C0181304C001E0AB
:1055200011E0FF24F39480E1E2E6F2E0A2E3B7E0C9
:1055300001900D928A95E1F782E50E943772812CE5
:10554000912CE0EAAE2EE0E4BE2E882359F00E94B2
:10555000C7764B015C0120E030E0A9010F94A33F26
:10556000882331F1111103C0002309F4F6C08092A1
:105570003A0790923B07A0923C07B0923D072091DA
:105580006A0230916B0240916C0250916D02C5012C
:10559000B4010F94964618165CF419821A821B8285
:1055A0001C82BE016F5F7F4F8AE397E00E944AE44E
:1055B000112309F4CDC0002309F4C7C0109266027C
:1055C00010926702109268021092690210926202B1
:1055D0001092630210926402109265020E94F6E437
:1055E000EBEBFCE2B491BAAFEFEAFCE28590959068
:1055F000A590B490E3EBFCE24590559065907490D3
:10560000A3019201C501B4010F94964618160CF03F
:105610002BC1A5019401C301B2010F9430456CABBD
:105620007DAB8EAB9FABE6E7FCE285919591A591B2
:10563000B491E82ED92ECA2E3B2EE2E7FCE28591EA
:105640009591A591B49188AB99ABAAABBBAB9C01EA
:10565000AD016E2D7D2D8C2D932D0F949646181631
:1056600024F4E8A8D9A8CAA83BA82CA93DA94EA90A
:105670005FA9CA01B9010F94094020E030E040E879
:105680005FE30F9436440F94E4462E2D3D2D4C2DB0
:10569000532D0F94094068A779A78AA79BA7ECEB25
:1056A000FCE2E49020E030E040EC5FE3C301B201B3
:1056B0000F9409402B013C016E2DEE0C770B880BEB
:1056C000990B0F94AA3F9B01AC01C301B2010F9447
:1056D000094069837A838B839C8320E030E040EC2F
:1056E0005FE3C501B4010F9409404B015C01AAAD11
:1056F0006A2FAA0F770B880B990B0F94AA3F9B0177
:10570000AC01C501B4010F9409406C8F7D8F8E8F61
:105710009F8FAE01485D5F4FBE016F5F7F4FCE012F
:105720004C960E9428E40E944DE610926602109268
:10573000670210926802109269021092620210923F
:105740006302109264021092650280E00E9418E7E2
:10575000002319F081E00E9418E7FF20A1F080E00B
:105760000E94F3818091380B8370833009F481C0EB
:1057700060E083E894E10E9420350E94588684E727
:1057800094E10E9466840E94F6E41092D0080E9480
:1057900096E5812C912C70EAA72E70ECB72E111192
:1057A00003C0812C912C5401412C512C60EA662EAF
:1057B00060E4762E011103C0412C512C3201F1100E
:1057C0000C9483BC20E030E0A901C501B4010F9422
:1057D000A33F811109C020E030E0A901C301B2015B
:1057E0000F94A33F882371F118A619A61AA61BA629
:1057F000A301920160916602709167028091680234
:10580000909169020F9435446C8F7D8F8E8F9F8F9E
:10581000A50194016091620270916302809164021B
:10582000909165020F94354469837A838B839C83BE
:10583000AE01485D5F4FBE01645E7F4FCE010196B1
:105840000E9428E48091CF088093D008822D0E9486
:105850008D7E0E942FE383E080937C020E9465F39B
:1058600080E00E949B80C5CCA3019201C501B401D8
:10587000D4CE0E94F6E480916A0290916B02A091CE
:105880006C02B0916D0280933A0790933B07A0930E
:105890003C07B0933D0780E090E0A0E1B3E4809343
:1058A000320790933307A0933407B093350780E015
:1058B00090E0AAE3B3E48093360790933707A09370
:1058C0003807B093390719821A821B821C82AE01F5
:1058D0004F5F5F4F66E377E082E397E00E9428E442
:1058E00082E00E9418E74FCF0E948C9F82CC809369
:1058F000A1057FCC44EB242E42E0342E52E6E52E67
:1059000052E0F52ED12CC12C10E0F10181911F0144
:105910000E943772082F882349F10E94C7762B0115
:105920003C01D7012D913D914D915C910F943544EF
:105930004B015C012DEB37E346E855EB0F9496469F
:1059400087FD0AC02DEB37E346E855E3C501B401F6
:105950000F94A33F181654F4133011F4C02E0D2DDC
:10596000F7014082518262827382D02E1F5FF4E081
:10597000EF0EF11C143049F6DD2029F00E94F6E408
:105980000E9465F336CCCC20D9F38EE692E00E94DB
:10599000A7DBF6CF80914202882309F42ACC41E0AC
:1059A00061E081E00E94F8DF811123CC89E40E944C
:1059B0003772182FE12C882319F00E94D074E82E3A
:1059C0008AE40E943772082F882349F00E94D0741D
:1059D000F82E111107C044E04F1570F406C0F12CE9
:1059E000112351F024E02E1528F483EA94E10E945B
:1059F0006684FFCB0111EFCF80E1E2E6F2E0A2E3A3
:105A0000B7E001900D928A95E1F71123F1F0209112
:105A1000B7063091B8064E2D4203B001439F700D7A
:105A200011248091B2069091B306680F791F072E5A
:105A3000000C880B990B0F94AA3F60933207709368
:105A4000330780933407909335070023F1F02091BA
:105A5000B9063091BA064F2D4203B001439F700D35
:105A600011248091B4069091B506680F791F072E16
:105A7000000C880B990B0F94AA3F60933607709324
:105A80003707809338079093390760E080E50E94DC
:105A9000BB74882381F11123B1F020E030E040E8AD
:105AA00050E46091320770913307809134079091F0
:105AB00035070F9436446093320770933307809311
:105AC0003407909335070023B1F020E030E048E33D
:105AD00052E46091360770913707809138079091B2
:105AE00039070F94364460933607709337078093D5
:105AF00038079093390740E050E0BA0186E40E94ED
:105B0000F1766B017C0120E030E0A9010F9496460C
:105B1000181684F420E030E040E752E4C701B601F3
:105B20000F94304560935E0270935F028093600231
:105B3000909361020E9462E05CCB0091C3051091DA
:105B4000C4050837110511F40C9431B80CF042C2A9
:105B50000D34110511F40C94C9B50CF02AC10A31A9
:105B6000110509F41AC60CF0A8C00431110509F496
:105B7000A5C50CF07BC00131110509F494C50CF0EA
:105B80006EC00230110508F000CAA090C105B090A7
:105B9000C20580E50E943772182FC12CD12C7601E6
:105BA000882359F00E94B7766B017C0111E0C11483
:105BB000D104E104F10409F410E083E50E94377296
:105BC000882311F40C94A2BC0E94C77620E030E038
:105BD0004AE754E40F9409400F94A9456B017C01F6
:105BE00011110C94A6BCC114D104E104F10411F00C
:105BF0000C94A6BCA114B10411F40C94A6BCD5015C
:105C00008C91882311F40C94A6BC0E9496DBC501EC
:105C10000F9433051091A20583E08093A20581E0E3
:105C20008093DD03C114D104E104F10409F42BC510
:105C30000F94CF24C60ED71EE81EF91E0F94CF2452
:105C40006C197D098E099F0997FF25C58091DD0399
:105C5000882309F420C580E00E940596EFCF023129
:105C6000110509F092C90E947677C3CA0731110560
:105C700009F44EC584F40531110509F445C5063112
:105C8000110509F082C90F94522C80913A16877F32
:105C900080933A16AECA0831110509F44DC5093191
:105CA000110509F072C980913A1682FF03C08B7FFB
:105CB00080933A160E94ADA59CCA0F31110509F4D4
:105CC00056C60CF049C00C31110509F4D8C50CF4C6
:105CD00083C50D31110509F4DCC50E31110509F03C
:105CE00054C980913A1683FF84CA0F949C1A8091FC
:105CF0003A1683FF7ECA6091C1057091C205CE013C
:105D00004C960F945B058C01009709F472CA6C8D58
:105D10007D8D19821C8222E0AC01CE0101960E9489
:105D2000F5C88111BDC5F12CCE0101960E94D4C5E4
:105D3000B801FF2009F4CBC585E595E10E94F78401
:105D40008AE00E941584109236161092371610922F
:105D50003816109239164DCA0934110509F4FCC6DB
:105D6000ECF40032110509F4BCC50A32110509F042
:105D70000CC983E50E943772882309F43ACA0E944D
:105D80008B74182F80E50E94377281119AC681E0CA
:105D9000111101C080E00E949B802BCA0B341105B9
:105DA00009F4F3C60C34110509F0EFC80E947DEC2C
:105DB00020CA0C36110509F41CCA0CF06BC005355D
:105DC000110511F40C9433B744F50235110511F4A3
:105DD0000C942AB7C4F40135110509F0D6C80E9405
:105DE00026CA0E9492EC0E9414DD0E94918068EE07
:105DF00073E080E090E00E94618060E083E296E1E1
:105E00000E942035F6C90335110511F40C942EB704
:105E10000435110509F427CFB8C80936110509F46E
:105E20009BC7FCF40C35110511F40C944EB70836E1
:105E3000110509F0AAC88091FF1083FDDAC90E94FC
:105E4000588A87FDD6C983E50E943772882309F4F2
:105E5000D0C90E94C7760F94A245CB010E94FF359E
:105E6000C8C90A36110509F4C9C70B36110509F06E
:105E70008CC860E080E50E949F74823008F0B9C948
:105E800090E0FC01EA58F44F108287529C4FFC01CD
:105E90001082AFC90137110509F41BC77CF40E3617
:105EA000110509F4C1C60CF478C60F36110509F4C2
:105EB000CEC60037110509F49CC967C8053711051E
:105EC00011F40C94F5B70CF072C00237110511F4FF
:105ED0000C94EFB70337110509F057C88AE597E12D
:105EE0000E94668460E08AE497E10E94DC9260E0B0
:105EF00085E397E10E94DC9261E08EE297E10E94E7
:105F0000DC9260E083E297E10E94DC9261E083E151
:105F100097E10E94DC9260E08AE097E10E94DC92C7
:105F200061E080E097E10E94DC9261E086EF96E11B
:105F30000E94DC9261E08EEE96E10E94DC9261E0CC
:105F400080EE96E10E94DC9261E082ED96E10E9493
:105F5000DC9260E083EC96E10E94DC9260E085EBED
:105F600096E10E94DC9260E08FE996E10E94DC926B
:105F700061E08EE896E10E94DC9260E08FE796E1B6
:105F80000E94DC9260E08AE696E10E94DC9261E089
:105F900087E596E10E94DC9260E08AE496E10E9447
:105FA000DC9260E086E396E10E94DC9222C906372B
:105FB000110511F40C94FDB70737110511F00C947D
:105FC000C5A781E00E949B800E9436E580E00E9488
:105FD0009B800FC90E3581E0180711F40C9432BC78
:105FE0000CF0D1C1033D110511F40C94ADB80CF0C7
:105FF00073C00B39110509F4DAC65CF50D371105CC
:1060000009F424C764F40937110511F00C94C5A7ED
:106010001092D0081092CF080E9496E5EAC80C387A
:10602000110509F478C60139110511F00C94C5A7C2
:1060300070E060E083E50E94D4748C01823010F43B
:106040000C9439B80E940A858DE598E10E94668417
:10605000D0C80B3C110511F40C9486B884F50E3BA6
:10606000110509F475C6093C110511F00C94C5A77A
:106070000E94588A87FDBDC804EB12E05BE0E52E64
:1060800053E1F52E68EBC62E62E0D62ED8018D9135
:106090008D010E94EE71882349F00E94C7760F940B
:1060A000A945F7016083718382839383F4E0EF0E47
:1060B000F11CC016D10651F70E9424DB9AC80C3C93
:1060C000110511F40C94A9B80D3C110511F00C94B4
:1060D000C5A70E9474848DC80232A1E01A0711F48A
:1060E0000C9429BA0CF042C00D3D110511F40C942A
:1060F0001DB994F40C3D110511F00C94C5A783E56E
:106100000E943772882309F474C80E94D074909357
:106110001902809318026DC8023E110511F40C9407
:106120006BB90831114011F00C94C5A780E50E94AD
:10613000EE71882309F45DC80E94D0748C01892B0C
:1061400011F00C941CBA83E50E94EE71882311F4BF
:106150000C94B1B90E94D0748F3F980711F00C9441
:10616000AAB987E994E10E94B08043C80E32F1E0F9
:106170001F0711F40C94CCBA0CF086C00C3241E02D
:10618000140711F40C94AEBA0D32114011F00C94B6
:10619000C5A760E085E40E949F7481110C94C4BA85
:1061A00080E50E94EE71882351F00E94C7766093CB
:1061B000CD137093CE138093CF139093D01389E4B3
:1061C0000E94EE71882381F00E94C7762CEA35EC9C
:1061D00047E25EE30F9409406093D1137093D213AA
:1061E0008093D3139093D41384E40E94EE71882398
:1061F00081F00E94C7762CEA35EC47E25EE30F940B
:1062000030456093D5137093D6138093D713909332
:10621000D8130E9458864091CD135091CE136091AF
:10622000CF137091D01388EF98E10E948C8B2CEAE9
:1062300035EC47E25EE36091D1137091D213809107
:10624000D3139091D4130F943045AB01BC0184EF6C
:1062500098E10E948C8B2CEA35EC47E25EE360917A
:10626000D5137091D6138091D7139091D8130F94B2
:106270000940AB01BC0180EF98E10E948C8B8AE061
:106280000E9415840C94F9A80F3291E0190711F4BB
:106290000C9413BB0033114011F00C94C5A780E59A
:1062A0000E94EE71882351F00E94C77660935D07CB
:1062B00070935E0780935F079093600789E40E9464
:1062C000EE71882381F00E94C7762CEA35EC47E214
:1062D0005EE30F94094060936107709362078093B7
:1062E00063079093640784E40E94EE71882381F031
:1062F0000E94C7762CEA35EC47E25EE30F94304506
:1063000060936507709366078093670790936807AB
:106310000E94588640915D0750915E0760915F072B
:106320007091600786E199E10E948C8B2CEA35EC34
:1063300047E25EE3609161077091620780916307B5
:10634000909164070F943045AB01BC0182E199E163
:106350000E948C8B2CEA35EC47E25EE36091650786
:106360007091660780916707909168070F940940C4
:10637000AB01BC018EE099E10E948C8B8AE00E9407
:1063800015840C94F9A8063FB1E01B0711F40C9496
:1063900072BB0CF073C00A39F1E01F0711F40C94C2
:1063A000F9A814F5003941E0140711F40C9417BB57
:1063B0004CF40F35114011F00C94C5A70E941D75C7
:1063C0000C94F9A80139A1E01A0711F40C941BBB35
:1063D0000239114011F00C94C5A780E00E94AEE58F
:1063E0000E9465F30C94F9A8093AE1E01E0711F444
:1063F0000C946ABBA4F5043A21E0120711F40C9442
:1064000022BB053A114011F00C94C5A76FEF7FEF46
:1064100089E40E94D474182F6FEF7FEF8AE40E9402
:10642000D474082F8AE50E94EE71F82EB12C8111E8
:1064300004C081E50E94EE71B82E17FD08C007FD6B
:1064400006C0F1100C9426BBB1100C9426BB0E9420
:106450000A8588E699E10E9466840C94F9A8043FB5
:1064600081E0180711F40C946EBB053F114011F048
:106470000C94C5A70E9475FF0C94F9A80335A3E0FE
:106480001A0711F40C9489BB0CF09EC00C30E2E0AA
:106490001E0711F40C947EBBF4F4073F21E01207B1
:1064A00011F40C9476BB083F114011F00C94C5A771
:1064B00081E08093B6060E9442F91092B6068823C6
:1064C00011F40C94F9A80E94588688E899E10E947A
:1064D00066840C94F9A8083582E0180711F40C942E
:1064E000C9BB0B35124011F00C94C5A70E94588A05
:1064F000082F87FF02C00C94F9A885E50E94EE7171
:10650000882361F10E94C7764B015C01E02E002ECA
:10651000000CFF0820E030E0A9010F94964687FFA9
:1065200004C0B7FAB094B7F8B09420E030E048E483
:1065300053E4C501B4010F949646970153E0220F2E
:10654000331F5A95E1F72554394F181614F40C945B
:10655000CDBBF90180829182A282B3828CE40E9439
:10656000EE71882311F40C94F9A80E94C7766B0190
:106570007C01002E000C110B20E030E0A9010F94EB
:10658000964687FF04C0F7FAF094F7F8F09420E0FD
:1065900030E048E453E4C701B6010F9496469801F1
:1065A00043E0220F331F4A95E1F72554394F18165F
:1065B00014F40C94D8BBD9011496CD92DD92ED92CF
:1065C000FC9217970C94F9A80C38A3E01A0711F461
:1065D0000C9422BCF4F50438E3E01E0711F40C948B
:1065E000E3BB0B38134011F00C94C5A794EBE92ED4
:1065F00092E0F92E10E0D7018D917D010E94377253
:10660000882331F00E94D074BC01812F0E947DD17B
:106610001F5F143081F782E40E943772882331F0C3
:106620000E94D074BC0184E00E947DD183E50E9469
:106630003772882311F40C94F9A810E00E94D074EA
:10664000BC01812F0E947DD11F5F1530B9F70C94DA
:10665000F9A8003A23E0120709F479C1073E134074
:1066600011F00C94C5A781E08093420210929D1313
:1066700060E083E50E94BB7481110C94F9A80E942C
:10668000C2920C94F9A88091DD03882321F080E068
:106690000E940596F8CF0E945C351092DD0310939E
:1066A000A2050C94F9A860E085ED94E10E942035E4
:1066B00017981698159814980C94F9A88DEE94E1F3
:1066C0000E9466841092CB088FE094E10E947CC403
:1066D0008BE1EFE0F4E1DE01119601900D928A95D5
:1066E000E1F750E040E0BE016F5F7F4F90E080E057
:1066F0000F94182ECE0101960E94D4C58EED94E120
:106700000E9466840C94F9A80F94072D0C94F9A8A4
:106710008091C1059091C205FC012191222331F0A5
:106720002032D9F7DF0111971C92F7CF40E061E0EA
:106730000F94F12F0C94F9A880915D088823E9F05B
:1067400080E090E0A0EAB1E488A799A7AAA7BBA738
:106750001C8E1D8E1E8E1F8E19821A821B821C8219
:1067600020E0AE01485D5F4FBE01645E7F4FCE0109
:1067700001960E949DA30C94F9A80E940D7B88238A
:1067800021F00F94632C0E9459EC87E79BE00F9453
:106790003D030E945C350C94F9A880913A1683FD64
:1067A00002C00C94F9A883E50E943772882311F483
:1067B0000C94F9A80E946D74AB01BC01409336168D
:1067C00050933716609338167093391689ED93E11C
:1067D0000E94E8C30C94F9A883E40E94EE71882318
:1067E00019F188E095E10E9466848091DC1388238A
:1067F00091F0BE016F5F7F4F89ED93E10E94DAC592
:106800008E010F5F1F4FF80181918F01882339F0AE
:106810000E941584F8CF8EEF94E10E9466848AE08E
:106820000E9415840C94F9A880913A1682FF21C029
:1068300087E195E10E946684609136167091371663
:1068400080913816909139164AE00E9458898FE25B
:106850000E9415846091321670913316809134161F
:10686000909135164AE00E9458890E94BC920C947F
:10687000F9A889E295E10E9466840C94F9A840E0A9
:1068800060E08091C1059091C2050F94F12F0C94A6
:10689000F9A880913A168E7F80933A160C94F9A845
:1068A000CE0101960F94D431882309F43CCA61E0EB
:1068B000CE0101960E947CC5009709F434CA25EEEA
:1068C000DC012C931C820E94C7C1F82E2DCA8DE3D7
:1068D00095E10E94F7848AE395E10E9466840C9416
:1068E000F9A880913A1682FD0E9496DB80913A16B3
:1068F00083FD02C00C94F9A860E080E50E94BB749F
:10690000182F482F61E08091C1059091C2050F9426
:10691000F12F83E50E943772882381F00E946D7405
:10692000AB01BC014093361650933716609338166E
:106930007093391689ED93E10E94E8C30F94632C9C
:1069400011110C94F9A80E9459EC0C94F9A820910B
:10695000C1053091C20590913A16926090933A1613
:1069600040E060E0C9010F94F12F0C94F9A80E9457
:106970000CEC7B018C0120E831E541E050E00F9404
:106980009643C9016DE671E00F9405444B015C012B
:10699000C801B70120E13EE040E050E00F9496438B
:1069A000CA01B90128E130E040E050E00F9496437D
:1069B000762E672EC62ED72E3CE3232E312C412C6B
:1069C000512CC801B701A20191010F949643F62EF4
:1069D000E72ECA01B901A20191010F949643CB01A0
:1069E0008E010F5F1F4F8114910431F1EF92FF92DE
:1069F0007F936F936F927F92BF92AF929F928F928D
:106A00008BE895E19F938F931F930F930F943A3FD9
:106A10000FB6F894DEBF0FBECDBFC8010F9433058B
:106A20000E945886B8018FE995E10E94F7848AE0B8
:106A30000E9415840C94F9A8A114B10489F0EF9276
:106A4000FF927F936F936F927F92BF92AF928BE78B
:106A500095E19F938F931F930F930F943A3FD8CF55
:106A6000CD2879F0EF92FF927F936F936F927F9290
:106A70008FE695E19F938F931F930F930F943A3F67
:106A8000C7CF892B69F0EF92FF927F936F9387E6D0
:106A900095E19F938F931F930F930F943A3FB8CF35
:106AA000EF92FF9283E695E19F938F931F930F934D
:106AB0000F943A3F0F900F900F900F900F900F9000
:106AC000ACCF6DE070E080E50E94D4747C0197FF4C
:106AD00002C00C94F9A8082F60E089E40E94BB74FE
:106AE000811120C09BEBC92E95E1D92E20EEA22E5C
:106AF00025E1B22E41E050E0B601CE0101960F949F
:106B0000DC3E8981081308C00E940A858CEA95E161
:106B10000E9466840C94F9A8FFEFCF1ADF0AAC1428
:106B2000BD0441F78E2D0F941405612F8E2D0F9407
:106B30000623612F70E08E2D0F94C623063041F09E
:106B4000083011F00C94F9A81093760B0C94F9A866
:106B50001093770B0C94F9A880E50E94EE718823BE
:106B600011F40C94F9A880913A1682FF02C00C949B
:106B7000F9A80E948B7490E08536910514F084E6A4
:106B800090E08093DB030C94F9A80E9459EC0C94DC
:106B9000F9A80E9492EC0C94F9A88091FF1083FF51
:106BA00002C00C94F9A80E94588A082F87FF02C0DF
:106BB0000C94F9A883E50E943772182F882319F1E5
:106BC0000E94C7760F94A245CB010E94FF356091C9
:106BD000CA137091CB13072E000C880B990B0F94DE
:106BE000AA3F2091C6133091C7134091C81350910A
:106BF000C9130F94964618166CF482EF95E160E085
:106C00000E9420350BC082E50E9437728111D8CFD7
:106C10000C94F9A880EE95E1112389F3612F802F60
:106C20000E94F5F10C94F9A88EE40E943772882333
:106C300011F40C94F9A80E946D746093551370932D
:106C4000561380935713909358130C94F9A883E527
:106C50000E94EE71882331F060E083E50E949F740A
:106C60008093FF100E94588682E196E10E9466841C
:106C70008091FF10882351F110E000E020E0809126
:106C8000FF1090E0B0E0A0E0002E04C0B695A795FC
:106C9000979587950A94D2F780FF12C0FF24F3944A
:106CA000F20E222319F08CE20E941584F801EE0FF7
:106CB000FF1FE85FF94E859194910E9466842F2D05
:106CC0000F5F1F4F05301105D1F6A9CD84E096E185
:106CD000A4CD83E50E943772882369F00E948B74EB
:106CE0008D3320F4809312020C94F9A88CE38093E6
:106CF00012020C94F9A80E9458864091120250E0AA
:106D000070E060E089E196E10E94BC898AE00E941F
:106D100015840C94F9A88091FF1083FF02C00C9495
:106D2000F9A883E50E943772882311F40C94F9A81E
:106D30000E94C7760F94A2456C3871050CF48B0144
:106D400010935B0700935A070E943DC00C94F9A86A
:106D50000E9473980C94F9A80E94588A182F87FDF6
:106D60000AC080E296E10E946684812F0E9486F12B
:106D70008AE00E94158428AD2093A205EA960FB6FA
:106D8000F894DEBF0FBECDBFDF91CF911F910F9161
:106D9000FF90EF90DF90CF90BF90AF909F908F903B
:106DA0007F906F905F904F903F902F90089583E574
:106DB0000E943772882311F40C94F9A80E948B74F6
:106DC000182F8D3308F01CE3109398050F94CF24EF
:106DD0006B017C01212F30E0A8EEB3E00F94EA4371
:106DE000C60ED71EE81EF91EC0929405D0929505D6
:106DF000E0929605F09297050C94F9A860E080E582
:106E00000E949F74182F823010F00C94F9A881E42E
:106E10000E94EE716091760B70E0811102C06FEFFD
:106E200070E083E50E947D74212F30E08F3F910553
:106E300019F010F08FEF90E0F901EA58F44F8083D9
:106E400027523C4FD9018C930C94F9A80E94ADA510
:106E50000C94F9A810929C050C94F9A881E08093F9
:106E60009C050C94F9A883E50E94EE71882311F427
:106E70000C94F9A80E94C77620E030E04AE754E479
:106E80000F9409400F94A94560939D0570939E054A
:106E900080939F059093A0050C94F9A80E94588AAE
:106EA00087FF02C00C94F9A88091BD0584FD09C03C
:106EB0008091BF0587FD05C08091C005837009F4EE
:106EC00089C0B4EBCB2EB2E0DB2E1BE0E12E13E148
:106ED000F12E10E0D6018D916D010E94377288234A
:106EE00009F465C0133009F06DC00E94C7764B01EC
:106EF0005C0120E030E040EA51E40F94A33F87FFBB
:106F00004EC0A501940160912B1370912C138091B8
:106F10002D1390912E130F9430452B013C01AC01A1
:106F20009B0160916E0B70916F0B8091700B909133
:106F3000710B0F94094060936E0B70936F0B8093ED
:106F4000700B9093710BA301920160913B137091B0
:106F50003C1380913D1390913E130F940940609330
:106F60003B1370933C1380933D1390933E136091B9
:106F70005A0B70915B0B80915C0B90915D0B0F94A1
:106F8000A83FA30192010F9409400F94A945609373
:106F90005A0B70935B0B80935C0B90935D0B80920C
:106FA0002B1390922C13A0922D13B0922E131F5FCF
:106FB000F4E0EF0EF11C143009F08CCF0E9472DB6C
:106FC0000C94F9A80E94C776F701648B758B868BA9
:106FD000978BEDCF81E00F9476060C94F9A80E9470
:106FE00096DB0E9465F30C94F9A88091C1059091FD
:106FF000C2050F9433050C94F9A80091C1051091B6
:10700000C20583E0F12C40E08150E9F0D8019C9169
:10701000292F2B7F2134C1F711962C912133A1F711
:10702000913421F0953421F441E002C0FF24F3941F
:1070300098012E5F3F4F89012F5F3F4FF8019081EC
:107040009032C9F3E1CF41110E945886FF2021F010
:1070500089E598E10E946684C8010E94A0940C947E
:10706000F9A88093D0088093CF080E9496E50C94ED
:10707000F9A888E40E9437728823A9F00E94D0748E
:10708000F801FF27EE0FFF1FE753F94F833221E08E
:10709000920714F082E291E08837910514F488E7B2
:1070A00090E09183808386E40E943772882379F090
:1070B0000E94D07497FD28C08F3F910519F014F0FD
:1070C0008FEF90E0F801FF27ED53F94F808382E4C2
:1070D0000E943772882311F40C94F9A80E94D0748E
:1070E000F801FF27EE0FFF1FEB53F94F8D38910585
:1070F00014F08CE890E08530910514F485E090E080
:10710000918380830C94F9A880E0DCCF0E94588A98
:1071100087FF02C00C94F9A844EBE42E42E0F42E61
:1071200010E000E0D7018D917D010E94EE7188236F
:1071300049F00E94C776F801E55FFC4E64A375A391
:1071400086A397A30C5F1F4F0031110559F70C94CC
:10715000F9A80E945D910C94F9A80E94588686EACD
:1071600098E10E94668483E50E94EE71882321F0F5
:107170000E94AB748093170280911702882309F450
:1071800059C083E898E10E9466848EE998E10E94E4
:10719000668440911A0250911B0260911C0270910A
:1071A0001D028CE998E10E948C8B40912202509143
:1071B0002302609124027091250289E998E10E94DE
:1071C0008C8B40912A0250912B0260912C0270917D
:1071D0002D0286E998E10E948C8B8EE898E10E944E
:1071E000668440911E0250911F02609120027091AE
:1071F00021028CE898E10E948C8B409126025091EC
:107200002702609128027091290289E898E10E9482
:107210008C8B40912E0250912F0260913002709120
:10722000310286E898E10E948C8B8AE00E941584E6
:107230000C94F9A88FE798E1A6CF0E94588AD82E1F
:1072400087FF02C00C94F9A883E50E943772ED2CE9
:107250000D2C000CFF088701000F111F882309F176
:107260000E94D074F801ED5EFD4F91838083870109
:10727000000F111F000F111F0A581D4FBC01990F5D
:10728000880B990B0F94AA3F2AE037ED43E25CE3A9
:107290000F940940F80160837183828393830C9477
:1072A000F9A80E94588685E40E94158480E38D0D1C
:1072B0000E941584F801ED5EFD4F6081718186EBBF
:1072C00098E10E944B8A85E20E9415848AE00E9420
:1072D00015840C94F9A880E50E94EE71882311F4BE
:1072E0000C94F9A870E060E080E50E94D474E82E68
:1072F0006FEF7FEF83E50E94D4748C0101960397B2
:1073000010F00C94F9A8E7FE02C00C94F9A80E94B2
:1073100096DB0E2C000CFF080F3F100789F00130A0
:107320001105A9F010E000E0C7010F946832801742
:10733000110611F40C94F9A880E00E940596F4CF90
:10734000C7010F94683201E0082710E0EDCF01E09B
:1073500010E0EACFBC0187E994E10E94F0800C9430
:10736000F9A80E94588670E060E081EC98E10E94E4
:107370004B8A80919914A8E5CA2EA2E0DA2EC81A89
:10738000D10887FDD394CC0CDD1CCC0CDD1C0D2C5E
:10739000000CEE08FF088091981418E8812E912CBB
:1073A000881A910887FD9394880C991C880C991C65
:1073B000092C000CAA08BB088091971490E08F3F1D
:1073C000C9F1FC01EE0FFF1FE80FF91FE65DFB4E50
:1073D00081819281E3E0880F991FEA95E1F7B0E09F
:1073E000A0E0F4E0B595A79597958795FA95D1F724
:1073F00002969C012F5F3F4F032E000C440B550B50
:10740000281939094A095B09A4EBB0E00F94D74366
:10741000A7019601281939094A095B090F94B84355
:10742000B9018EEB98E10E944B8A8AE00E94158494
:107430000C94F9A880E0DDCF0E940A85B80188EDA0
:1074400098E10E944B8A89EC98E10E9466840C9432
:10745000F9A854EBC52E52E0D52E6BE0E62E63E181
:10746000F62E10E0D6018D916D010E9437728823AF
:1074700009F465C00E94C77620E030E040E050EC9F
:107480000F94A33F812C912CA12C40ECB42E87FDAE
:1074900013C00E94C77620E030E040E050E40F9433
:1074A0009646812C912CA12C30E4B32E181624F092
:1074B0000E94C7764B015C01F70124893589468912
:1074C0005789C501B4010F9409400F94A245812F3B
:1074D0000E943A80123051F580E50E94EE718111D0
:1074E00037C0A50194016091390B70913A0B8091DE
:1074F0003B0B90913C0B0F9436446093390B709387
:107500003A0B80933B0B90933C0B0E945886409122
:10751000390B50913A0B60913B0B70913C0B8FED06
:1075200098E10E948C8B8AE00E9415841F5FF4E032
:10753000EF0EF11C133009F095CF0C94F9A812301E
:10754000A9F783E50E943772811194CF0C94F9A8B2
:107550000E94AB748111C5CF0C94F9A864E071E06E
:1075600083E50E947D748C0168EE73E080E50E94E3
:107570007D74893823E1920710F088E893E1B8011F
:107580000E94E7340C94F9A80E940A858CEF98E1D8
:107590000E9466840C94F9A883E50E94EE71182F6E
:1075A000882371F00E94C7760F94A24570937B02E6
:1075B00060937A0221E0672B09F020E02093880B8A
:1075C00080E50E94EE71882361F020917A0230916B
:1075D0007B02232B11F00E94AB748093880B0C94D8
:1075E000F9A811110C94F9A80E94588686E399E134
:1075F0000E9466848091880B882391F08EE199E146
:107600000E94668460917A0270917B0285E299E122
:107610000E944B8A81E299E10E9466840C94F9A849
:107620008AE199E1EDCF0E949D8B0C94F9A80E940C
:1076300096DB0C94F9A881E00E94AEE50E9465F308
:107640000C94F9A80E94F6920C94F9A8153010F445
:10765000053040F00E940A8589E499E10E94668421
:107660000C94F9A80E94C776A12F110FBB0B002E16
:10767000000C110B20E030E0A901BB2091F025E0C7
:107680002A9FF0012B9FF00D1124E00FF11FEE0F48
:10769000FF1FEE0FFF1FE353F94F2081318142811D
:1076A0005381E5E0FE2EFA9EF001FB9EF00D1124C1
:1076B0000E0F1F1F000F111F000F111F0353194F33
:1076C0000F943644D8016D937D938D939C931397BB
:1076D0000C94F9A80E94D1910C94F9A80E9448E852
:1076E0000C94F9A80E9494F40C94F9A861E083E545
:1076F0000E94BB740E94F8F50C94F9A880913A1688
:1077000082FD02C00C94F9A8806280933A160C9412
:10771000F9A88AE50E943772882341F10E94C77652
:107720006B017C0120E030E040EA51EC0F9496467A
:1077300087FD14C020E030E040EA51E4C701B60103
:107740000F94A33F181654F0C092390BD0923A0B05
:10775000E0923B0BF0923C0B0C94F9A80E940A8536
:1077600083E999E10E9466840C94F9A80E945886E6
:107770004091390B50913A0B60913B0B70913C0B4F
:1077800080EB99E10E948C8B8AE00E9415840C9416
:10779000F9A80E94CABC0C94F9A880E090E0A8E483
:1077A000B3E4F90180839183A283B3830C94AEB2D6
:1077B00080E090E0A8E4B3E4F90184839583A68394
:1077C000B7830C94F9A88BE40E943772882339F1AF
:1077D0000E94C7766B017C0120E030E0A9010F9484
:1077E000964687FD16C020E030E040E251E4C70134
:1077F000B6010F94A33F181664F00E9496DBC09266
:10780000890BD0928A0BE0928B0BF0928C0B0C942C
:10781000F9A881EC99E10E9466840C94F9A80E9471
:1078200058864091890B50918A0B60918B0B709117
:107830008C0B80EE99E10E948C8B8AE00E9415846B
:107840000C94F9A870E060E083E50E94D4748C0188
:1078500070E060E080E50E94D474B8010E946ED1AF
:107860000C94F9A883E50E94EE71882351F010E092
:107870000E948B74682F812F0E9453D11F5F153097
:10788000B9F784EBE82E82E0F82E10E0F701819141
:107890007F010E94EE71882331F00E948B74682F63
:1078A000812F0E9453D11F5F143081F782E40E9420
:1078B000EE71882331F00E948B74682F84E00E945F
:1078C00053D10E94EBD00C94F9A80091C3051091FC
:1078D000C405002311F40C94F9A80E94588684E58D
:1078E0000E941584B8017727072E000C880B990B8E
:1078F0000E94DA8980E20E9415848BEE99E10E9451
:1079000066840C94F9A81C8E1D8E1E8E1F8E20E09E
:1079100030E040E050E460916A0270916B02809127
:107920006C0290916D020F94364469837A838B8345
:107930009C83BE01645E7F4FCE0101960E944AE4A3
:107940000C94E2AB112311F40C94FAAD0E9496DB77
:1079500060E082EC94E10E9420350C940AAECF9353
:10796000DF93C091B60A80E6C89FE0011124CA5295
:10797000D74F8091FF1080FF05C00E945886CE012E
:107980000E94A094CE010E941B7B80E0DF91CF91EA
:107990000C9486A74F925F926F927F928F929F92E4
:1079A000AF92BF92CF92DF92EF92FF920F931F930D
:1079B000CF93DF93CDB7DEB7A0970FB6F894DEBFB5
:1079C0000FBECDBF4DB65EB680E090E0A8ECB2E44D
:1079D00089839A83AB83BC8380E090E0A6E9B3E41B
:1079E0008D839E83AF83B88780E090E0A0EAB1E406
:1079F00089879A87AB87BC870E94588A87FD12C106
:107A0000482F61E081E00E94746141E061E081E023
:107A10000E94F8DF882309F44BC060903E0B709001
:107A20003F0B94E5E92E94E1F92E8DB69EB66AE0FF
:107A300070E0C7010F94E53E6C018C010E191F091F
:107A4000892B21F4C7010F94F03E8C01C8010196E7
:107A50002DB73EB7281B390B0FB6F8943EBF0FBEAB
:107A60002DBF8DB79EB701965C01A801B7010F9499
:107A7000113FF501E00FF11F1082C5010E941B7B31
:107A800081E00E9486A7C114D10451F076019FEFD6
:107A9000E91AF90A0FB6F8949EBE0FBE8DBEC5CF87
:107AA0000FB6F8949EBE0FBE8DBEC3010E941B7B15
:107AB00085E40E94EE71882309F4D0C00E94C77645
:107AC0006B017C0120E030E0A9010F94964687FF0E
:107AD00004C0F7FAF094F7F8F094F7FAF094F7F896
:107AE000F094C98ADA8AEB8AFC8A8AE50E943772A6
:107AF000882351F040E050E0BA018AE50E94F17617
:107B000069877A878B879C8788E50E9437728823EC
:107B100051F040E050E0BA0188E50E94F1766983B7
:107B20007A838B839C8389E50E943772882351F086
:107B300040E050E0BA0189E50E94F1766D837E83D2
:107B40008F83988785E50E94EE71882309F48CC0A5
:107B50000E94C7766B017C0120E030E0A901C701DB
:107B6000B6010F94964687FF04C0F7FAF094F7F831
:107B7000F094F7FAF094F7F8F094CD8ADE8AEF8A61
:107B8000F88E198E1A8E1B8E1C8E8CE40E94EE715C
:107B9000882309F472C00E94C7766B017C0120E043
:107BA00030E0A901C701B6010F94964687FF04C0D3
:107BB000F7FAF094F7F8F094CD8EDE8EEF8EF8A2FF
:107BC0006AE070E082E40E94D474182F80915D080E
:107BD000811128C021E0AE014B5E5F4FBE016F5F97
:107BE0007F4FCE0141960E9494868823D9F0612F61
:107BF00081E00E9435A580E090E0A0EAB1E48D87A5
:107C00009E87AF87B88B80915D08882359F0212F1C
:107C1000AE01435F5F4FBE01635E7F4FCE01499669
:107C20000E949DA30FB6F8945EBE0FBE4DBEA096F7
:107C30000FB6F894DEBF0FBECDBFDF91CF911F917D
:107C40000F91FF90EF90DF90CF90BF90AF909F90FB
:107C50008F907F906F905F904F900895C12CD12CA2
:107C6000E12C80E4F82E39CFC090BB06D090BC0642
:107C7000E090BD06F090BE066FCFC090BF06D090DA
:107C8000C006E090C106F090C20689CF90916F00C7
:107C9000292F227091FF05C090916F009D7F9093D6
:107CA0006F0034E0839FC0011124FC01E35FF74FB4
:107CB00040815181628173818F5F974FFC014083C6
:107CC00051836283738381E080930008222329F02B
:107CD00080916F00826080936F000895CF93DF934F
:107CE00090916F00292F227091FF05C090916F0035
:107CF0009D7F90936F0094E0899FA0011124FA0169
:107D0000E35FF74F6081718182819381222329F0A3
:107D100020916F00226020936F00EA01C858D44F71
:107D20000F94AA3F288139814A815B810F940940D1
:107D3000DF91CF91089580916F00982F927081FF0D
:107D400005C080916F008D7F80936F001092720B41
:107D50001092730B1092740B1092750B992329F0EB
:107D600080916F00826080936F0008950F931F933E
:107D700080919D1490919E14891B8F7009F449C0C5
:107D800090919A14992361F0833040F48FEF890F1A
:107D900029F080939A1490E080E038C010929A14F1
:107DA00080919E1427E5829FC00111248357944F30
:107DB000FC01208120FDEFCF4091720B5091730B9D
:107DC0006091740B7091750BED5AFF4F008111811A
:107DD00022813381401B510B620B730B4093720B5A
:107DE0005093730B6093740B7093750B20919E14DA
:107DF0002F5F2F7020939B1430919E1420919C1420
:107E0000321304C020919B1420939C141F910F9156
:107E100008950E949BBEBFCF8F929F92AF92BF9258
:107E2000CF92DF92EF92FF92CF93DF93EC0180909D
:107E3000B4139090B513A090B613B090B71320E090
:107E400030E0A901C501B4010F94A33F882309F4D0
:107E500054C0C880D980EA80FB80A7019601C50183
:107E6000B4010F94A33F18160CF04CC020914607A4
:107E7000309147074091480750914907C701B60123
:107E80000F94A33F882331F1C0924607D092470751
:107E9000E0924807F092490720914207309143074A
:107EA0004091440750914507688179818A819B817F
:107EB0000F9409409B01AC0160E070E080E89FE313
:107EC0000F943544609332027093330280933402EE
:107ED00090933502609132027091330280913402A6
:107EE00090913502DF91CF91FF90EF90DF90CF908E
:107EF000BF90AF909F908F90089560E070E080E811
:107F00009FE3F0CF60E070E0CB01ECCFCF92DF9247
:107F1000EF92FF9280918D071E9B87C081608093B6
:107F20008D0780918D07029982C0806180938D07B3
:107F300080918D071D9B7DC0826080938D0780910D
:107F40008D07019B78C0806280938D0780918D079B
:107F50001C9B73C0846080938D0780918D079091E6
:107F60008C07981709F46BC092E090938B0780936D
:107F70008C078091D008811105C08091D208882398
:107F800009F476C0C090F107C0FE10C080918A0746
:107F90009091D10890FF60C080FF08C08091B70A1F
:107FA00081608093B70A80E00E9446BED12CF12CFC
:107FB000E12CD701C601B695A7959795879580FFC7
:107FC00011C090918A078091D108869580FF4AC0A0
:107FD00091FF08C08091B70A82608093B70A81E060
:107FE0000E9446BE82E0F694E794D794C7948A959F
:107FF000D1F7C0FE3DC08091D1088695869580FF5F
:1080000037C08091D208882399F180918A0782FF36
:108010002FC08091B70A84608093B70A82E0FF90F6
:10802000EF90DF90CF900C9446BE8E7F78CF8F7EFE
:108030007DCF8D7F82CF8F7D87CF8B7F8CCF8091BF
:108040008B07882309F495CF815080938B0781118A
:1080500090CF90938A078DCF84FFA8CF8091B70AE5
:1080600080619FCF95FFBECF8091B70A8062B5CF68
:10807000FF90EF90DF90CF900895CF92DF92EF9234
:10808000FF9260915A0770915B0761157105B9F114
:10809000C0905607D0905707E0905807F0905907C6
:1080A00068507109072E000C880B990B0F94AA3F9A
:1080B000A70196010F94964618160CF520E030E0C3
:1080C00040E050E4C701B6010F9436440F94A9452F
:1080D00070935208609351080F94CF24605A7541F1
:1080E0008F4F9F4F609353087093540880935508A7
:1080F00090935608FF90EF90DF90CF9008951092E4
:108100005308109254081092550810925608F2CF56
:1081100080919D1490919E14891B80958F7019F405
:108120000E940596F5CF80919D148F5F8F70E0912E
:108130009D1497E5E99FF0011124E357F44FDF0107
:108140001D929A95E9F798E090834091AF14509171
:10815000B0146091B1147091B214458B568B678B3B
:10816000708F4091B3145091B4146091B514709114
:10817000B614418F528F638F748F4091B714509112
:10818000B8146091B9147091BA14458F568F678FE7
:1081900070A34091BB145091BC146091BD147091B8
:1081A000BE1441A352A363A374A320919D14909184
:1081B0009E14291303C094E690939A1480939D14FF
:1081C00080916F00826080936F000895CF93C82FD5
:1081D000CB010E94668480EB9BE20E94668481EA68
:1081E0009BE2CC2311F086EA9BE20E9466848AE03F
:1081F000CF910C941584CF92DF92EF92FF920F9360
:108200001F93C12CD12C76018C012EE632E04AE678
:1082100052E066E672E082E692E00F9449191F91FF
:108220000F91FF90EF90DF90CF90089561E0FC01F7
:1082300080810F9406238FEF0C9469A7DF92EF9251
:10824000FF920F931F93CF93DF938C01C62FD22FF2
:10825000F32EE42ED52EFC0182810E9475A760E0EA
:10826000F80180810F9406230F9404268C2F8064DC
:108270000E9469A78D2D0E9469A78E2D0E9469A773
:108280008F2D0E9469A78D2F0E9469A787E8C111D1
:1082900001C085E90E9469A7CC3011F40E946EA745
:1082A000C0E00E946EA7F801838387FF04C0CF3F20
:1082B00011F0CF5FF6CFDF91CF911F910F91FF901B
:1082C000EF90DF9008950F931F93CF93DF93EC010E
:1082D00089018C81833039F089E0440F551F661F76
:1082E000771F8A95D1F79A01AB0168E1CE010E9410
:1082F0001EC181114AC08EEF8EBDF801C8019E5F7C
:108300000DB407FEFDCF20812EBD0DB407FEFDCFBD
:1083100021812EBD3296E817F90791F70DB407FEBB
:10832000FDCF8FEF0E9469A78FEF0E9469A70E947F
:108330006EA78B838F71853089F40F940426182FD4
:10834000882301F120E030E0A9016DE0CE010E9418
:108350001EC1882351F086E1898305C083E18983AA
:10836000CE010E9416C110E004C00E946EA78111C8
:10837000F2CFCE010E9416C1812FDF91CF911F91C4
:108380000F91089587E18983F4CF86E0E5CFCF93FD
:1083900080910813C1E08823A1F04091001350910F
:1083A0000113609102137091031320E031E1809179
:1083B000091390910A130E9463C1C82F811104C050
:1083C000C0E08C2FCF910895409104135091051374
:1083D00060910613709107134115510561057105F0
:1083E00091F020E031E18091091390910A130E94ED
:1083F00063C1882329F3109204131092051310927D
:1084000006131092071310920813DBCFCF92DF925E
:10841000EF92FF920F931F93CF93DF93EC018901AB
:108420008C81833039F089E0440F551F661F771F18
:108430008A95D1F79A01AB0161E1CE010E941EC17C
:10844000882381F084E08983CE010E9416C110E068
:10845000812FDF91CF911F910F91FF90EF90DF90CF
:10846000CF9008950F94CF246B017C012CE2C20EB3
:1084700021E0D21EE11CF11C0E946EA78B838F3F6E
:1084800061F40F94CF246C197D098E099F0997FD23
:10849000F3CF81E1898310E01BC08E3FE9F48FEFB9
:1084A0008EBDF801D801A150BE4F0DB407FEFDCF1F
:1084B0009EB591938EBDAE17BF07B9F70DB407FEF9
:1084C000FDCF8EB58C930E946EA70E946EA711E01F
:1084D000CE010E9416C1BCCF8FE0DCCFCF92DF92DD
:1084E000EF92FF92CF936B017C01C42F8091001318
:1084F00090910113A0910213B09103138C159D0567
:10850000AE05BF0501F10E94C7C1811108C0C0E0DE
:108510008C2FCF91FF90EF90DF90CF90089520E0C7
:1085200031E1B701A6018091091390910A130E94CD
:1085300006C2882361F3C0920013D0920113E09227
:108540000213F0920313CC2321F081E080930813EF
:10855000DFCFC1E0DDCFCF92DF92EF92FF920F939A
:108560001F93CF93DF93FC0181859285A385B4850A
:108570000196A11DB11D84179507A607B70750F4F2
:1085800080E0DF91CF911F910F91FF90EF90DF90EE
:10859000CF90089587898031A9F5BB27A72F962F03
:1085A000852FC388D488E588F6888C0D9D1DAE1D67
:1085B000BF1DE9016A017B018F01409100135091B9
:1085C0000113609102137091031384179507A60796
:1085D000B70749F5F8018789803169F5B701A60128
:1085E000552766277727440F551F40505F4EFA01E5
:1085F00080819181B0E0A0E088839983AA83BB83C6
:1086000081E0BFCF803209F0BBCFC388D488E58832
:10861000F688DB01CA01C7E0B695A79597958795BF
:10862000CA95D1F7C2CF40E0BC01CD010E946EC215
:108630008111D0CFA5CFB701A6014F775527662767
:108640007727440F551F440F551F40505F4EFA01C6
:1086500080819181A281B381BF70CECF4F925F9212
:108660006F927F92AF92BF92CF92DF92EF92FF9282
:108670000F931F93CF93DF9300D01F92CDB7DEB738
:108680008C0149835A836B837C835901C12CD12C83
:108690007601412C82E0582E612C712C49815A813F
:1086A0006B817C819E012F5F3F4FC8010E94ABC24E
:1086B000882319F1F8018585A301920104C0220FD6
:1086C000331F441F551F8A95D2F7DA01C901C80E1E
:1086D000D91EEA1EFB1E49815A816B817C818789E4
:1086E0008031F1F481E0483F5F4F61057105B0F2E0
:1086F000F501C082D182E282F3820F900F900F9039
:108700000F90DF91CF911F910F91FF90EF90DF902D
:10871000CF90BF90AF907F906F905F904F900895F3
:1087200081E0483F5F4F6F4F7F4008F4B7CFE0CF05
:108730000F931F93CF93DF93FC012381222331F00A
:1087400080E0DF91CF911F910F9108958B01EC0193
:10875000FB018789803139F582E08B831D8A1E8A6F
:108760001F8A188E808D918DB0E0A0E025E0880FE3
:10877000991FAA1FBB1F2A95D1F7898B9A8BAB8BA8
:10878000BC8B1A8F098F81E08983188619861A8617
:108790001B861C821D821E821F82188A1C861D86D3
:1087A0001E861F86CECF803259F683E08B83428DA2
:1087B000538D648D758D4D8B5E8B6F8B788F9E0185
:1087C0002F5E3F4FC8010E942EC38111DACFB8CF70
:1087D0008F929F92AF92BF92CF92DF92EF92FF92D1
:1087E0000F931F93CF93DF93EC018B8181110EC008
:1087F00080E0DF91CF911F910F91FF90EF90DF907C
:10880000CF90BF90AF909F908F90089509891A895B
:108810002B893C89041715072607370748F34A01B7
:108820005B01823031F488869986AA86BB8681E016
:10883000E0CF81149104A104B10449F4188619868B
:108840001A861B861C821D821E821F82F0CF08851D
:1088500019852A853B85E98DFA8D858590E00996F5
:10886000B901A8014150510961097109082E04C0DC
:1088700076956795579547950A94D2F775016401E7
:10888000E1E0CE1AD108E108F10804C0F694E794BB
:10889000D794C7948A95D2F7C416D506E606F7068C
:1088A00020F0012B022B032B11F58D899E89AF89B6
:1088B000B88D8C839D83AE83BF838E010C5F1F4F69
:1088C000C114D104E104F10409F4ADCF4C815D8100
:1088D0006E817F819801898D9A8D0E94ABC291E053
:1088E000C91AD108E108F1088111EACF81CFC41A71
:1088F000D50AE60AF70AE1CF40E050E0BA010C944D
:10890000E8C33F924F925F926F927F928F929F92B5
:10891000AF92BF92CF92DF92EF92FF920F931F938D
:10892000CF93DF93CDB7DEB72C970FB6F894DEBFA9
:108930000FBECDBF5C01DC0159968D909C90F40177
:1089400081859285A385B4859C01AD012F5F3F4F42
:108950004F4F5F4F29873A874B875C87D501149625
:108960004D905D906D907C90179741145104610477
:10897000710409F459C0BFEF4B1A5B0A6B0A7B0AFA
:10898000312C730162011D821E821F821886F40140
:1089900081859285A385B4852D813E814F8158853F
:1089A000281739074A075B0708F056C089859A855A
:1089B000AB85BC858C159D05AE05BF0550F482E0E6
:1089C000C82ED12CE12CF12C92E0492E512C612C97
:1089D000712C9E012F5F3F4FB701A601C4010E9479
:1089E000ABC28823C9F189819A81AB81BC81892B73
:1089F0008A2B8B2B01F1260137019FEF491A590A67
:108A0000690A790A2D813E814F8158852F5F3F4F3A
:108A10004F4F5F4F2D833E834F8358873FEFC31ADD
:108A2000D30AE30AF30AB3CF408051806280738097
:108A300033243394A6CFC414D504E604F70411F705
:108A40000FEF1FEF2FEF3FE0B701A601C4010F9416
:108A50004231782E81111AC0712C872D2C960FB6B9
:108A6000F894DEBF0FBECDBFDF91CF911F910F9164
:108A7000FF90EF90DF90CF90BF90AF909F908F903E
:108A80007F906F905F904F903F900895F5014481E3
:108A9000558166817781411551056105710539F070
:108AA00097018601C4010F9442318823A9F2D501B0
:108AB0001496CD92DD92ED92FC921797332051F0EF
:108AC000D701C6010196A11DB11DF40180839183D8
:108AD000A283B383F50185899689A789B08D892BF7
:108AE0008A2B8B2B09F0B9CFC58AD68AE78AF08EFC
:108AF000818180688183B1CFCF93DF93EC01462FD2
:108B000041706C857D858E859F850E946EC288230D
:108B100051F0888920E2829FC001112480509F4E2D
:108B2000DF91CF91089590E080E0FACFCF93DF936B
:108B3000EC018B81882349F1898187FF22C061E0A4
:108B4000CE010E947CC5FC01892BF9F08081853E15
:108B5000E1F08B81823040F489899A89AB89BC89A4
:108B6000848F958FA68FB78F8D899E89938F828FE3
:108B70008D899E89AF89B88DB58BA48B89818F77BC
:108B80008983DF91CF910C94C7C181E0888380E015
:108B9000DF91CF910895CF93DF93EC010E9496C5AA
:108BA0001B82DF91CF910895FC01238121110C9448
:108BB000CBC50895CF93DF93EB01FC0123812111F5
:108BC00004C080E0DF91CF9108952250223028F434
:108BD0008FE28883198281E0F5CF60E00E947CC536
:108BE000009779F3DC0160E080E09EE22D91203275
:108BF00099F0883031F49E01260F311DF9019083E0
:108C00006F5F9E01260F311DAD0141505109FA01E0
:108C10004081F90140836F5F8F5F8B3039F7FE0130
:108C2000E60FF11D1082D7CF2F923F924F925F92A5
:108C30006F927F928F929F92AF92BF92CF92DF926C
:108C4000EF92FF920F931F93CF93DF9300D01F9269
:108C5000CDB7DEB79C838B834B017A01DC01139681
:108C60008C91811119C08FEF9FEF0F900F900F9093
:108C70000F90DF91CF911F910F91FF90EF90DF90B8
:108C8000CF90BF90AF909F908F907F906F905F90AC
:108C90004F903F902F900895EB81FC81818180FF60
:108CA000E2CF81899289A389B48940855185628503
:108CB0007385841B950BA60BB70BA70170E060E0D2
:108CC00084179507A607B70708F47C0167018B8115
:108CD0009C8104969A838983612C32E0732EC1149F
:108CE000D10409F4B7C0AB81BC8118964D915D9158
:108CF0006D917C911B975A01B1E0BB22EB81FC8105
:108D0000818D928D1A012B0129E056944794379456
:108D100027942A95D1F72381223091F5DC015A96C8
:108D20006D917D918D919C915D97620D731D841D58
:108D3000951D83010A191B09C016D10608F4860186
:108D40000115B2E01B0771F420910013309101135B
:108D5000409102135091031362177307840795071C
:108D600009F059C040E00E946EC2882309F47BCF0D
:108D7000B50160507F4EA801C4010F945D4757C0F4
:108D8000FC01148111501221A114B10481F41111BC
:108D90000EC0452B462B472B79F5EB81FC8185894D
:108DA0009689A789B08D84839583A683B783AB8189
:108DB000BC815996ED91FC915A9714966D917D91D5
:108DC0008D919C91179762507109810991092585B0
:108DD00004C0660F771F881F991F2A95D2F7268532
:108DE000378540895189620F731F841F951F610F5A
:108DF000711D811D911D9DCFAB81BC8114964D913C
:108E00005D916D917C91179729813A810E94ABC247
:108E10008111CDCF28CF9401AB01BC018091091302
:108E200090910A130E9406C2882309F41CCF800E79
:108E3000911EEB81FC8180859185A285B385800F91
:108E4000911FA11DB11D80879187A287B387C01A8A
:108E5000D10A45CFC70109CF4F925F926F927F929F
:108E6000AF92BF92CF92DF92EF92FF920F931F9338
:108E7000CF93DF931F92CDB7DEB78C017B015A01F0
:108E8000C22EDB0159968D919C91F801928F818FB2
:108E9000CB010E947CC4712CF70180859185A2854D
:108EA000B385418952896389748984179507A60718
:108EB000B70708F052C055E0B695A79597958795E6
:108EC0005A95D1F7F82FFF70DF2ED70113968C91AA
:108ED000823010F480E0DBC041E050E0BE016F5F03
:108EE0007F4FC7010E9414C60197A1F7F701808543
:108EF0009185A285B3854F96A11DB11D808791876D
:108F0000A287B387F0E2DF9EB001112460507F4E4C
:108F100061157105F9F2DB018C91882341F0853EE2
:108F200009F04CC0772029F077247394B5CF7110E5
:108F30000EC08091001390910113A0910213B09183
:108F40000313F80184879587A687B787D08ADB014A
:108F50008C918111E9CF772473948C2D82748234A3
:108F600009F0B8CF772009F4A2C0F801D08861E0F9
:108F7000C8010E947CC5009709F4ACCF20E2DC0157
:108F80001D922A95E9F72BE0F501DC0101900D9285
:108F90002A95E1F721E238E2FC01318B208B40E099
:108FA00058E057874687338B228B318F208F578B22
:108FB000468B0E94C7C1811109C08CCF4BE050E0A5
:108FC000C5010F945047892B09F066CFF0E2DF9E70
:108FD000D00111249D0120503F4EF90183858171FC
:108FE00021F08C2D827109F0FCC0F801818D928DE9
:108FF000409100135091011360910213709103137B
:109000004487558766877787D08AFD01E050FF4EF9
:1090100044885588712C612C320155244424D80190
:1090200055964D925D926D927C925897428D538DDC
:1090300070E060E0442955296629772955964D93BB
:109040005D936D937C935897D9011B962C91287151
:1090500009F0B9C0848D958DA68DB78DF801818BEF
:10906000928BA38BB48B81E083838C2D8F70F8015E
:1090700081831482158216821782108611861286C9
:10908000138681E0C4FE03C0C8010F94D4310F9051
:10909000DF91CF911F910F91FF90EF90DF90CF90D4
:1090A000BF90AF907F906F905F904F900895D701E1
:1090B00013968C911397823009F40CCF51968D91B1
:1090C0009D910D90BC91A02D803E9F4FAF41B10569
:1090D00008F000CFC7010E9481C4882309F4FACEAA
:1090E0000E94C7C1882309F4F5CED7015996ED91A6
:1090F000FC915A9714964D905D906D907C901797C7
:10910000B2E04B1A510861087108858504C0440C0F
:10911000551C661C771C8A95D2F786859785A08991
:10912000B189480E591E6A1E7B1E81E08093081388
:109130004092001350920113609202137092031335
:10914000E0E0F1E180E092E0DF019C011D9221501E
:109150003040E1F7DD24D394D7015996ED91FC918D
:109160008481D81698F420E031E1B301A2014D0DBD
:10917000511D611D711D8091091390910A130E9468
:1091800063C1882309F4A6CED394E6CF258580E079
:1091900092E0A0E0B0E004C0880F991FAA1FBB1F97
:1091A0002A95D2F7F7014189528963897489840F1E
:1091B000951FA61FB71F818B928BA38BB48B80E06A
:1091C00091E1D12CDBCE203161F498012F5E3F4F2D
:1091D0000E942EC3882329F084E0D80113968C9333
:1091E00044CFD80113961C9275CE2F923F924F9286
:1091F0005F926F927F928F929F92AF92BF92CF9227
:10920000DF92EF92FF920F931F93CF93DF93CDB72F
:10921000DEB7C354D1090FB6F894DEBF0FBECDBF81
:109220004C015B016A01222E19821C821C8E1F8E4A
:109230006115710521F510E0CE014C960E94D4C550
:10924000CE0101960E94D4C5812FCD5BDF4F0FB6B2
:10925000F894DEBF0FBECDBFDF91CF911F910F916C
:10926000FF90EF90DF90CF90BF90AF909F908F9046
:109270007F906F905F904F903F902F900895FC01EA
:1092800083818111D8CFFA0180818F32A9F18B01BE
:10929000CE0101967C013C0180E2382E2E019CE13A
:1092A000490E511C2396EFAE23972496FFAE2497C8
:1092B00022963FAE229721963FAE21973FAE3EAE1B
:1092C0003DAE3CAE3BAE3AAE39AE38AE3FAA9601AB
:1092D00090E047E0D9018D91882309F448C08F328E
:1092E00009F445C0282F8E3209F54A3009F4A3CF7E
:1092F00098E04AE09D01EECFFB01838182508B0113
:10930000823060F0618D728DCE014C960E9498C3C0
:109310008E01045E1F4F882309F48DCFC6016C01B6
:109320000196F60120812F32D1F3B2CFE3E4F7E3C7
:109330003491332321F031968313FACF7CCF491730
:1093400008F479CF813208F476CF8F3709F473CFE0
:109350003FE9380F3A3110F420EE280FE7E3F0E050
:10936000EC0FFD1FE90FF11D20839F5FC3CF8FA975
:10937000803209F460CF6901F90180812F5F3F4F8E
:109380008F32C9F3882301F121E0AE01495C5F4FC0
:10939000B801C7010E942CC7882309F44CCF0A15D5
:1093A0001B0519F0C8010E94CBC5942D852D6E14A4
:1093B0007F0431F023969FAD239724968FAD249799
:1093C0008701E92EF82E74CF222DAE01495C5F4F44
:1093D000B801C4010E942CC7182F2ECF0F930FB7CE
:1093E0000F9300916E000B7F00936E0078940F93A3
:1093F0000BB70F930CB70F921F922F933F934F937E
:109400005F936F937F938F939F93AF93BF93EF93EC
:10941000FF9311240E9457CBFF91EF91BF91AF9121
:109420009F918F917F916F915F914F913F912F917C
:109430001F900F900CBF0F910BBF0F910460F89419
:1094400000936E000F910FBF0F91189580915602F7
:10945000909157020F971816190614F490E080E0C7
:109460009093CB138093CA130F94DB2410925B0765
:1094700010925A070E943DC0809156029091570267
:109480000F971816190614F490E080E09093CB1310
:109490008093CA130F94DB241092CC1380910201A5
:1094A00080748093000110925B0710925A0710920B
:1094B0005C07759808958F929F92AF92BF92CF925A
:1094C000DF92EF92FF920F931F93CF93DF93BAE354
:1094D000A0E06A2F70E0AB014B0F511D55954795E9
:1094E000411119C0E3EDF5E365917491072E000C6D
:1094F000880B990B0F94AA3FDF91CF911F910F9189
:10950000FF90EF90DF90CF90BF90AF909F908F90A3
:109510000895B42FE0CFA41711F0B41303C0E7EB04
:10952000F6E3E2CF9A0121503109220F331F220FB7
:10953000331FF901EF52FA4CE590F490F901EB5228
:10954000FA4CC591D4918E159F051CF3A42FC81712
:10955000D9070CF4BECFF901ED52FA4C05911491E4
:10956000F901E952FA4CC590D490BC016E197F09FB
:10957000072E000C880B990B0F94AA3F4B015C013E
:10958000B601601B710B072E000C880B990B0F9412
:10959000AA3F9B01AC01C501B4010F9409404B01E6
:1095A0005C01BE016E197F09072E000C880B990B18
:1095B0000F94AA3F9B01AC01C501B4010F94304543
:1095C0006B017C01B801110F880B990B0F94AA3F16
:1095D0009B01AC01C701B6010F9436448DCFCF93E8
:1095E000DF93C2ECD3E18A819B810F9480046C836A
:1095F0007D838E839F83C2E5D7E08A819B810E9411
:109600005BCA6C837D838E839F83A89510924B07E2
:10961000DF91CF910895EF92FF920F931F93CF9315
:10962000C82F7B018A01809142028823A9F00E9401
:109630000A85C7010E94668481E295E30E946684E0
:10964000C7FD27C06C2FCC0F770B880B990B0E949E
:10965000DA898AE00E9415840E9426CA80911D083A
:1096600081111FC081E080931D0810924202C5E164
:10967000C150769A99F069E170E080E090E00F9433
:109680009C24769860E570E080E090E00F949C2444
:10969000EFCF8DE195E30E946684DBCFC8010E9485
:1096A000A588CF911F910F91FF90EF9008950F9390
:1096B0001F93CF93DF93809145028F3708F495C0B5
:1096C0008F572091CC1320935A08909102012111B9
:1096D000909590749093000190915C079093590835
:1096E000992309F490C0759A805F80934502809118
:1096F000580891E089278093580881110E947C3591
:1097000080914402C1E0C80F85300CF0C0E0823087
:1097100009F42CC10CF079C0882309F48EC0813083
:1097200009F419C1C093440230E020E074E0C9019B
:10973000880F991FFC01E45BF84F4081518141156E
:10974000510509F432C0F894E0910901213009F47F
:109750003BC1223009F452C1E270179860910B01AD
:10976000141615060CF460956270609309010000F0
:1097700000000000409A672F6A950000E9F74098C2
:1097800060910B01E111609562706093090178941A
:10979000FC01E45BF84F141615060CF049C140813A
:1097A000518141505109518340832F5F3F4F2330F6
:1097B000310509F0BCCF0E9486BF8091FD109091C9
:1097C000FE10009769F001979093FE108093FD10B2
:1097D000892B31F487E297E39093D5088093D408DE
:1097E000DF91CF911F910F91089590915A08891799
:1097F00028F0909102019074909300019091590883
:10980000891708F471CF75986FCF843009F4C5C0FB
:109810000CF4BFC0853009F085CF909157089111A5
:1098200002C0809357088091570881508093570851
:10983000882309F477CFC5E075CF809143028F5F0D
:1098400080311CF4809343026DCF109243028091CB
:109850004B07811113C08091C2139091C313909351
:10986000C5138093C413809152079091530790932E
:1098700055078093540781E080934B071092C313E0
:109880001092C21310925307109252070091C41302
:109890001091C5138091CA139091CB13D1E0181683
:1098A00019062CF08091CC13811101C0D0E0809179
:1098B000520290915302081719073CF449EB56E302
:1098C0006EED76E380E00E940BCBDD2371F080919A
:1098D000500290915102801791073CF440EF56E3FB
:1098E00065E177E380E00E940BCB80915A0790916D
:1098F0005B07D1E0181619062CF080915C078111E6
:1099000001C0D0E020915407309155078091CD08D7
:109910009091CE08821793073CF04DEC56E36EED24
:1099200076E38FEF0E940BCBDD2309F4FBCE209171
:1099300054073091550780914E0290914F0228179D
:1099400039070CF4EFCE44E057E365E177E38FEF9E
:109950000E940BCBE7CE10927B0080E480937C00CA
:1099600080917A00806480937A00DCCE80917A00C6
:1099700086FD26C020917800309179008091C21335
:109980009091C313820F931F9093C3138093C213BC
:10999000C9CE10927B0082E4E1CF80917A0086FDEF
:1099A00011C02091780030917900809152079091F8
:1099B0005307820F931F9093530780935207B2CEA1
:1099C000C2E0B0CEC4E0AECEE170169860910B015B
:1099D000141615060CF06095617060930901000083
:1099E00000000000419A672F6A950000E9F741984E
:1099F00060910B01E11160956170C7CEE47015981C
:109A000060910B01141615060CF460956470609358
:109A10000901000000000000429A672F6A950000CB
:109A2000E9F7429860910B01E11160956470ADCE49
:109A300080819181019691838083B7CE2F923F924E
:109A40004F925F926F927F928F929F92AF92BF924E
:109A5000CF92DF92EF92FF920F931F93CF93DF93FA
:109A6000CDB7DEB763970FB6F894DEBF0FBECDBF9C
:109A700080914A07811111C180914B07811119C052
:109A800063960FB6F894DEBF0FBECDBFDF91CF91C6
:109A90001F910F91FF90EF90DF90CF90BF90AF900C
:109AA0009F908F907F906F905F904F903F902F90FE
:109AB00008950E94EFCA0F94CF242B013C016091BE
:109AC000560270915702072E000C880B990B0F94C9
:109AD000AA3F9B01AC016091C6137091C71380919E
:109AE000C8139091C9130F94964618160CF414C21B
:109AF0008091A713882309F4F4C16091CA1370916F
:109B0000CB13072E000C880B990B0F94AA3F698387
:109B10007A838B839C830EE110E020E0AE014F5FDF
:109B20005F4F66EC73E18CE498E00F942825C090B9
:109B3000C613D090C713E090C813F090C91360917A
:109B4000540270915502072E000C880B990B0F944C
:109B5000AA3F9B01AC01C701B6010F9496461816A7
:109B60000CF49FC060E06093CC138091BE13909181
:109B7000BF13A091C013B091C1130097A105B10507
:109B800009F1A3019201281B390B4A0B5B0BDA0187
:109B9000C901B7FD17C06091BC137091BD1390E06F
:109BA00080E00F94A83F9B01AC01C701B6010F9460
:109BB000A33F87FFFCC145E855E36BE975E380E00F
:109BC0000E940BCB20E030E046E153E46091560761
:109BD0007091570780915807909159070F949646B6
:109BE00018160CF4DCC18091530890915408A09190
:109BF0005508B09156080097A105B10539F1A301A8
:109C00009201281B390B4A0B5B0BDA01C901B7FD26
:109C10001DC0609151087091520890E080E00F944F
:109C2000A83F9B01AC016091560770915707809146
:109C30005807909159070F94A33F87FFBBC14FE38B
:109C400055E362E575E38FEF0E940BCB8091A21381
:109C5000882309F489C160915A0770915B07072E28
:109C6000000C880B990B0F94AA3F69837A838B832E
:109C70009C830AE010E02FEFAE014F5F5F4F66E577
:109C800077E087E498E00F9428258091A213882339
:109C900009F44AC110925C07F3CE90E080E00E9484
:109CA000A5886091560270915702072E000C880B10
:109CB000990B0F94AA3F9B01AC01C701B6010F9409
:109CC000A33F87FF4FCF6091CA137091CB136115EB
:109CD000710509F462C2072E000C880B990B0F94D2
:109CE000AA3FA70196010F9435444B015C0120E087
:109CF00030E040E251EC0F94A33F87FD4EC28091CB
:109D0000A71381114AC220E030E040E251E4C501CE
:109D1000B4010F94964618160CF449C28091460877
:109D2000811149C280913E0890913F08A09140085E
:109D3000B09141088D839E83AF83B88720914208FC
:109D400030914308409144085091450829873A874B
:109D50004B875C87A70196016091320870913308A8
:109D600080913408909135080F9435442091D51393
:109D70003091D6134091D7135091D8130F940940C6
:109D80002D813E814F8158850F94354420ED3CEC68
:109D90004CE45DE30F9409402D813E814F8158854D
:109DA0000F9436446D837E838F83988760933E083B
:109DB00070933F0880934008909341088091D1139D
:109DC0009091D213A091D313B091D4138D879E8715
:109DD000AF87B88B29853A854B855C85C501B40171
:109DE0000F943644162F072F1C0120E030E0A90104
:109DF0000F94A33F87FDEAC12D853E854F85588985
:109E000060E070E08FE793E40F9430456987798BC9
:109E10008A8B9B8B212F302FA1010F94A33F87FFAB
:109E200004C0198509892A883B88812F902FD10188
:109E30008093420890934308A0934408B093450848
:109E40002091CD133091CE134091CF135091D01368
:109E5000C501B4010F9409404B015C0180923608A2
:109E600090923708A0923808B0923908212F302FED
:109E7000A1016D857E858F8598890F9409409B018E
:109E8000AC0120933A0830933B0840933C08509330
:109E90003D08C501B4010F9436442D813E814F81A8
:109EA00058850F9436444B015C0120E030E0A90155
:109EB0000F94A33F87FD74C120E030E04FE753E4E7
:109EC000C501B4010F94964618160CF05FC16FE7F8
:109ED000C0923208D0923308E0923408F0923508EC
:109EE00042CE8091A3139091A413A091A513B09199
:109EF000A6130097A105B10509F4FFCDA3019201B6
:109F0000281B390B4A0B5B0BDA01C901B7FDF5CDF4
:109F100081E08093A713F1CD4AEA55E361EC75E344
:109F200080E00E940BCBE4CDC0905607D09057073D
:109F3000E0905807F090590720E030E040EA50E404
:109F4000C701B6010F94964687FD0AC020E030E0B5
:109F500046E153E4C701B6010F94A33F18166CF510
:109F600060E060935C078CCD80919E1390919F136D
:109F7000A091A013B091A1130097A105B10509F418
:109F80006ACEA3019201281B390B4A0B5B0BDA0145
:109F9000C901B7FD60CE81E08093A2135CCE41E69B
:109FA00055E365E775E38FEF0E940BCB1CCE0F9452
:109FB000DB2408CE0E943DC049CE8091610790917C
:109FC0006207A0916307B09164078D839E83AF837E
:109FD000B88760915A0770915B07072E000C880BB9
:109FE000990B0F94AA3FA70196010F9435444B019A
:109FF0005C0120912E0830912F084091300850913B
:10A0000031080F943644562E672E782E492E20E0C4
:10A0100030E0A9010F94A33F87FDC4C02D813E818C
:10A020004F81588560E070E08EE493E40F943045F2
:10A03000162F072F382E292E252D362D472D542D3E
:10A040000F94A33F87FF04C0512E602E732C422C27
:10A05000852D962DA72DB42D80932E0890932F0833
:10A06000A0933008B093310820915D0730915E07CE
:10A0700040915F0750916007C501B4010F940940FA
:10A080004B015C018092220890922308A092240840
:10A09000B0922508252D362D472D542D6D817E81BA
:10A0A0008F8198850F9409406D837E838F83988775
:10A0B00060932608709327088093280890932908B6
:10A0C00040902A0850902B0860902C0870902D0822
:10A0D000A701960160911E0870911F0880912008C9
:10A0E000909121080F9435442091650730916607BF
:10A0F00040916707509168070F940940A3019201AE
:10A100000F94354420ED3CEC4CE45DE30F940940A2
:10A11000A30192010F9436442B013C0140922A087E
:10A1200050922B0860922C0870922D08C0921E0845
:10A13000D0921F08E0922008F09221082D813E81E4
:10A140004F815885C501B4010F943644A301920193
:10A150000F9436446B017C0120E030E0A9010F949C
:10A16000A33F87FDFDCE20E030E04EE453E4C7017D
:10A17000B6010F94964667E618160CF4F2CEC701A6
:10A18000B6010F94A24575956795EBCEC501B40154
:10A190000F94A245759567959BCE81E08093460804
:10A1A00060E096CE512C612C712C412C51CF81E076
:10A1B000809346088CCE1092460819861A861B8614
:10A1C0001C861D821E821F821886C4CD10E000E00E
:10A1D000212C312C2ACE88E095E30E946684919947
:10A1E0004EC080E30E94158490994BC080E30E948A
:10A1F000158484E095E30E9466848091060187FDC2
:10A2000042C080E30E94158492993FC080E30E947F
:10A21000158480E095E30E9466848091060186FDA6
:10A2200036C080E30E9415848091060185FD31C00F
:10A2300080E30E9415848BEF94E30E9466848091F2
:10A24000060183FD28C080E30E94158480910601E9
:10A2500084FD23C080E30E94158486EF94E30E946E
:10A2600066848091060181FD1AC080E30E941584F6
:10A270008091060182FD15C080E30C94158481E372
:10A28000B1CF81E3B4CF81E3BDCF81E3C0CF81E320
:10A29000C9CF81E3CECF81E3D7CF81E3DCCF81E3A8
:10A2A000E5CF81E3EACF6430B9F058F4613089F04A
:10A2B00040E0623059F00E940A858EED94E30C94E0
:10A2C0006684683011F06031B1F741E061E00D94CF
:10A2D000131A40E060E0FBCF41E0FCCF5F988EBDF9
:10A2E00000000DB407FEFDCF8EB56EBD00000DB4AD
:10A2F00007FEFDCF8EB55F9A0895CF93DF9300D010
:10A300001F921F92CDB7DEB795E0E8EBF2E0DE01D9
:10A31000119601900D929A95E1F721E030E02C0F13
:10A320003D1F280F311DF901808190E00F900F90A3
:10A330000F900F900F90DF91CF910C946ED1BC01D4
:10A340002091FE073091FF074091FE075091FF07D3
:10A350002417350731F481E02617370709F080E02C
:10A3600008959A01F1CF0F930FB70F9300916E00EC
:10A370000F930B7F00936E0000916F000D7F009391
:10A380006F000F930BB70F930CB70F921F922F9381
:10A390003F934F935F936F937F938F939F93AF936D
:10A3A000BF93EF93FF9311240E9436D2FF91EF9158
:10A3B000BF91AF919F918F917F916F915F914F91DD
:10A3C0003F912F911F900F900CBF0F910BBF0F91DA
:10A3D0000260F89400936F000F9100936E000F914C
:10A3E0000FBF0F9118958091D10880FF28C08091F0
:10A3F0000B018270809309018FEF8093AC078091ED
:10A40000D108869580FF23C080910B0180958170D3
:10A41000809309018FEF8093AD078091D1088695D5
:10A42000869580FF1BC080910B0184708093090189
:10A430008FEF8093AE070000000000000895809128
:10A440000B01809582708093090181E0D6CF8091C5
:10A450000B0181708093090181E0DDCF80910B01B8
:10A46000809584708093090181E0E3CF2F923F9221
:10A470004F925F926F927F928F929F92AF92BF9214
:10A48000CF92DF92EF92FF920F931F93CF93DF93C0
:10A4900000D01F921F92CDB7DEB78FEF9FEF909342
:10A4A0008900809388002AE02983312C212C78941C
:10A4B0008091FA079091FB07A091FC07B091FD07EE
:10A4C000892B8A2B8B2B09F0CEC180910008882321
:10A4D000E1F08091FE079091FF0710920008892B10
:10A4E00009F4C1C11092F1071092FF071092FE0704
:10A4F00090919D1480919E14981709F4B4C1809195
:10A500009E148F5F8F7080939E148091FE079091B0
:10A51000FF07892B09F4A7C10091F6071091F707EF
:10A520002091F8073091F9078091F2079091F30795
:10A53000A091F407B091F5074091E40750E070E076
:10A5400060E0801B910BA20BB30B481759076A07F9
:10A550007B0710F4DB01CA01482F800F911FA21F57
:10A56000B31F8093F6079093F707A093F807B09373
:10A57000F9072091840030918500225E3F4F809141
:10A58000CA079091CB07A091CC07B091CD07C0909E
:10A59000BA07D090BB07E090BC07F090BD078C0DC8
:10A5A0009D1DAE1DBF1D8093CA079093CB07A0933E
:10A5B000CC07B093CD07B7FD1CC0409AC0900D08E2
:10A5C000D0900E08E0900F08F09010089091AC0722
:10A5D000892F990F990BAA0BBB0B8C0D9D1DAE1DDE
:10A5E000BF1D80930D0890930E08A0930F08B093A1
:10A5F00010088091CE079091CF07A091D007B0911D
:10A60000D107C090BE07D090BF07E090C007F09080
:10A61000C1078C0D9D1DAE1DBF1D8093CE0790936D
:10A62000CF07A093D007B093D107B7FD1CC0419AC4
:10A63000C0901108D0901208E0901308F090140810
:10A640009091AD07892F990F990BAA0BBB0B8C0D1D
:10A650009D1DAE1DBF1D8093110890931208A093FD
:10A660001308B09314088091D2079091D307A0915A
:10A67000D407B091D507C090C207D090C307E0902F
:10A68000C407F090C5078C0D9D1DAE1DBF1D8093A6
:10A69000D2079093D307A093D407B093D507B7FD03
:10A6A0001CC0429AC0901508D0901608E090170878
:10A6B000F09018089091AE07892F990F990BAA0B6B
:10A6C000BB0B8C0D9D1DAE1DBF1D80931508909377
:10A6D0001608A0931708B0931808C090D607D0901A
:10A6E000D707E090D807F090D9078091C6079091DE
:10A6F000C707A091C807B091C9078C0D9D1DAE1D5D
:10A70000BF1D8093D6079093D707A093D807B09327
:10A71000D907B7FD38C08090190890901A08A0900A
:10A720001B08B0901C085091AF07C52E550FDD08CF
:10A73000EE08FF08C80CD91CEA1CFB1CC0921908C3
:10A74000D0921A08E0921B08F0921C08C090B6073D
:10A75000D090B707E090B807F090B9078C199D0921
:10A76000AE09BF098093D6079093D707A093D80767
:10A77000B093D9078091E2079091D10893FF71C0FF
:10A7800081508093E2078091840090918500821728
:10A790009307C8F38091CA079091CB07A091CC078B
:10A7A000B091CD07B7FD15C0C090B607D090B707E0
:10A7B000E090B807F090B9078C199D09AE09BF0960
:10A7C0008093CA079093CB07A093CC07B093CD0793
:10A7D00040988091CE079091CF07A091D007B0917B
:10A7E000D107B7FD15C0C090B607D090B707E0906D
:10A7F000B807F090B9078C199D09AE09BF0980937D
:10A80000CE079093CF07A093D007B093D10741987C
:10A810008091D2079091D307A091D407B091D5072A
:10A82000B7FD15C0C090B607D090B707E090B80745
:10A83000F090B9078C199D09AE09BF098093D20722
:10A840009093D307A093D407B093D5074298415073
:10A8500051F0809184009091850082179307C8F38E
:10A860008CCE8F5F8ECF80913E0290913F02A0915F
:10A870004002B0914102892B8A2B8B2B09F09DC09D
:10A880008091E307882309F486C08091E2078090D5
:10A89000F6079090F707A090F807B090F907C090DE
:10A8A000DE07D090DF07E090E007F090E107C814E2
:10A8B000D904EA04FB0408F04DC02091B0073091A0
:10A8C000B1074091B4075091B5074217530708F0FC
:10A8D00041C081508093E207215031093093B10784
:10A8E0002093B00740913A0250913B0260913C02A4
:10A8F00070913D028091E20787FD51C080910B016C
:10A900008074809309012091840030918500225E3B
:10A910003F4F8091E207882309F447C0439A809112
:10A9200084009091850082179307C8F38091E20715
:10A9300087FF39C08F5F8093E20743988091E207D9
:10A94000882339F3809184009091850082179307C2
:10A95000C8F3DDCF8C149D04AE04BF0488F42091AD
:10A96000B0073091B1074091B2075091B307241757
:10A97000350730F48F5F8093E2072F5F3F4FAECFF4
:10A980008FEF9FEFDC0180933A0290933B02A093FC
:10A990003C02B0933D024FEF5FEFBA01ABCF809125
:10A9A0000B018095ADCF8150C6CF40933E025093AE
:10A9B0003F0260934002709341028091FA079091A8
:10A9C000FB07A091FC07B091FD07892B8A2B8B2BED
:10A9D00009F0F9C4A091FE07B091FF07109709F4A0
:10A9E00091C58090F6079090F707A090F807B09077
:10A9F000F9074091F2075091F3076091F4077091C5
:10AA0000F50784169506A606B70608F474C01092DA
:10AA1000F1071092FF071092FE0790919D1480910C
:10AA20009E14981709F46EC580919E148F5F8F70E5
:10AA300080939E1480EDC82E87E0D82EE12CF12C57
:10AA40008091FE079091FF07892B09F0B4C40E9402
:10AA5000B6BE9093FF078093FE07892B09F4ABC421
:10AA6000A091FE07B091FF07BB83AA838C9183FF5F
:10AA700034C355968D919D910D90BC91A02D8093DE
:10AA80000D0890930E08A0930F08B0931008EA8168
:10AA9000FB81818D928DA38DB48D8093110890934D
:10AAA0001208A0931308B0931408858D968DA78D76
:10AAB000B0A18093150890931608A0931708B0933F
:10AAC000180881A192A1A3A1B4A180931908909321
:10AAD0001A08A0931B08B0931C0890919D148091B4
:10AAE0009E14981709F4B3CF80919E148F5F8F70D6
:10AAF00080939E14ACCF4091ED075091EE0760918A
:10AB0000EF077091F007481559056A057B0508F4B1
:10AB100004C14091E9075091EA076091EB077091F9
:10AB2000EC07D1960D911D912D913C91D497EE2774
:10AB3000419FF12D529FC001629F900D619F800D3A
:10AB4000911D429FF00D811D9E1F519FF00D811D93
:10AB50009E1F609FF00D811D9E1F509FF10D8E1F47
:10AB60009E1FF6958E1F9E1F349F800D911D359F51
:10AB7000900D1124FD01EB5BFF4F008111812281BB
:10AB80003381080F191F211D311D0093E507109314
:10AB9000E6072093E7073093E8073497C080D18019
:10ABA000E280F380C016D106E206F30640F4C092BC
:10ABB000E507D092E607E092E707F092E807809079
:10ABC000E5079090E607A090E707B090E8078EEBC6
:10ABD00094E321E0FC01C590D590E590F490C81471
:10ABE000D904EA04FB0458F4B694A7949794879484
:10ABF000220F0496EAEDF4E3E817F90759F72093DA
:10AC0000E407F0E28F169104A104B10428F410E2E5
:10AC1000812E912CA12CB12C20E2821A9108A1083E
:10AC2000B108811438E09306A104B10408F452C0BD
:10AC3000E4E09E9EC001112482549F4CFC01329698
:10AC400025913491F82DEE27F39F8001F29F010D9D
:10AC50001E1F06940E1F1E1F112430E020E0FC0171
:10AC6000C590D490F12CE12CC01AD10AE20AF30A63
:10AC70004C0D5D1D6E1D7F1D4093E9075093EA0743
:10AC80006093EB077093EC078091E2079091E307E4
:10AC9000992309F46AC1882309F4D2CED7968D91FD
:10ACA0009C91B0E0A0E040913A0250913B0260914B
:10ACB0003C0270913D0284179507A607B70709F477
:10ACC000BFCE10923E0210923F02109240021092AC
:10ACD0004102B6CE950184013695279517950795C3
:10ACE000C8018C7F8254934DFC01C590D490FC0127
:10ACF000329625913491882D8770882E829EC001CE
:10AD0000839E900D1124F3E096958795FA95E1F7CF
:10AD1000C81AD90AF12CE12CABCF2091DE07309173
:10AD2000DF074091E0075091E1072A833B834C8382
:10AD30005D83281539054A055B0508F01AC1409165
:10AD4000DA075091DB076091DC077091DD07D1963F
:10AD50000D911D912D913C91D4978827419F912D64
:10AD6000529F6001629FD00C619FC00CD11C429F1A
:10AD7000900DC11CD81E519F900DC11CD81E609F04
:10AD8000900DC11CD81E509F910DC81ED81E9695BF
:10AD9000C81ED81E349FC00CD11C359FD00C112466
:10ADA000F12CE12C0091E5071091E6072091E707CF
:10ADB0003091E807FD01E75BFF4F408051806280E2
:10ADC0007380C016D106E206F30658F40C191D096B
:10ADD0002E093F09401651066206730610F4280139
:10ADE00039018EEB94E321E0FC01C590D590E5900C
:10ADF000F490C414D504E604F70458F476946794E8
:10AE000057944794220F0496EAEDF4E3E817F90704
:10AE100059F72093E407F0E24F16510461047104DE
:10AE200028F400E2402E512C612C712C30E2431AA0
:10AE3000510861087108411488E0580661047104E2
:10AE400008F46EC0E4E05E9EC001112482549F4C61
:10AE5000FC01329605911491342DFF24319FF001AD
:10AE6000309FE10DFF1D0694EF1DFF1D11242F01E2
:10AE7000712C612CFC01C590D490F12CE12CC418EC
:10AE8000D508E608F7084C0D5D1D6E1D7F1D40932B
:10AE9000DA075093DB076093DC077093DD0780913E
:10AEA000E307882309F45FC04A815B816C817D815F
:10AEB000420F511D611D711D481559056A057B051D
:10AEC000C8F48091E207882309F4BACDD7964D9152
:10AED0005C91D89770E060E000913A0210913B02DB
:10AEE00020913C0230913D024017510762077307E1
:10AEF00009F4A6CD10923E0210923F021092400239
:10AF000010924102D7968D919C91B0E0A0E0809381
:10AF10003A0290933B02A0933C02B0933D0290CD45
:10AF200073016201F694E794D794C794C6018C7FAD
:10AF30008254934DFC01C590D490FC01329605914A
:10AF40001491842D8770482E409EC001419E900D23
:10AF5000112413E0969587951A95E1F7C81AD90A36
:10AF6000F12CE12C90CF8091E207882309F468CD81
:10AF7000A8CE8091E2078823D9F0D7964D915C91B5
:10AF8000D89770E060E000913A0210913B02209166
:10AF90003C0230913D02401751076207730741F0B0
:10AFA00010923E0210923F02109240021092410213
:10AFB0004091360250913702609138027091390207
:10AFC00077FF5FC0AF5BBF4FCD90DD90ED90FC9001
:10AFD0008EEB94E321E0FC014591559165917491CC
:10AFE0004C155D056E057F0558F4F694E794D794EB
:10AFF000C794220F0496AAEDB4E3A817B90759F72E
:10B000002093E407B0E2CB16D104E104F10428F464
:10B0100070E2C72ED12CE12CF12CE0E2CE1AD1083F
:10B02000E108F108C114F8E0DF06E104F10408F4D6
:10B0300031C024E0D29EC001112482549F4CFC01F7
:10B040003296259134917C2D6627739FA001729FC3
:10B05000410D561F0694461F561F112470E060E0F4
:10B06000FC0185919491B0E0A0E0841B950BA60BA8
:10B07000B70B8093360290933702A0933802B093B7
:10B080003902C0903602D0903702E0903802F0903A
:10B090003902D6CCD701C601B695A7959795879565
:10B0A0008C7F8254934DFC0125913491FC013296A2
:10B0B000459154918C2D8770C82EC49EC001C59EA9
:10B0C000900D112463E0969587956A95E1F7281B0A
:10B0D000390BC901B0E0A0E0CCCFAA81BB81559665
:10B0E000CD90DD90ED90FC90589781E0C114D10493
:10B0F000E104F10409F480E0EA81FB81018D128D05
:10B10000238D348D011511052105310509F082606B
:10B11000AA81BB815D964D915D916D917C919097D7
:10B12000411551056105710509F084608093F107AF
:10B130001092DA071092DB071092DC071092DD07FD
:10B140001092E9071092EA071092EB071092EC07B1
:10B15000EA81FB8185A196A1A7A1B0A58093F20702
:10B160009093F307A093F407B093F50788249924EC
:10B170005401881A990AAA0ABB0A8092D6079092AB
:10B18000D707A092D807B092D9078092D2079092A1
:10B19000D307A092D407B092D5078092CE079092A1
:10B1A000CF07A092D007B092D1078092CA079092A1
:10B1B000CB07A092CC07B092CD07CC0CDD1CEE1CC7
:10B1C000FF1CC092BA07D092BB07E092BC07F09276
:10B1D000BD07000F111F221F331F0093BE071093DE
:10B1E000BF072093C0073093C107440F551F661F48
:10B1F000771F4093C2075093C3076093C4077093AF
:10B20000C50741A152A163A174A1440F551F661F38
:10B21000771F4093C6075093C7076093C807709382
:10B22000C907880F991FAA1FBB1F8093B607909369
:10B23000B707A093B807B093B9071092F60710921A
:10B24000F7071092F8071092F90781A592A5A3A518
:10B25000B4A58093ED079093EE07A093EF07B0930A
:10B26000F00785A596A5A7A5B0A98093DE079093C2
:10B27000DF07A093E007B093E10786A98093E30777
:10B28000882309F411C183AD94AD9093B5078093E1
:10B29000B40781AD92AD9093B3078093B20710923B
:10B2A0003E0210923F02109240021092410287A982
:10B2B00090ADB0E0A0E080933A0290933B02A0935F
:10B2C0003C02B0933D02AA81BB81D5968C919091AE
:10B2D000D108891721F08093D1080E94F3D10E94F0
:10B2E00086BF2FEF3FEFA90120933602309337023C
:10B2F00040933802509339024A815B814B5B5F4F28
:10B30000DA014D915D916D917C914093E5075093E9
:10B31000E6076093E7077093E8078EEB94E321E07C
:10B32000FC01C590D590E590F490C416D506E606CC
:10B33000F70658F47695679557954795220F04962A
:10B34000EAEDF4E3E817F90759F72093E4074032F0
:10B3500051056105710520F440E250E060E070E0C5
:10B3600040525109610971094115F8E05F07610513
:10B37000710508F4A5C024E0529FC0011124825435
:10B380009F4CFC01329625913491AA27439FF001EE
:10B39000429FE10DFA1F0694EA1FFA1F1124AF0124
:10B3A00070E060E0FC01C590D490F12CE12CC41A4F
:10B3B000D50AE60AF70AC092FA07D092FB07E09294
:10B3C000FC07F092FD070091FA071091FB0720910E
:10B3D000FC073091FD0740913E0250913F02609181
:10B3E000400270914102D901C8014017510762071C
:10B3F000730710F4DB01CA010097E1E0AE07B10565
:10B4000020F08FEF9FEFA0E0B0E0081B190B2A0B94
:10B410003B0B0093FA071093FB072093FC07309334
:10B42000FD074F3FFFEF5F076F077F0761F0481B86
:10B43000590B6A0B7B0B40933E0250933F02609383
:10B44000400270934102F89420918400309185006D
:10B45000205F3F4F498141504983442309F450C044
:10B46000280E391E2216330610F40C9457D230924F
:10B4700089002092880078940F900F900F900F9081
:10B480000F90DF91CF911F910F91FF90EF90DF9080
:10B49000CF90BF90AF909F908F907F906F905F9074
:10B4A0004F903F902F9008952FEF3FEFA9012093E9
:10B4B0003A0230933B0240933C0250933D0203CF4B
:10B4C000DB01CA01B695A795979587958C7F825425
:10B4D000934DFC01C590D490FC0132962591349196
:10B4E0004770429FC001439F900D112433E0969511
:10B4F00087953A95E1F7C81AD90AF12CE12C5BCF70
:10B500001901B5CF80EDC82E87E0D82EE12CF12CA3
:10B510009ECACF92DF92EF92FF92CF93DF93EC011E
:10B5200008960E940CBF6B017C0120E030E0A9016D
:10B530000F94A33F20E030E0A901882359F0CE0109
:10B540000E94767C9B01AC01C701B6010F940940B3
:10B550009B01AC01688579858A859B850F9435446C
:10B56000688779878A879B87DF91CF91FF90EF90DB
:10B57000DF90CF9008958F929F92AF92BF92CF921B
:10B58000DF92EF92FF920F931F93CF93DF93CDB78C
:10B59000DEB72C970FB6F894DEBF0FBECDBF6C019F
:10B5A0007B018A01CA010E940CBF4B015C01198614
:10B5B0001A861B861C86F60180819181A281B38147
:10B5C00089839A83AB83BC83F70180819181A281B7
:10B5D000B3818D839E83AF83B88720E030E0A901DB
:10B5E000C501B4010F94A33F20E030E0A9018823F6
:10B5F00061F0CE0101960E94767C9B01AC01C501F1
:10B60000B4010F9409409B01AC01F8016081718184
:10B61000828193810F943644F80160837183828321
:10B6200093832C960FB6F894DEBF0FBECDBFDF918B
:10B63000CF911F910F91FF90EF90DF90CF90BF902F
:10B64000AF909F908F900895AF92BF92CF92DF926C
:10B65000EF92FF920F931F93CF93DF93CBE0D3E151
:10B660000EE41BE08BE1A82E83E1B82EC12CD12C77
:10B670007601C39469917991899199910F94A83F2A
:10B68000288939894A895B890F9409400F94A94513
:10B69000F80161937193819391938F01C616D70638
:10B6A000E806F90610F46B017C01AC16BD0611F733
:10B6B0006FEF7FEFCB01A70196010F949643209384
:10B6C0005E0B30935F0B4093600B5093610BDF91E7
:10B6D000CF911F910F91FF90EF90DF90CF90BF908F
:10B6E000AF9008950F931F93CF93DF930FE113E172
:10B6F000C8E7DBE0F80121913191419151918F012F
:10B7000060E070E080E89FE30F943045699379939F
:10B7100089939993FBE0C838DF0761F70F94B51957
:10B72000DF91CF911F910F910C9424DB90919D1488
:10B7300080919E14981306C08091FD109091FE1088
:10B74000892B21F080E00E940596F0CF0895CF92DA
:10B75000DF92EF92FF92FC01C080D180E280F38003
:10B7600020912B1330912C1340912D1350912E13B7
:10B77000C701B6010F9409400F94A3466093BB1410
:10B780007093BC148093BD149093BE14C092AB14FC
:10B79000D092AC14E092AD14F092AE1490919D143E
:10B7A00080919E14981731F0FF90EF90DF90CF902A
:10B7B0000C9488C00E9496DB80916F00982F927045
:10B7C00081FF05C080916F008D7F80936F00409155
:10B7D000BB145091BC146091BD147091BE14409381
:10B7E000190850931A0860931B0870931C0899233A
:10B7F00029F080916F00826080936F00FF90EF903E
:10B80000DF90CF9008958F929F92AF92BF92EF9268
:10B81000FF920F931F93CF93DF937B018A01E9017E
:10B82000FC0180809180A280B38020911F13309111
:10B8300020134091211350912213C501B4010F949C
:10B8400009400F94A3466093AF147093B014809393
:10B85000B1149093B214209123133091241340918A
:10B86000251350912613F7016081718182819381A4
:10B870000F9409400F94A3466093B3147093B414CB
:10B880008093B5149093B614209127133091281308
:10B890004091291350912A13F801608171818281AE
:10B8A00093810F9409400F94A3466093B71470934B
:10B8B000B8148093B9149093BA1420912B1330913B
:10B8C0002C1340912D1350912E13688179818A8118
:10B8D0009B810F9409400F94A3466093BB1470930F
:10B8E000BC148093BD149093BE1480929F149092C8
:10B8F000A014A092A114B092A214F70180819181AA
:10B90000A281B3818093A3149093A414A093A5144F
:10B91000B093A614F80180819181A281B3818093B4
:10B92000A7149093A814A093A914B093AA14888183
:10B930009981AA81BB818093AB149093AC14A0939E
:10B94000AD14B093AE1490919D1480919E149817ED
:10B9500061F0DF91CF911F910F91FF90EF90BF9019
:10B96000AF909F908F900C9488C00E9496DB80913E
:10B970006F00982F927081FF05C080916F008D7FBE
:10B9800080936F004091AF145091B0146091B11446
:10B990007091B21440930D0850930E0860930F08F5
:10B9A000709310084091B3145091B4146091B51481
:10B9B0007091B614409311085093120860931308C5
:10B9C000709314084091B7145091B8146091B91451
:10B9D0007091BA1440931508509316086093170895
:10B9E000709318084091BB145091BC146091BD1421
:10B9F0007091BE144093190850931A0860931B0865
:10BA000070931C08992329F080916F0082608093C5
:10BA10006F00DF91CF911F910F91FF90EF90BF903A
:10BA2000AF909F908F90089590919D1480919E1457
:10BA300098131AC08091FD109091FE10892BA1F4EB
:10BA4000179A8091380B8E7F8093380B169A8091CD
:10BA5000380B8D7F8093380B159A8091380B8B7F34
:10BA60008093380B149A089580E00E940596DCCFED
:10BA7000CF93DF9390916F00292F227091FF05C023
:10BA800090916F009D7F90936F0094E0899FA0013B
:10BA90001124FA01EF5FF74F6081718182819381F8
:10BAA000222329F020916F00226020936F00EA0189
:10BAB000C858D44F0F94AA3F288139814A815B81AD
:10BAC0000F940940DF91CF910895CF9380916F003B
:10BAD000C82FC27081FF05C080916F008D7F809359
:10BAE0006F0080919E1480939D1480939C1480938A
:10BAF0009B1484E680939A140E949BBE88EE93E088
:10BB00009093FE108093FD10CC2329F080916F005C
:10BB1000826080936F0081E080930008CF91089548
:10BB20004F925F926F927F928F929F92AF92BF924D
:10BB3000CF92DF92EF92FF920F931F93CF93DF93F9
:10BB4000CDB7DEB768970FB6F894DEBF0FBECDBF96
:10BB50008C015B015A834983FC01EF5BFF4F6081DD
:10BB60007181828193810F94A83F6B017C01D50183
:10BB70002D913D914D915C910F9409400F94144586
:10BB80002B013C01E981FA8120813181428153817D
:10BB9000C701B6010F9409400F9414454B015C0195
:10BBA000C301B2010F94A945698B7A8B8B8B9C8B57
:10BBB000683771058105910540F428E730E040E0E1
:10BBC00050E0298B3A8B4B8B5C8BC501B4010F94F1
:10BBD000A9456D877E878F87988B683771058105AA
:10BBE000910540F488E790E0A0E0B0E08D879E8763
:10BBF000AF87B88BF801E35BFF4F20813181428131
:10BC0000538129833A834B835C83CA01B9010F9422
:10BC1000AA3F2B013C0169897A898B899C890F9401
:10BC2000A83F69877A878B879C8720E030E0A9014D
:10BC3000C301B2010F94A33F882309F43BC1A701BC
:10BC40009601C701B6010F9409404B015C0129859B
:10BC50003A854B855C85CA01B9010F9409409B0167
:10BC6000AC01C501B4010F9435444B015C01A30143
:10BC70009201C301B2010F9436449B01AC01C5018E
:10BC8000B4010F9430450F9414450F94A9456D836A
:10BC90007E838F83988769817A818B819C8190953F
:10BCA0008095709561957F4F8F4F9F4F0F94AA3F5E
:10BCB0004B015C016D857E858F8598890F94A83F27
:10BCC00069837A838B839C8320E030E0A901C501DE
:10BCD000B4010F94A33F882309F4F0C029813A816D
:10BCE0004B815C81CA01B9010F9409406D8B7E8B39
:10BCF0008F8B988FA7019601C701B6010F94094059
:10BD00009B01AC016D897E898F89988D0F94354494
:10BD10006B017C01A5019401C501B4010F94364467
:10BD20009B01AC01C701B6010F9430450F94D84573
:10BD3000D80195968D909D90AD90BC909897750187
:10BD400064012D813E814F815885C21AD30AE40ACD
:10BD5000F50A0F94A945C61AD70AE80AF90AF7FEA8
:10BD60006EC020E030E0A901C301B2010F94A33FEF
:10BD7000882309F4A7C0C501B4010F94A83F6B0143
:10BD80007C01A3019201C301B2010F9436449B01CF
:10BD9000AC01C701B6010F9409406B017C012985F4
:10BDA0003A854B855C85CA01B9010F9409409B0116
:10BDB000AC01C701B6010F9435446B017C012981A8
:10BDC0003A814B815C81CA01B9010F9409409B0102
:10BDD000AC01C701B6010F9436446B017C0120E031
:10BDE00030E040E850E4C301B2010F9409409B01E8
:10BDF000AC01C701B6010F9430450F9414456B0197
:10BE00007C0120E030E0A9010F94964618161CF042
:10BE1000C12CD12C7601C701B6010F94A9456D83C1
:10BE20007E838F83988786169706A806B90620F426
:10BE30008D829E82AF82B886C12CD12C76018D81F5
:10BE40009E81AF81B885F80181A792A7A3A7B4A767
:10BE5000C80ED91EEA1EFB1EC5A6D6A6E7A6F0AAE6
:10BE6000EB5BFF4F29893A894B895C8920833183B9
:10BE70004283538334968D859E85AF85B8898083B0
:10BE80009183A283B38368960FB6F894DEBF0FBE8A
:10BE9000CDBFDF91CF911F910F91FF90EF90DF9079
:10BEA000CF90BF90AF909F908F907F906F905F905A
:10BEB0004F90089560E070E0CB01E5CE60E070E067
:10BEC000CB0134CF60E070E0CB0197CFCF92DF920F
:10BED000EF92FF92CF93DF93EC01C0901A02D090C3
:10BEE0001B02E0901C02F0901D02288139814A81DA
:10BEF0005B81C701B6010F949646181624F4C882D8
:10BF0000D982EA82FB82C0901E02D0901F02E0908C
:10BF10002002F0902102288139814A815B81C7018A
:10BF2000B6010F94A33F87FF04C0C882D982EA827A
:10BF3000FB82C0902202D0902302E0902402F09075
:10BF400025022C813D814E815F81C701B6010F948E
:10BF50009646181624F4CC82DD82EE82FF82C090D1
:10BF60002602D0902702E0902802F09029022C812E
:10BF70003D814E815F81C701B6010F94A33F87FFCA
:10BF800004C0CC82DD82EE82FF82C0902A02D09073
:10BF90002B02E0902C02F0902D02288539854A85ED
:10BFA0005B85C701B6010F949646181624F4C8861F
:10BFB000D986EA86FB86C0902E02D0902F02E090B0
:10BFC0003002F0903102288539854A855B85C701AA
:10BFD000B6010F94A33F87FF04C0C886D986EA86BE
:10BFE000FB86DF91CF91FF90EF90DF90CF90089587
:10BFF0001F93CF93DF93D0913107D095D1708111EA
:10C0000001C0D0E010E0662331F0109131071695A1
:10C01000117081E01827C0E0442339F0C091310746
:10C02000C2FBCC27C0F981E0C827D11105C011118E
:10C0300003C0CC2309F441C00E94588680E69CE2EC
:10C040000E946684DD2319F088E50E94158411237F
:10C0500019F089E50E941584CC2319F08AE50E9425
:10C06000158488E59CE20E94668442EA53E0CC2372
:10C0700011F049E953E022EA33E0112311F020E9FD
:10C0800033E082EA93E0DD2311F082E993E05F93ED
:10C090004F933F932F939F938F9386E49CE29F93BC
:10C0A0008F931F920F94811A8DB79EB709960FB682
:10C0B000F8949EBF0FBE8DBFC1E08C2FDF91CF9152
:10C0C0001F9108952F923F924F925F926F927F92AD
:10C0D0008F929F92AF92BF92CF92DF92EF92FF9298
:10C0E0000F931F93CF93DF93CDB7DEB7E4970FB6CF
:10C0F000F894DEBF0FBECDBF80911702882321F0D8
:10C1000082E397E00E9466DF8091FF1083FD7DC08F
:10C11000C0903E07D0903F07E0904007F090410765
:10C1200020916E0230916F02409170025091710225
:10C13000C701B6010F94A33F882309F466C080911C
:10C14000880B81111FC06091C6137091C713809135
:10C15000C8139091C9130F94A24520917A0230918F
:10C160007B026217730774F4C0926E02D0926F0262
:10C17000E0927002F09271020E9458868BE29CE27B
:10C180000E94668480903E0790903F07A0904007F1
:10C19000B090410720916E0230916F024091700281
:10C1A00050917102C501B4010F9435446B017C01BB
:10C1B00020E030E0A9010F94964687FF04C0F7FA0B
:10C1C000F094F7F8F0942091760230917702409144
:10C1D000780250917902C701B6010F94094020E01E
:10C1E00030E048E453E40F949646181674F48092B5
:10C1F0006E0290926F02A0927002B09271020E9441
:10C2000058868CE09CE20E9466848091400BE0900E
:10C210001802F0901902882309F18090B4139090CD
:10C22000B513A090B613B090B71320E030E0A90189
:10C23000C501B4010F94A33F882309F45BC020918A
:10C240003A0730913B0740913C0750913D07C501AB
:10C25000B4010F94964618160CF44CC0B701FF0CAD
:10C26000880B990B0F94AA3F20915E0230915F02D8
:10C2700040916002509161020F9409402AE037ED2D
:10C2800043E25CE30F94094069837A838B839C8348
:10C29000C12CD12C76018E010F5F1F4F2EE337E0AA
:10C2A0004AE357E066E377E082E397E00F944919A9
:10C2B00080E1E2E3F7E0A2E6B2E001900D928A9518
:10C2C000E1F7E4960FB6F894DEBF0FBECDBFDF9165
:10C2D000CF911F910F91FF90EF90DF90CF90BF9083
:10C2E000AF909F908F907F906F905F904F903F9016
:10C2F0002F900895B701FF0C880B990B0F94AA3F5C
:10C3000020915E0230915F02409160025091610283
:10C310000F9409402AE037ED43E25CE30F940940B3
:10C3200069A37AA38BA39CA320916202309163023C
:10C330004091640250916502609132077091330719
:10C3400080913407909135070F9435442B013C01BF
:10C350002091660230916702409168025091690213
:10C3600060913607709137078091380790913907AF
:10C370000F94354469A77AA78BA79CA720E030E0EB
:10C38000A901C301B2010F94A33F81110FC020E0A6
:10C3900030E0A90169A57AA58BA59CA50F94A33FC0
:10C3A000C12CD12C7601882309F455C120916A0251
:10C3B00030916B0240916C0250916D0260913A078E
:10C3C00070913B0780913C0790913D070F94354455
:10C3D0006DA77EA78FA798AB20916E0230916F0258
:10C3E000409170025091710260913E0770913F0739
:10C3F00080914007909141070F9435446DA37EA32F
:10C400008FA398A7A3019201C301B2010F94094021
:10C410006B017C0129A53AA54BA55CA5CA01B90110
:10C420000F9409409B01AC01C701B6010F9436443B
:10C430006B017C012DA53EA54FA558A9CA01B901E4
:10C440000F9409409B01AC01C701B6010F9436441B
:10C450000F94E4466B017C012DEB37E346E855E38E
:10C460000F94A33F87FF13C020E030E0A9016DA126
:10C470007EA18FA198A50F949646CDA0DEA0EFA037
:10C48000F8A487FF04C0F7FAF094F7F8F0942DEBC6
:10C4900037E346E855E3C701B6010F94A33F87FD94
:10C4A00007CF20E030E040EA50E4C701B6010F9426
:10C4B00030450F94A9451B01672B19F422242394BE
:10C4C000312CB10190E080E00F94A83F9B01AC01BA
:10C4D00060E070E080E89FE30F9430454B015C0121
:10C4E000AC019B01C701B6010F94094069AB7AAB5F
:10C4F0008BAB9CABA5019401C301B2010F94094021
:10C50000698B7A8B8B8B9C8BA501940169A57AA58D
:10C510008BA59CA50F9409406D8B7E8B8F8B988F7C
:10C52000A50194016DA57EA58FA598A90F9409403A
:10C53000698F7A8F8B8F9C8FA50194016DA17EA14D
:10C540008FA198A50F9409406D8F7E8F8F8F98A330
:10C5500080E1E2E6F2E0DE01119601900D928A950B
:10C56000E1F77724739481E0281A310809F46FC049
:10C570008091A407811110C00F94CF2468537F4F7E
:10C580008F4F9F4F6093A0077093A1078093A207DE
:10C590009093A3077092A4070E941ECD0F94CF24FE
:10C5A000C090A007D090A107E090A207F090A30749
:10C5B0006C197D098E099F0997FD11C00F94CF2436
:10C5C00068537F4F8F4F9F4F6093A0077093A107D1
:10C5D0008093A2079093A30780E00E940596FE0136
:10C5E00031967F016E01F1E1CF0ED11C5601F701AA
:10C5F00061917191819191917F01F6012191319128
:10C60000419151916F014701F4E08F1A91080F9405
:10C610003644F4016083718382839383AE14BF0434
:10C6200031F7C9A8DAA8EBA8FCA88E010F5D1F4F4F
:10C630009E01235F3F4FAE01475F5F4FBE016B5FBF
:10C640007F4FCE0101960F94491981118CCFC9A853
:10C65000DAA8EBA8FCA88E010F5D1F4F1FCE8091BA
:10C660009C0790919D07A0919E07B0919F07809392
:10C670005E0290935F02A0936002B093610280918A
:10C680009A0790919B07909319028093180208953E
:10C6900080915E0290915F02A0916002B091610270
:10C6A00080939C0790939D07A0939E07B0939F074C
:10C6B000809118029091190290939B0780939A079A
:10C6C00084E690E0909319028093180208954F92A7
:10C6D0005F926F927F928F929F92AF92BF92CF9212
:10C6E000DF92EF92FF920F931F93CF93DF93CDB71B
:10C6F000DEB72C970FB6F894DEBF0FBECDBF2B016F
:10C700003C0129873A874B875C8747015801F6012E
:10C71000E080F1800281138120E030E0A901B701BF
:10C72000C8010F94A33F81118EC0EAE7FCE2859116
:10C730009591A591B491582F492F3A2F2B2F852FE2
:10C74000942FA32FB22F89839A83AB83BC8320E0DD
:10C7500030E0A901B701C8010F94A33F811108C0BF
:10C76000E0905A02F0905B0200915C0210915D0231
:10C77000C701D8018D839E83AF83B887A50194013B
:10C7800060916A0270916B0280916C0290916D02CF
:10C790000F94A33F87FF0CC080926A0290926B02B5
:10C7A000A0926C02B0926D02CE0101960E94FBC075
:10C7B000409262025092630260926402709265023B
:10C7C00089859A85AB85BC858093660290936702C4
:10C7D000A0936802B0936902CE0105960E94FBC047
:10C7E000A501940160916A0270916B0280916C02C4
:10C7F00090916D020F949646181664F480926A0226
:10C8000090926B02A0926C02B0926D02CE010196E2
:10C810000E94FBC00E9496DB2C960FB6F894DEBFF8
:10C820000FBECDBFDF91CF911F910F91FF90EF9081
:10C83000DF90CF90BF90AF909F908F907F906F9040
:10C840005F904F9008955E2D4F2D302F212F77CF81
:10C85000CF92DF92EF92FF920F931F936A01E090C5
:10C860006A02F0906B0200916C0210916D02FB0164
:10C870002081318142815381FC01608171818281FB
:10C8800093810E9467E31F910F91FF90EF90DF90DB
:10C89000CF900895CF92DF92EF92FF920F931F9364
:10C8A0006B01FC01E080F18002811381E2E6F2E09D
:10C8B0002481358146815781608171818281938194
:10C8C0000E9467E31F910F91FF90EF90DF90CF9050
:10C8D00008958F929F92AF92BF92CF92DF92EF9284
:10C8E000FF921F93CF93DF93CDB7DEB760970FB65C
:10C8F000F894DEBF0FBECDBF182F80E00E946EBE41
:10C900004B015C0180928E0790928F07A092900756
:10C91000B092910781E00E946EBE6B017C01C092D3
:10C920009207D0929307E0929407F092950782E0E5
:10C930000E946EBE60939607709397078093980746
:10C940009093990789829A82AB82BC82CD82DE82E3
:10C95000EF82F88669877A878B879C8780916E0241
:10C9600090916F02A0917002B09171028D879E87A5
:10C97000AF87B88B8091400B882321F0CE010196C0
:10C980000E9489DA1E3FD9F480E1FE013196A2E6C9
:10C99000B2E001900D928A95E1F760960FB6F89497
:10C9A000DEBF0FBECDBFDF91CF911F91FF90EF9003
:10C9B000DF90CF90BF90AF909F908F90089584E0CC
:10C9C000189FF0011124DF01AE59BD4F81E090E0C6
:10C9D0008C0F9D1FE80FF91F408151816281738187
:10C9E0004D935D936D937C931397D7CF0D94B519A9
:10C9F0001F93CF93DF9300D000D01F921F92CDB72B
:10CA0000DEB769837A838B839C832D833E834F8338
:10CA100058870E942B88882359F081E028960FB60A
:10CA2000F894DEBF0FBECDBFDF91CF911F91089567
:10CA3000BE016B5F7F4FCE0101960E944AE4809158
:10CA4000B70A182F147082FD0CC01092B70A82E04A
:10CA50000E9469E40E94F6E481E01123F9F280E08B
:10CA6000DDCF0E94DC87882381F3D7CFCF93DF937C
:10CA700000D01F92CDB7DEB787E791E0A0E0B0E02D
:10CA800089839A83AB83BC83BE016F5F7F4F8CE346
:10CA90000E94D48181ED9BE20E94668483B16BEC9D
:10CAA0007BE286FB882780F90E94E6C080B182FB8A
:10CAB000882780F965EC7BE291E089270E94E6C037
:10CAC00083B16FEB7BE285FB882780F90E94E6C08B
:10CAD00080B169EB7BE2869581700E94E6C083B1EC
:10CAE00063EB7BE2829581700E94E6C08EEE92E05D
:10CAF000A0E0B0E01C9911C089839A83AB83BC830A
:10CB0000BE016F5F7F4F8AE00E94D4810F900F902B
:10CB10000F900F90DF91CF91089589839A83AB8313
:10CB2000BC83BE016F5F7F4F8AE5EECF8091D00856
:10CB3000811104C08091D208882379F062E070E00E
:10CB400080E090E00E94618080918B07882329F02B
:10CB500061E070E080E090E0F5CF0895BF92CF9261
:10CB6000DF92EF92FF920F931F93CF93DF9300D04A
:10CB700000D01F921F92CDB7DEB79091D2089817C0
:10CB800009F47AC0B82E80E090E0A0EAB0E48D838A
:10CB90009E83AF83B887C090390BD0903A0BE0905A
:10CBA0003B0BF0903C0B20E030E0A901C701B6013F
:10CBB0000F94A33F87FF0CC0A701960160E070E0CF
:10CBC00080EA90E40F9435446D837E838F83988749
:10CBD00020E030E047E853E46D817E818F819885C5
:10CBE0000F949646181644F480E090E0A7E8B3E46A
:10CBF0008D839E83AF83B8872D813E814F81588579
:10CC000060916A0270916B0280916C0290916D024A
:10CC10000F94A33F87FF0BC019821A821B821C82CC
:10CC2000BE016F5F7F4FCE0105960E944AE460917E
:10CC3000620270916302809164029091650220917A
:10CC40006602309167024091680250916902198230
:10CC50001A821B821C82E0906A02F0906B020091A3
:10CC60006C0210916D02FE0131966F010E9467E324
:10CC7000B092D2080E9496E580E028960FB6F8940C
:10CC8000DEBF0FBECDBFDF91CF911F910F91FF90FF
:10CC9000EF90DF90CF90BF9008958091B70A8823DE
:10CCA00019F01092B70A089583E99BE20E94A588C3
:10CCB0004F925F926F927F928F929F92AF92BF92AC
:10CCC000CF92DF92EF92FF920F931F93CF93DF9358
:10CCD000CDB7DEB768970FB6F894DEBF0FBECDBFF5
:10CCE0002A013B016901E82EF12CF701E554F34DCF
:10CCF000E491AA24A3941E160CF4A12CBB24B39493
:10CD000020E030E0A901C301B2010F949646181645
:10CD10000CF0B12C80E00E946EBE69837A838B8315
:10CD20009C8381E00E946EBE6D837E838F83988793
:10CD300082E00E946EBE69877A878B879C8783E03A
:10CD40000E946EBE6D877E878F87988BEE0CFF1CCE
:10CD5000EE0CFF1C88248394912C8C0E9D1E8E0C4F
:10CD60009F1CF40110821182128213829E01235FA4
:10CD70003F4FAE01475F5F4FBE016B5F7F4FCE01FC
:10CD800001960E9403DCF401408251826282738228
:10CD90001D8A1E8A1F8A188E20E030E0A901B80182
:10CDA000C6010F94A33F811109C0F701EE58F34D5E
:10CDB00085919591A591B4918C016D01C801D60121
:10CDC000898B9A8BAB8BBC8B8091FD109091FE1060
:10CDD000892B91F4CE0145967C018E010F5E1F4F89
:10CDE0009E01235F3F4FAE01475F5F4FBE016B5F08
:10CDF0007F4F44970F94B1060E9496DBAB100E94C0
:10CE00004DE668960FB6F894DEBF0FBECDBFDF913A
:10CE1000CF911F910F91FF90EF90DF90CF90BF9037
:10CE2000AF909F908F907F906F905F904F900895FC
:10CE30004F925F926F927F928F929F92AF92BF922A
:10CE4000CF92DF92EF92FF920F931F93CF93C82F51
:10CE5000E82EF12CF701E554F34DB4908230C9F47B
:10CE600081E00E94AEE5882381F0CF911F910F9160
:10CE7000FF90EF90DF90CF90BF90AF909F908F90FA
:10CE80007F906F905F904F9008950E942B88811142
:10CE9000ECCF6701CC0CDD1CCC0CDD1CF601E155A0
:10CEA000F34D45905590659074906B2DBB0C770BAE
:10CEB000880B990B0F94AA3F4B015C0120E030E0F6
:10CEC00040EC5FE3C301B2010F940940A501940156
:10CED0000F940940AB01BC0100E010E098018C2FD9
:10CEE0000E9458E6C23009F0A5C00E94DC87E0E04D
:10CEF00070E060EA80E42E2F372F462F582FC501AF
:10CF0000B4010F9409404B015C0120E030E0A9011D
:10CF10000F94A33F882369F100E010E020E031E4A2
:10CF2000C23019F000E010E09801B501A40170587A
:10CF30008C2F0E9458E6C23009F088C00E942B88CE
:10CF4000811193CF412C512C80E8682E8FE3782EED
:10CF5000A5019401C501B4010F943644AB01BC0195
:10CF6000930182018C2F0E9458E6C23011F40E9476
:10CF7000DC8781E090E00C2E01C0880F0A94EAF76C
:10CF80009091380B982B9093380B90913107892B07
:10CF900080933107F601EA59F34D85919591A5915A
:10CFA000B491F601EE59FD4F80839183A283B38340
:10CFB000C230D1F42091390B30913A0B40913B0BA8
:10CFC00050913C0B60916A0270916B0280916C02EF
:10CFD00090916D020F94354460936A0270936B02D6
:10CFE00080936C0290936D020E94F6E4F601EE5C71
:10CFF000F84FD601AE59BD4F8D919D910D90BC91CA
:10D00000A02D80839183A283B383C23009F02DCFFA
:10D0100080E0CF911F910F91FF90EF90DF90CF9024
:10D02000BF90AF909F908F907F906F905F904F9048
:10D030000C94AEE5F601ED55F34D85919591A591D2
:10D04000B491E82F792F6A2F8B2F55CFF701E05637
:10D05000F34D6491611107C00E9458868EE79CE2EF
:10D060000E9466846AE0F601EE58F34D45905590B3
:10D070006590749070E090E080E00F94AA3F9B016F
:10D08000AC01C301B2010F9430452B013C0160CFCC
:10D09000EF92FF920F931F93CF93DF93CDB7DEB73D
:10D0A000CB57D1090FB6F894DEBF0FBECDBFE196C6
:10D0B0001CAE1DAE1EAE1FAEE19780919403909101
:10D0C0009503A0919603B0919703E5968CAF9DAF21
:10D0D000AEAFBFAFE597E9961FAE1EAEE99784E607
:10D0E00090E0EB969FAF8EAFEB97109285079E0175
:10D0F00029583F4F44E050E0BE016F587F4FCE01AA
:10D1000087589F4F0E940489EB968EAD9FADEB9799
:10D110000296EB969FAF8EAFEB97E9961FAE1EAED1
:10D12000E99781E0EC968FAFEC979E0129583F4F2D
:10D1300041E050E0BE0165587F4FCE0187589F4FB8
:10D140000E9404899E0129583F4F48E450E06BE05B
:10D1500073E1CE0187589F4F0E9404899E01295890
:10D160003F4F40E150E062E67BE0CE0187589F4FA1
:10D170000E9404898AE097EDA3EABCE3E1968CAFB4
:10D180009DAFAEAFBFAFE1979E0129583F4F44E03E
:10D1900050E0BE0163597F4FCE0187589F4F0E94D8
:10D1A00004898E010F5F1F4F8CE0F80111928A9560
:10D1B000E9F79E0129583F4F4CE050E0B801CE01FD
:10D1C00087589F4F0E940489E6961FAEE697198202
:10D1D0001A821B821C829E0129583F4F41E050E079
:10D1E000BE016B587F4FCE0187589F4F0E94048924
:10D1F0009E0129583F4F44E050E0B801CE018758C6
:10D200009F4F0E9404898091B4139091B513A0910F
:10D21000B613B091B71389839A83AB83BC839E0105
:10D2200029583F4F44E050E0B801CE0187589F4F46
:10D230000E940489E1961CAE1DAE1EAE1FAEE197A2
:10D2400083E0E6968FAFE69789839E0129583F4F8A
:10D2500044E050E0BE0163597F4FCE0187589F4F95
:10D260000E9404899E0129583F4F41E050E0BE01D1
:10D270006B587F4FCE0187589F4F0E9404899E01B3
:10D2800029583F4F41E050E0B801CE0187589F4FE9
:10D290000E9404899AE0F92EFA94FF2071F09E0111
:10D2A00029583F4F44E050E0BE0163597F4FCE0103
:10D2B00087589F4F0E940489EFCFE996EEACFFACF0
:10D2C000E997EB968EAD9FADEB9790931602809306
:10D2D00015029E0129583F4F44E050E069E37BE08E
:10D2E000CE0187589F4F0E940489E996FFAEEEAEAB
:10D2F000E997E1961CAE1DAE1EAE1FAEE1978AE027
:10D30000F82EFA94FF2071F09E0129583F4F44E017
:10D3100050E0BE0163597F4FCE0187589F4F0E9456
:10D320000489EFCF85E08983E6968FAFE6979E016B
:10D3300029583F4F41E050E0B801CE0187589F4F38
:10D340000E9404899E0129583F4F41E050E0BE01F0
:10D350006B587F4FCE0187589F4F0E9404899E01D2
:10D3600029583F4F44E050E067EB76E0CE01875804
:10D370009F4F0E9404899E0129583F4F44E050E08E
:10D3800062EB76E0CE0187589F4F0E9404899E0190
:10D3900029583F4F44E650E06DEC76E0CE018758C7
:10D3A0009F4F0E94048919828FEFE6968FAFE69710
:10D3B0009E0129583F4F41E050E0B801CE01875807
:10D3C0009F4F0E9404899E0129583F4F41E050E041
:10D3D000BE016B587F4FCE0187589F4F0E94048932
:10D3E0009E0129583F4F44E050E061E473E0CE01D4
:10D3F00087589F4F0E9404899E0129583F4F41E062
:10D4000050E061EB76E0CE0187589F4F0E9404897F
:10D410009E0129583F4F44E050E069EC76E0CE0190
:10D4200087589F4F0E9404899E0129583F4F44E02E
:10D4300050E065EC76E0CE0187589F4F0E9404894A
:10D440009E0129583F4F42E050E063EC76E0CE0168
:10D4500087589F4F0E94048980E090E0A0E8BFE3D6
:10D460008D879E87AF87B88B8091CD139091CE1317
:10D47000A091CF13B091D01389839A83AB83BC83DF
:10D480008091D1139091D213A091D313B091D41362
:10D490008D839E83AF83B8878091D5139091D613E7
:10D4A000A091D713B091D81389879A87AB87BC878F
:10D4B0009E0129583F4F40E150E0B801CE01875806
:10D4C0009F4F0E94048984E190E09A8389839E01A2
:10D4D00029583F4F42E050E0B801CE0187589F4F96
:10D4E0000E9404899E0129583F4F4CE050E06DE5B1
:10D4F00077E0CE0187589F4F0E94048980E290E038
:10D500009A8389839E0129583F4F42E050E0B80139
:10D51000CE0187589F4F0E94048981E089839E0134
:10D5200029583F4F41E050E0B801CE0187589F4F46
:10D530000E94048980E2EDEBF2E0D80101900D92A7
:10D540008A95E1F79E0129583F4F40E250E0B8012B
:10D55000CE0187589F4F0E940489E6961FAEE6973A
:10D560009E0129583F4F41E050E0BE016B587F4F6C
:10D57000CE0187589F4F0E940489198280E090E075
:10D58000A0E4B0E4E1968CAF9DAFAEAFBFAFE19742
:10D590009E0129583F4F41E050E0B801CE01875825
:10D5A0009F4F0E9404899E0129583F4F44E050E05C
:10D5B000BE0163597F4FCE0187589F4F0E94048957
:10D5C0008AE1F80111928A95E9F79E0129583F4FA7
:10D5D0004AE150E0B801CE0187589F4F0E9404896C
:10D5E00084E3EDEDF2E0D80101900D928A95E1F728
:10D5F0009E0129583F4F44E350E0B801CE018758BF
:10D600009F4F0E9404891A8219821C821B821E82EB
:10D610001D829E0129583F4F46E050E0B801CE01DF
:10D6200087589F4F0E9404898DE0F80111928A95D6
:10D63000E9F79E0129583F4F4DE050E0B801CE0177
:10D6400087589F4F0E9404899E0129583F4F44E00C
:10D6500050E069E87BE0CE0187589F4F0E94048923
:10D660008CE0F80111928A95E9F79E0129583F4F05
:10D670004CE050E0B801CE0187589F4F0E940489CA
:10D680008CE6F80111928A95E9F79E0129583F4FDF
:10D690004CE650E0B801CE0187589F4F0E940489A4
:10D6A0009E0129583F4F4CE050E069E777E0CE01FA
:10D6B00087589F4F0E9404899E0129583F4F48E098
:10D6C00050E06BEB76E0CE0187589F4F0E940489B3
:10D6D0009E0129583F4F44E050E061E47BE0CE01D9
:10D6E00087589F4F0E9404899E0129583F4F44E06C
:10D6F00050E065E47BE0CE0187589F4F0E9404898B
:10D700009E0129583F4F44E050E069E47BE0CE01A0
:10D7100087589F4F0E9404899E0129583F4F41E03E
:10D7200050E06DE47BE0CE0187589F4F0E94048952
:10D730009E0129583F4F44E050E062E772E0CE017D
:10D7400087589F4F0E940489F0908507F11052C0BE
:10D75000EB960EAD1FADEB9704561109E9968EAD11
:10D760009FADE997E7969FAF8EAFE79784E690E08D
:10D77000EB969FAF8EAFEB979E0129583F4F44E049
:10D7800050E065E473E0CE0187589F4F0E94048902
:10D790009E0129583F4F42E050E0BE016B587F4F39
:10D7A000CE0187589F4F0E9404890E945886B80175
:10D7B00085EA97E20E94CD89E7964EAD5FADE79787
:10D7C00070E060E088E997E20E94BC8985E997E211
:10D7D0000E9466840239124041F00E940A8587EB5C
:10D7E00097E20E946684FF24F394809185078F2935
:10D7F000809385079091850781E08927C558DF4F81
:10D800000FB6F894DEBF0FBECDBFDF91CF911F9151
:10D810000F91FF90EF9008950F931F938091B006A2
:10D82000813019F50F94CF24009171071091720780
:10D830002091730730917407601B710B820B930B5F
:10D8400028EE33E040E050E00F94964360916D077E
:10D8500070916E0780916F0790917007620F731F30
:10D86000841F951F1F910F91089560917507709106
:10D8700076078091770790917807D6CF1092B006FF
:10D88000109271071092720710927307109274072A
:10D89000109275071092760710927707109278070A
:10D8A00010926D0710926E0710926F07109270071A
:10D8B00008958091B0068130F1F08230C9F40E9461
:10D8C0000CEC60936D0770936E0780936F079093D5
:10D8D000700781E08093B0060F94CF2460937107A6
:10D8E00070937207809373079093740781E0089593
:10D8F0000E943EECEECF80E008958091B00681302A
:10D9000079F482E08093B0060F94CF24609375077A
:10D9100070937607809377079093780781E0089556
:10D9200080E008958091B0068150823070F41092AA
:10D93000B0060F94CF246093750770937607809399
:10D9400077079093780781E0089580E008958F929B
:10D950009F92AF92BF92CF92DF92EF92FF92CF93BE
:10D96000FC01C080D180E280F38020E030E0A9019A
:10D97000C701B6010F94A33F87FF93C0C701B6014B
:10D98000905820E030E048EC52E40F94094020E049
:10D9900030E040EA50E40F94364420E030E040E2CA
:10D9A00051E40F9430450F94A2456B017C0180E255
:10D9B0008093D50A60E2F0E1CF16F7E2DF06E104DA
:10D9C000F1048CF0C701B60120E137E240E050E0FD
:10D9D0000F94B843CA01B9012AE030E040E050E0BA
:10D9E0000F94B843605D6093D60A60E288EEC81673
:10D9F00083E0D806E104F1048CF0C701B60128EEFB
:10DA000033E040E050E00F94B843CA01B9012AE086
:10DA100030E040E050E00F94B843605D6093D70A77
:10DA200060E2E4E6CE16D104E104F1048CF0C70113
:10DA3000B60124E630E040E050E00F94B843CA015C
:10DA4000B9012AE030E040E050E00F94B843605D57
:10DA50006093D80A8AE0882E912CA12CB12CC701A2
:10DA6000B601A50194010F94B843C62FCA01B901AC
:10DA7000A50194010F94B843605D6093D90A8EE2CA
:10DA80008093DA0AC05DC093DB0A85ED9AE0CF91FE
:10DA9000FF90EF90DF90CF90BF90AF909F908F90CE
:10DAA000089520E030E048EC52E4C701B6016DCFA4
:10DAB0008F929F92AF92BF92CF92DF92EF92FF929E
:10DAC000CF93FC01C080D180E280F38020E030E081
:10DAD0004AE754E4C701B6010F9409404B015C01C9
:10DAE00020E030E0A901C701B6010F94A33F20E078
:10DAF00030E040EA50E487FF04C020E030E040EA34
:10DB000050ECC501B4010F94364420E030E040E20F
:10DB100051E40F9430450F94A2456B017C018BE2D8
:10DB2000F7FE09C0F094E094D094C094C11CD11CBD
:10DB3000E11CF11C8DE28093D50AC701B60120E1FA
:10DB400037E240E050E00F94B8438AE0882E912CF1
:10DB5000A12CB12CCA01B901A50194010F94B843BD
:10DB6000605D6093D60AC701B60128EE33E040E05D
:10DB700050E00F94B843CA01B901A50194010F9474
:10DB8000B843605D6093D70AC701B60124E630E070
:10DB900040E050E00F94B843CA01B901A5019401D7
:10DBA0000F94B843605D6093D80A8EE28093D90ADF
:10DBB000C701B601A50194010F94B843C62FCA014D
:10DBC000B901A50194010F94B843605D6093DA0A2E
:10DBD000C05DC093DB0A85ED9AE0CF91FF90EF9096
:10DBE000DF90CF90BF90AF909F908F900895CF928D
:10DBF000DF92EF92FF92FC01C080D180E280F3803F
:10DC000020E030E0A901C701B6010F94A33F87FFD0
:10DC100069C0C701B601905820E030E040E251E40D
:10DC20000F94094020E030E040EA50E40F9436447D
:10DC300020E030E040E251E40F9430450F94A245DB
:10DC4000FB01E03187E2F80708F453C0CF0160E13F
:10DC500077E20F94054480E3860F8093D70AE83E6D
:10DC600083E0F80708F447C0CF0168EE73E00F9433
:10DC70000544CB016AE070E00F940544805D809319
:10DC8000D80A80E2E436F10558F0CF0164E670E08E
:10DC90000F940544CB016AE070E00F940544805D69
:10DCA0008093D90A80E2EA30F10558F02AE030E0AA
:10DCB000CF01B9010F940544CB01B9010F9405447C
:10DCC000805D8093DA0ACF016AE070E00F9405442A
:10DCD000805D8093DB0A87ED9AE0FF90EF90DF9004
:10DCE000CF90089520E030E040E251E4C701B60152
:10DCF00097CF80E2B2CF80E2C2CF8F929F92AF9255
:10DD0000BF92CF92DF92EF92FF92FC01C080D18050
:10DD1000E280F38020E030E048EC52E4C701B60135
:10DD20000F9409404B015C0120E030E0A901C701DC
:10DD3000B6010F94A33F20E030E040EA50E487FFB3
:10DD400004C020E030E040EA50ECC501B4010F947B
:10DD5000364420E030E040E251E40F9430450F9427
:10DD6000A2459B018BE237FF05C022273327261BE4
:10DD7000370B8DE28093D60AC90168EE73E00F94E9
:10DD80001944CB01EAE0F0E0BF010F941944805D33
:10DD90008093D70AC90164E670E00F941944CB015F
:10DDA000BF010F941944805D8093D80AC901BF0157
:10DDB0000F941944282FCB01BF010F941944805DA3
:10DDC0008093D90A8EE28093DA0A205D2093DB0AE1
:10DDD00086ED9AE0FF90EF90DF90CF90BF90AF90EC
:10DDE0009F908F9008958F929F92AF92BF92CF9203
:10DDF000DF92EF92FF92CF93FC01C080D180E2804E
:10DE0000F38020E030E04AE754E4C701B6010F9404
:10DE100009404B015C0120E030E0A901C701B601D7
:10DE20000F94A33F20E030E040EA50E487FF04C0B5
:10DE300020E030E040EA50ECC501B4010F943644D4
:10DE400020E030E040E251E40F9430450F94A245C9
:10DE50006B017C01F7FC5AC020E137E240E050E062
:10DE60000F94B843CA01B9012AE030E040E050E025
:10DE70000F94B843605D6093D60AC701B60128EEDF
:10DE800033E040E050E00F94B8438AE0882E912CB4
:10DE9000A12CB12CCA01B901A50194010F94B8437A
:10DEA000605D6093D70AC701B60124E630E040E028
:10DEB00050E00F94B843CA01B901A50194010F9431
:10DEC000B843605D6093D80A8EE28093D90AC70197
:10DED000B601A50194010F94B843C62FCA01B90138
:10DEE000A50194010F94B843605D6093DA0AC05DA8
:10DEF000C093DB0A86ED9AE0CF91FF90EF90DF9020
:10DF0000CF90BF90AF909F908F900895F094E09441
:10DF1000D094C094C11CD11CE11CF11C6DE2ABCFAC
:10DF20008F929F92AF92BF92CF92DF92EF92FF9229
:10DF3000CF93DF93EC0188809980AA80BB8020E09A
:10DF400030E040E251ECC501B4010F94A33F181634
:10DF500054F420E030E048EC52E4C501B4010F94E1
:10DF6000964687FD0DC0CE01DF91CF91FF90EF90D7
:10DF7000DF90CF90BF90AF909F908F900C94F3EE76
:10DF800020E030E04AE754E4C501B4010F940940B1
:10DF90006B017C0120E030E0A901C501B4010F94C0
:10DFA000A33F20E030E040EA50E487FF04C020E0D7
:10DFB00030E040EA50ECC701B6010F94364420E04F
:10DFC00030E040E251E40F9430450F94A2456B01DC
:10DFD0007C0120E030E0A901C501B4010F94964610
:10DFE00087FD0BC020E030E040E251E4C501B40100
:10DFF0000F94A33F60E287FD13C0F7FC4CC0C7013C
:10E00000B60128EE33E040E050E00F94B843CA0177
:10E01000B9012AE030E040E050E00F94B843605D81
:10E020006093D70AC701B60124E630E040E050E033
:10E030000F94B8438AE0882E912CA12CB12CCA01F0
:10E04000B901A50194010F94B843605D6093D80AAB
:10E050008EE28093D90AC701B601A50194010F94FD
:10E06000B843C62FCA01B901A50194010F94B84362
:10E07000605D6093DA0AC05DC093DB0A87ED9AE0C9
:10E08000DF91CF91FF90EF90DF90CF90BF90AF9056
:10E090009F908F900895F094E094D094C094C11C08
:10E0A000D11CE11CF11C6DE2BBCF9C0197FF26C087
:10E0B000EE27FF27E81BF90B2D398FEF38070CF0FF
:10E0C0005DC08DE28093D80ACF0164E670E00F94C2
:10E0D0001944CB012AE030E0B9010F941944805D66
:10E0E0008093D90ACF01B9010F941944CB01B9012A
:10E0F0000F941944805D8093DA0A2AC0283E83E099
:10E100003807B4F1C90168EE73E00F941944CB01EC
:10E11000EAE0F0E0BF010F941944805D8093D80AD3
:10E12000C90164E670E00F941944CB01BF010F945C
:10E130001944805D8093D90AC901BF010F94194425
:10E14000CB01BF010F941944805D8093DA0AF90175
:10E15000CF016AE070E00F941944805D8093DB0A80
:10E1600088ED9AE008958DE237FDC5CF80E2C3CFF8
:10E17000F90180E2243631050CF0A4CF80E28093CF
:10E18000D80A8093D90AEA30F1056CF38DE237FFA3
:10E1900080E28093D90ACF016AE070E00F941944BD
:10E1A000605D6093DA0AD4CF9C0197FD2DC080E2B8
:10E1B000243631055CF0C90164E670E00F9419441F
:10E1C000CB016AE070E00F941944805D8093D90A16
:10E1D00080E22A3031055CF0EAE0F0E0C901BF01DD
:10E1E0000F941944CB01BF010F941944805D8093B3
:10E1F000DA0AC9016AE070E00F941944805D8093E7
:10E20000DB0A89ED9AE008953195219531098DE277
:10E21000DDCF282F80E2243628F0822F64E60F9489
:10E22000F943805D8093D90A90E22A3040F03AE0C9
:10E23000822F632F0F94F9430F94F943905D9093CD
:10E24000DA0A822F6AE00F94F943905D9093DB0A1B
:10E2500089ED9AE0089524E6829FC0011124815837
:10E260009F4F6FEF70E00F941944262F81E36436BF
:10E2700009F080E28093D80A90E22A3040F03AE038
:10E28000822F632F0F94F9430F94F943905D90937D
:10E29000D90A822F6AE00F94F943905D9093DA0ACD
:10E2A00085E28093DB0A88ED9AE00895EF92FF9271
:10E2B0000F931F93CF937C018B01C2E44F3F09F072
:10E2C000C4E580E20E9415848C2F0E9415848AE3A5
:10E2D0000E941584F701608171818281938142E0FF
:10E2E0000E94818AF801408151816281738183E3B8
:10E2F00097E30E948C8B62E070E080E090E0CF9129
:10E300001F910F91FF90EF900D949C241F93CF933A
:10E31000DF9300D000D01F921F92CDB7DEB7182F29
:10E320006091CA137091CB13072E000C880B990BC8
:10E330000F94AA3F6D837E838F8398878091C61345
:10E340009091C713A091C813B091C91389839A8380
:10E35000AB83BC834CEFBE016B5F7F4FCE01019658
:10E360000E9456F160915A0770915B07072E000CCE
:10E37000880B990B0F94AA3F6D837E838F839887B8
:10E380008091560790915707A0915807B09159076F
:10E3900089839A83AB83BC834FEFBE016B5F7F4F52
:10E3A000CE0101960E9456F160915C071F3F39F043
:10E3B00087E11802F0011124EE53FC4E628570E0F3
:10E3C0008BE397E30E944B8A60915C0770E086E3E1
:10E3D00097E30E944B8A28960FB6F894DEBF0FBED3
:10E3E000CDBFDF91CF911F9108952F923F924F9211
:10E3F0005F926F927F928F929F92AF92BF92CF92D5
:10E40000DF92EF92FF920F931F93CF93DF93CDB7DD
:10E41000DEB764970FB6F894DEBF0FBECDBF898B11
:10E420006A8B81E0809358021A821B821C821D82B3
:10E4300019861A861B861C8621E0288719821D866C
:10E440003CE33E874CE14F8756E4588B312C212C1E
:10E4500080E88B8B9FEB9C8B812C912C54016091DD
:10E46000CA137091CB13072E000C880B990B0F94D5
:10E47000AA3F7B018C01232D322D4B895C890F949F
:10E48000A33F8823B9F02091C6133091C713409160
:10E49000C8135091C913AA89B701C801A111DFC0DF
:10E4A0000F94A33F881F8827881F89833E2C2F2C19
:10E4B0000B8B1C8B0F94CF246B017C01DC01CB01F7
:10E4C00029853A854B855C85821B930BA40BB50B84
:10E4D000B7FD2EC0D701C60188519C4FAF4FBF4F2B
:10E4E00089879A87AB87BC8789890E9486F18FE3E9
:10E4F00097E30E94668481149104A104B10409F495
:10E50000D8C0C501B40168517C4F8F4F9F4F6C1923
:10E510007D098E099F0928EE33E040E050E00F941A
:10E520009643CA01B9010E94DA898AE00E941584E3
:10E5300080E00E9405960F94CF2460936907709342
:10E540006A0780936B0790936C079091C6139E8324
:10E55000A091C713AF830091C8131091C913292F3D
:10E560003A2FA801632D722D8B899C890F94354415
:10E570002B013C0120E030E0A9010F94964687FF73
:10E5800004C077FA709477F8709420E030E040E2AD
:10E5900051E4C301B20181149104A104B10409F052
:10E5A0008CC00F94A33F87FF0BC0B885460157016D
:10E5B000BB2331F028EE820E23E0921EA11CB11C79
:10E5C00039813323A9F18A819B81AC81BD81892B5B
:10E5D0008A2B8B2B61F0D701C6012A813B814C81AC
:10E5E0005D81821B930BA40BB50BB7FD21C02E815F
:10E5F0003F81A8016D857E858F8598890F9435446C
:10E6000020E030E040EC5FE30F94A33F87FD2BC098
:10E61000D701C601805A9541AF4FBF4F8A839B8374
:10E62000AC83BD839E819D87AF81AE870F87188B9A
:10E63000809158028823B9F081149104A104B10497
:10E6400061F0B8EECB1AB3E0DB0AE108F108C818B4
:10E65000D908EA08FB08F7FE06C0188600CF0F9419
:10E66000A33F87FF20C08091580281110E945C3532
:10E670008091580264960FB6F894DEBF0FBECDBFEE
:10E68000DF91CF911F910F91FF90EF90DF90CF908E
:10E69000BF90AF909F908F907F906F905F904F90C2
:10E6A0003F902F9008953E2C2F2C0B8B1C8B1982A2
:10E6B00001CF8FE30E94158438CF0F949646181629
:10E6C0000CF07ECF460157017BCF4F925F926F9245
:10E6D0007F928F929F92AF92BF92CF92DF92EF92F2
:10E6E000FF924091620250916302609164027091C6
:10E6F000650289E09CE20E948C8B409166025091F9
:10E700006702609168027091690285E09CE20E9454
:10E710008C8B40916A0250916B0260916C027091F7
:10E720006D0281E09CE20E948C8B40916E025091C0
:10E730006F0260917002709171028DEF9BE20E94F6
:10E740008C8B80916F00982F927081FF05C0809113
:10E750006F008D7F80936F0040900D0850900E08E1
:10E7600060900F0870901008809011089090120827
:10E77000A0901308B0901408C0901508D090160807
:10E78000E0901708F0901808992329F080916F0005
:10E79000826080936F0083EF9BE20E946684C301D6
:10E7A000B2010E94DA898FEE9BE20E946684C50165
:10E7B000B4010E94DA898BEE9BE20E946684C70155
:10E7C000B6010E94DA898AE0FF90EF90DF90CF9047
:10E7D000BF90AF909F908F907F906F905F904F9081
:10E7E0000C941584CF93DF93CDB7DEB760970FB647
:10E7F000F894DEBF0FBECDBF80916202909163029C
:10E80000A0916402B091650289839A83AB83BC8333
:10E810008091660290916702A0916802B0916902AE
:10E820008D839E83AF83B88780916A0290916B023B
:10E83000A0916C02B0916D0289879A87AB87BC87E3
:10E8400080916E0290916F02A0917002B09171025E
:10E850008D879E87AF87B88B0E9424DB609113025F
:10E8600070911402072E000C880B990B0F94AA3F8D
:10E870002AE037ED43E25CE30F94094060937602AF
:10E88000709377028093780290937902AAE1B2E0C4
:10E8900090E080E0FC01E757F84D45915591659176
:10E8A00074914D935D936D937C931397FC01E358A2
:10E8B000F84D459155916591749114964D935D93E2
:10E8C0006D937C931797189604968C30910511F7E9
:10E8D00060918607709187078091880790918907DA
:10E8E00040E00E94077F0E94CC7F0E9472DB40E1E3
:10E8F00050E062E672E0CE0101960F945047892BFA
:10E9000051F060960FB6F894DEBF0FBECDBFDF9119
:10E91000CF910C9465F360960FB6F894DEBF0FBEEE
:10E92000CDBFDF91CF910895ABE0B3E190E080E0FF
:10E93000FC01E953F74D45915591659174915496B9
:10E940004D935D936D937C935797FC01E954F74D7C
:10E95000459155916591749194964D935D936D9306
:10E960007C939797FC01E955F74D45915591659139
:10E9700074914D935D936D937D93049680319105D1
:10E98000B9F680E29EE4A0E0B0E080931B13909380
:10E990001C13A0931D13B0931E1380E090E0AAEF08
:10E9A000B3E480933F1390934013A0934113B0932B
:10E9B000421340E050E86BE375E4409343135093F7
:10E9C00044136093451370934613809347139093B9
:10E9D0004813A0934913B0934A1310924B1310920B
:10E9E0004C1310924D1310924E1310924F1310921D
:10E9F0005013109251131092521380E090E0A0E057
:10EA0000B1E48093620B9093630BA093640BB0937B
:10EA1000650B8093660B9093670BA093680BB09384
:10EA2000690B8DEC9CECACECBEE380936A0B90938D
:10EA30006B0BA0936C0BB0936D0B80E090E0A0E2A9
:10EA4000B1E480936E0B90936F0BA093700BB09317
:10EA5000710B10924D0B1092410B1092420B1092C1
:10EA6000430B1092440B1092450B1092460B1092E0
:10EA7000470B1092480B1092490B10924A0B1092C0
:10EA80004B0B10924C0B80E090E0A0E4B0E480933C
:10EA9000720290937302A0937402B0937502109265
:10EAA00086071092870710928807109289070E94A4
:10EAB000D37E80E090E0A0E4B0EC8093390B90939B
:10EAC0003A0BA0933B0BB0933C0B88EC90E09093F7
:10EAD000CA068093C90680EF90E09093CC0680939D
:10EAE000CB0686E490E09093C6068093C5068EE63A
:10EAF00090E09093C8068093C7061092C3061092C8
:10EB0000C40680E090E0A8EAB1E48093CD1390932E
:10EB1000CE13A093CF13B093D01385E391E5A5E96D
:10EB2000BEE38093D1139093D213A093D313B093E9
:10EB3000D41380ED9EEFACEBB3E48093D5139093A8
:10EB4000D613A093D713B093D81380E090E0A2E23D
:10EB5000B3E480935D0790935E07A0935F07B09343
:10EB6000600787E092E4A2E3B0E4809361079093AA
:10EB70006207A0936307B093640780E192E3A0E18A
:10EB8000B5E48093650790936607A0936707B093F9
:10EB9000680781E08093D0088093CF080E9496E5B3
:10EBA0001092890B10928A0B10928B0B10928C0B87
:10EBB00080E090E0A0EAB2E48093BB069093BC06AC
:10EBC000A093BD06B093BE0680E090E0A0E2B2E460
:10EBD0008093BF069093C006A093C106B093C2066F
:10EBE0000E94F2F30E94588684E898E20C946684AE
:10EBF0008F929F92AF92BF92CF92DF92EF92FF924D
:10EC00000F931F93CF93C82F11E01827811102C0D3
:10EC10000E9458868CE79BE20E94668486E79BE20E
:10EC20000E9466848AE00E941584C11102C00E947D
:10EC3000588689E59BE20E9466848AE00E941584DA
:10EC4000C11106C00E94588688E49BE20E94668437
:10EC5000812F0F947606C11108C00E9458868AE25F
:10EC60009BE20E9466840E94588640912F13509127
:10EC70003013609131137091321381E29BE20E9454
:10EC80008C8B4091331350913413609135137091F4
:10EC900036138EE19BE20E948C8B4091371350918A
:10ECA00038136091391370913A138BE19BE20E9403
:10ECB0008C8B40913B1350913C1360913D137091AC
:10ECC0003E1388E19BE20E948C8B8AE00E941584AF
:10ECD000C11108C00E94588686EF9AE20E9466849D
:10ECE0000E94588660910B1370910C1380910D1344
:10ECF00090910E130F94A83FAB01BC018DEE9AE2E8
:10ED00000E948C8B60910F137091101380911113DE
:10ED1000909112130F94A83FAB01BC018AEE9AE2C6
:10ED20000E948C8B609113137091141380911513B2
:10ED3000909116130F94A83FAB01BC0187EE9AE2A5
:10ED40000E948C8B60911713709118138091191386
:10ED500090911A130F94A83FAB01BC0184EE9AE284
:10ED60000E948C8B8AE00E941584C11108C00E9409
:10ED700058868AE99AE20E9466840E9458864091E9
:10ED80003F1350914013609141137091421381E9F8
:10ED90009AE20E948C8B40914313509144136091EE
:10EDA0004513709146138EE89AE20E948C8B409135
:10EDB0004713509148136091491370914A138BE89F
:10EDC0009AE20E948C8B8AE00E941584C11113C0C4
:10EDD0000E94588683E49AE20E94668488E19AE25F
:10EDE0000E94668489E09AE20E9466848AE00E941A
:10EDF00015840E94588660911B1370911C1380919A
:10EE00001D1390911E130F94A83FAB01BC0180E02D
:10EE10009AE20E948C8B40914B1350914C1360915D
:10EE20004D1370914E138DEF99E20E948C8B40919F
:10EE30004F135091501360915113709152138AEFF8
:10EE400099E20E948C8B4091620B5091630B609110
:10EE5000640B7091650B87EF99E20E948C8B409157
:10EE6000660B5091670B6091680B7091690B84EF92
:10EE700099E20E948C8B40916A0B50916B0B6091D0
:10EE80006C0B70916D0B81EF99E20E948C8B40911D
:10EE90006E0B50916F0B6091700B7091710B8EEE39
:10EEA00099E20E948C8B8AE00E941584C11108C0EF
:10EEB0000E9458868AED99E20E9466840E945886D4
:10EEC0006091400B70E081ED99E20E944B8A409185
:10EED000B4135091B5136091B6137091B7138EECC3
:10EEE00099E20E948C8B8AE00E9415848091B7067B
:10EEF0009091B806892B09F440C04DECC42E46E031
:10EF0000D42E10E000E05601F12CE12CC11102C01A
:10EF10000E945886B70184EC99E20E944B8AB8019E
:10EF200081EC99E20E944B8A38E9832E33E0932EDC
:10EF3000F40181914F01882319F00E941584F8CFC4
:10EF4000F501608171818281938145E00E94818A0F
:10EF50008AE00E941584FFEFEF1AFF0A24E1A20E57
:10EF6000B11C85E0E816F10489F60F5F1F4FE4E05D
:10EF7000CE0ED11C0530110531F6C11106C00E941C
:10EF8000588684EA99E20E94668489ECA82E86E07D
:10EF9000B82E95ECC92E96E0D92E23ECE22E26E071
:10EFA000F22E10E000E0C11102C00E945886B801A4
:10EFB0008BE999E20E944B8AF501619171915F01A1
:10EFC00088E999E20E944B8AF601619171916F0183
:10EFD00085E999E20E944B8AF70161917F0170E017
:10EFE00082E999E20E944B8A8AE00E9415840130EE
:10EFF000110509F044C1C11108C00E94588683E878
:10F0000099E20E9466840E9458864091CD135091E7
:10F01000CE136091CF137091D0138AE799E20E94CA
:10F020008C8B2CEA35EC47E25EE36091D113709152
:10F03000D2138091D3139091D4130F943045AB0128
:10F04000BC0187E799E20E948C8B2CEA35EC47E201
:10F050005EE36091D5137091D6138091D713909190
:10F06000D8130F940940AB01BC0184E799E20E94D8
:10F070008C8B8AE00E941584C11102C00E945886C0
:10F0800040915D0750915E0760915F077091600746
:10F090008BE699E20E948C8B2CEA35EC47E25EE32A
:10F0A0006091610770916207809163079091640796
:10F0B0000F943045AB01BC0188E699E20E948C8B2D
:10F0C0002CEA35EC47E25EE36091650770916607D4
:10F0D00080916707909168070F940940AB01BC01CC
:10F0E00085E699E20E948C8B8AE00E941584C1110A
:10F0F00010C00E94588686E599E20E94668486E7E1
:10F100009BE20E94668487ED98E20E9466840E94DA
:10F1100058864091390B50913A0B60913B0B70919E
:10F120003C0B8DE499E20E948C8B8AE00E9415844E
:10F13000C11108C00E9458868CE399E20E9466843F
:10F140000E9458864091890B50918A0B60918B0BDD
:10F1500070918C0B83E399E20E948C8B8AE00E9471
:10F160001584C11108C00E94588684E199E20E946A
:10F1700066840E9458868AED98E20E9466844091D7
:10F18000BF065091C0066091C1067091C20682E12F
:10F1900099E20E948C8B4091BB065091BC06609115
:10F1A000BD067091BE068FE099E20E948C8B8AE0CA
:10F1B0000E941584C11108C00E94588687EF98E20A
:10F1C0000E9466840E94588680914D0BF4E68F9FC2
:10F1D000C001112481589F4F6FEF70E00F941944C4
:10F1E00070E090E080E00F94A83F20E030E048EC31
:10F1F00052E40F943045AB01BC018EEE98E20E94C0
:10F200008C8B4091410B5091420B6091430B70915C
:10F21000440B8BEE98E20E948C8B4091450B5091F1
:10F22000460B6091470B7091480B88EE98E20E9464
:10F230008C8B4091490B50914A0B60914B0B709114
:10F240004C0B85EE98E20E948C8B4091720250919B
:10F250007302609174027091750282EE98E20E94CE
:10F260008C8B8AE0CF911F910F91FF90EF90DF90F0
:10F27000CF90BF90AF909F908F900C94158401E039
:10F2800010E091CE2F923F924F925F926F927F92B9
:10F290008F929F92AF92BF92CF92DF92EF92FF92A6
:10F2A0000F931F93CF93DF93CDB7DEB7CE59D1091C
:10F2B0000FB6F894DEBF0FBECDBF2DB73EB7C35615
:10F2C000DF4F39832883CD59D040CB56DF4F198289
:10F2D0001882C559D04084E690E0C956DF4F998323
:10F2E0008883C759D04001E09E012B563F4F44E030
:10F2F00050E0BE016F567F4FCE0189569F4F0E944E
:10F30000F8829E012B563F4F42E050E0BE01675607
:10F310007F4FCE0189569F4F0E94F88243E050E014
:10F32000BE016F567F4F85E493E00F949D47892B74
:10F3300009F451C0CC56DF4F8881C459D04088238E
:10F3400059F08FE3CF56DF4F8883C159D040CE5656
:10F35000DF4F1882C259D0400E945886BE016F56B6
:10F360007F4F8FE498E20E94F78481E498E20E9444
:10F37000668481E0809385078091B606811102C082
:10F380000E94F8F59091850781E08927C356DF4FE9
:10F3900028813981CD59D0400FB6F8943EBF0FBEB9
:10F3A0002DBFC256DF4F0FB6F894DEBF0FBECDBFE4
:10F3B000DF91CF911F910F91FF90EF90DF90CF9051
:10F3C000BF90AF909F908F907F906F905F904F9085
:10F3D0003F902F900895C357DF4F188219821A82E9
:10F3E0001B82CD58D040CB56DF4F19821882C559A9
:10F3F000D04001E09E012B563F4F41E050E0BE015E
:10F4000064567F4FCE0189569F4F0E94F8822DB6D9
:10F410003EB680E1E1E1F3E0DE01A358BF4F019089
:10F420000D928A95E1F76E013DE6C30ED11C80E195
:10F43000E1E2F3E0D60101900D928A95E1F780E1D7
:10F44000E1E3F3E09E012F5F3F4F5901D9010190A5
:10F450000D928A95E1F7C456DF4F4881CC59D040D0
:10F4600050E04D5F5F4F440F551F440F551F8DB740
:10F470009EB7841B950B0FB6F8949EBF0FBE8DBF31
:10F48000EDB7FEB731962F010091B60611E00127C6
:10F490002C563F4FBF01CE0189569F4F0E94F882E4
:10F4A0000091B60601279E012B563F4F44E050E0E5
:10F4B0006BE173E1CE0189569F4F0E94F882C456DA
:10F4C000DF4FE880CC59D040F12CF3E0EF0EF11C77
:10F4D000EE0CFF1CEE0CFF1C2DB73EB72E193F099A
:10F4E0000FB6F8943EBF0FBE2DBF8DB79EB70196E5
:10F4F0004C01EDB7FEB7EE19FF090FB6F894FEBF49
:10F500000FBEEDBF2DB73EB72F5F3F4F39010091C2
:10F51000B60601279E012B563F4FA701BC01CE0125
:10F5200089569F4F0E94F8820091B60601279E01DE
:10F530002B563F4FA701B301CE0189569F4F0E9422
:10F54000F8828091B606082F0127811145C0C45664
:10F55000DF4F2881CC59D04030E02E5F3F4FEBE0A9
:10F56000F3E190E080E050E040E0B601D2012417E2
:10F57000350724F4ADE7B0E0AC0FBD1FA80FB91FED
:10F58000CD90DD90ED90FC90C192D192E192F192FC
:10F59000D401241735070CF4DB01A80FB91FCD9057
:10F5A000DD90ED90FC90C08AD18AE28AF38AD30183
:10F5B000241735070CF4D501A80FB91FCD90DD90A5
:10F5C000ED90FC90C0A2D1A2E2A2F3A24F5F5F4FE8
:10F5D00004964430510551F69E012B563F4F44E0AE
:10F5E00050E06FE373E1CE0189569F4F0E94F8828D
:10F5F0000091B60611E001279E012B563F4F44E0D3
:10F6000050E063E473E1CE0189569F4F0E94F88277
:10F610000091B60601279E012B563F4F44E050E073
:10F6200067E473E1CE0189569F4F0E94F8820091F2
:10F63000B60601279E012B563F4F44E050E06BE495
:10F6400073E1CE0189569F4F0E94F8820091B60661
:10F6500001279E012B563F4F44E050E06FE473E1D9
:10F66000CE0189569F4F0E94F8820091B60601276D
:10F670009E012B563F4F40E150E062E67BE0CE0119
:10F6800089569F4F0E94F8820091B60601279E017D
:10F690002B563F4F44E050E0BE0163577F4FCE01F1
:10F6A00089569F4F0E94F8820FB6F8943EBE0FBE57
:10F6B0002DBE0091B60601279E012B563F4F4CE010
:10F6C00050E0BE016F5F7F4FCE0189569F4F0E9471
:10F6D000F8820091B60601279E012B563F4F41E06C
:10F6E00050E0BE0163597F4FCE0189569F4F0E9463
:10F6F000F8820091B60601279E012B563F4F44E049
:10F7000050E0BE016F5F7F4FCE0189569F4F0E9430
:10F71000F8820091B60601279E012B563F4F44E028
:10F7200050E066E877E0CE0189569F4F0E94F8824C
:10F730000091B60601279E012B563F4F44E050E052
:10F74000BE0163577F4FCE0189569F4F0E94F882BA
:10F7500001E09E012B563F4F41E050E0BE0163594E
:10F760007F4FCE0189569F4F0E94F8829E012B56F3
:10F770003F4F41E050E0BE016F5F7F4FCE018956A1
:10F780009F4F0E94F882AE96EFACAE978981E89EBB
:10F790007001112431E0E31AF1080091B606012747
:10F7A0008FEFE816F80671F09E012B563F4F44E0AC
:10F7B00050E0BE0163577F4FCE0189569F4F0E9494
:10F7C000F882E8CFCB56DF4FE880F980C559D040AA
:10F7D000C956DF4F88819981C759D040909316024E
:10F7E000809315029E012B563F4F44E050E069E3A1
:10F7F0007BE0CE0189569F4F0E94F882CB56DF4FA7
:10F80000F982E882C559D0401AE0FF24F3941150E0
:10F8100089F00091B6060F259E012B563F4F44E01C
:10F8200050E0BE0163577F4FCE0189569F4F0E9423
:10F83000F882EDCF01E09E012B563F4F41E050E0B2
:10F84000BE0165567F4FCE0189569F4F0E94F882B8
:10F850009E012B563F4F41E050E0BE0163587F4F61
:10F86000CE0189569F4F0E94F882C556DF4F88818E
:10F87000CB59D0400091B606853009F09AC2EE9679
:10F880008FADEE97853009F094C2011103C080E07E
:10F890000E948D7E0091B60611E001279E012B5635
:10F8A0003F4F44E050E067EB76E0CE0189569F4F32
:10F8B0000E94F8820091B60601279E012B563F4F09
:10F8C00044E050E062EB76E0CE0189569F4F0E9403
:10F8D000F8820091B60601279E012B563F4F44E661
:10F8E00050E06DEC76E0CE0189569F4F0E94F88281
:10F8F0000091B60611E001279E012B563F4F41E0D3
:10F9000050E0BE0163597F4FCE0189569F4F0E9440
:10F91000F8820091B60601279E012B563F4F41E029
:10F9200050E0BE016F5F7F4FCE0189569F4F0E940E
:10F93000F8820091B60601279E012B563F4F44E006
:10F9400050E0BE016F5F7F4FCE0189569F4F0E94EE
:10F95000F8820091B60601279E012B563F4F41E0E9
:10F9600050E061EB76E0CE0189569F4F0E94F8820D
:10F970000091B60601279E012B563F4F44E050E010
:10F9800069EC76E0CE0189569F4F0E94F882009183
:10F99000B60601279E012B563F4F44E050E065EC30
:10F9A00076E0CE0189569F4F0E94F8820091B606FC
:10F9B00001279E012B563F4F42E050E063EC76E07A
:10F9C000CE0189569F4F0E94F8820091B60601270A
:10F9D0009E012B563F4F40E150E0BE016F5F7F4FCD
:10F9E000CE0189569F4F0E94F8820091B606011100
:10F9F0002EC0C980DA80EB80FC8020E030E84BE349
:10FA000055E4C701B6010F94A33F882301F1C092CA
:10FA1000CD13D092CE13E092CF13F092D0138D81FC
:10FA20009E81AF81B8858093D1139093D213A09318
:10FA3000D313B093D41389859A85AB85BC85809305
:10FA4000D5139093D613A093D713B093D81311E086
:10FA500001279E012B563F4F42E050E0BE016F5FF1
:10FA60007F4FCE0189569F4F0E94F8820091B606C3
:10FA700001279E012B563F4F4CE050E0BE016F5FC7
:10FA80007F4FCE0189569F4F0E94F8828091B60623
:10FA9000082F0127811115C020E030E84BE355E421
:10FAA00069817A818B819C810F94A33F882349F0DF
:10FAB0008CE0FE013196ADE5B7E001900D928A959C
:10FAC000E1F79E012B563F4F42E050E0BE016F5FD1
:10FAD0007F4FCE0189569F4F0E94F8820091B60653
:10FAE00011E001279E012B563F4F41E050E0BE013F
:10FAF0006F5F7F4FCE0189569F4F0E94F882009121
:10FB0000B60601279E012B563F4F40E250E0BE0152
:10FB10006F5F7F4FCE0189569F4F0E94F882009100
:10FB2000B60601279E012B563F4F41E050E0BE0133
:10FB300063597F4FCE0189569F4F0E94F8820091F2
:10FB4000B60601279E012B563F4F45E050E0BE010F
:10FB50006F5F7F4FCE0189569F4F0E94F8820091C0
:10FB6000B60601279E012B563F4F4AE150E0BE01E9
:10FB70006F5F7F4FCE0189569F4F0E94F8820091A0
:10FB8000B60601279E012B563F4F44E350E0BE01CD
:10FB90006F5F7F4FCE0189569F4F0E94F882009180
:10FBA000B60601279E012B563F4F46E050E0BE01AE
:10FBB0006F5F7F4FCE0189569F4F0E94F882009160
:10FBC000B60601279E012B563F4F4DE050E0BE0187
:10FBD0006F5F7F4FCE0189569F4F0E94F882009140
:10FBE000B60601279E012B563F4F44E050E0BE0170
:10FBF0006F5F7F4FCE0189569F4F0E94F8828091A0
:10FC0000B606082F012781110CC089819A81AB812A
:10FC1000BC818093890B90938A0BA0938B0BB0933C
:10FC20008C0B9E012B563F4F4CE050E0BE016F5FA6
:10FC30007F4FCE0189569F4F0E94F8820091B606F1
:10FC400011E001279E012B563F4F4CE650E0BE01CC
:10FC50006F5F7F4FCE0189569F4F0E94F8821982B5
:10FC60001A821B821C821D821E821F8218861986A0
:10FC70001A861B861C860091B60601279E012B560C
:10FC80003F4F4CE050E0BE016F5F7F4FCE01895681
:10FC90009F4F0E94F8820091B60601279E012B56C5
:10FCA0003F4F48E050E06BEB76E0CE0189569F4F26
:10FCB0000E94F8820091B60601279E012B563F4F05
:10FCC00044E050E061E47BE0CE0189569F4F0E9402
:10FCD000F8820091B60601279E012B563F4F44E063
:10FCE00050E065E47BE0CE0189569F4F0E94F88288
:10FCF0000091B60601279E012B563F4F44E050E08D
:10FD000069E47BE0CE0189569F4F0E94F882009102
:10FD1000B60601279E012B563F4F41E050E06DE4AF
:10FD20007BE0CE0189569F4F0E94F8820091B60673
:10FD300001279E012B563F4F44E050E062E772E0FE
:10FD4000CE0189569F4F0E94F882C956DF4F8881A5
:10FD50009981C759D040863F924009F46DC00E94F6
:10FD60000A8587EB97E20E946684109385070E94BC
:10FD70005886C956DF4F68817981C759D04064568B
:10FD8000710989E398E20E944B8A62E972E081E39B
:10FD900098E20E94CD898AE00E9415848091B6067F
:10FDA0008111EACA809185078111E6CA0E94F2F3A7
:10FDB000E3CA11E001279E012B563F4F44E050E07B
:10FDC000BE0163597F4FCE0189569F4F0E94F88232
:10FDD0000091B60601279E012B563F4F44E050E0AC
:10FDE000BE016F5F7F4FCE0189569F4F0E94F88200
:10FDF000C556DF4FE880CB59D040EE968FADEE97D9
:10FE0000E89E7001112491E0E91AF1080091B6060C
:10FE10000127EFEFEE16FE0609F46ACD9E012B5680
:10FE20003F4F44E050E0BE0163577F4FCE018956FB
:10FE30009F4F0E94F882E7CF10928507CB56DF4F85
:10FE400028813981C559D040C756DF4F88819981B3
:10FE5000C959D04028173907E9F0109385070E9447
:10FE60000A85C756DF4F68817981C959D04081E141
:10FE700098E20E94CD89CB56DF4F68817981C559C0
:10FE8000D0408CE098E20E94CD898CEF97E20E94EE
:10FE9000668484CF8091B606811180CF0E945886F7
:10FEA00005E413E0F80181918F01882319F00E9485
:10FEB0001584F8CFC956DF4F68817981C759D04082
:10FEC000645671098FED97E20E944B8ACB56DF4F43
:10FED00048815981C559D04070E060E082ED97E2D9
:10FEE0000E94BC898FEC97E2D2CF81E08093B60666
:10FEF0000E9442F91092B60681110C9442F90E94B8
:10FF000094F40E9448E80E94588680E798E20E9494
:10FF1000668481E00895089580E008953FB7F894DD
:10FF20008091451790914617A0914717B0914817B7
:10FF300026B5A89B05C02F3F19F00196A11DB11D44
:10FF40003FBFBA2FA92F982F8827BC01CD01620F80
:10FF5000711D811D911D42E0660F771F881F991F3B
:10FF60004A95D1F70895AF92BF92CF92DF92EF9268
:10FF7000FF920F931F93CF93DF936C017B018B0153
:10FF8000040F151FEB015E01AE18BF08C017D107A3
:10FF900059F06991D601ED91FC910190F081E02D2D
:10FFA000C6011995892B79F7C501DF91CF911F9172
:10FFB0000F91FF90EF90DF90CF90BF90AF9008959A
:10FFC000DC011696ED91FC91179712968C91129781
:10FFD000481B15968C91483018F0E80FF11D4770BA
:10FFE000382F369536953695562F577080E890E025
:10FFF00002C0959587955A95E2F7439F402D1124AD
:020000022000DC
:10000000669566956695460F5527551FE40FF51FB3
:100010003081222319F0832B8083089580958323D8
:10002000FBCF0B96FC01849108950A96FC01849104
:100030000895FC01849108950F941900882321F0FC
:10004000823011F083E0089586E00895FC01E60F08
:10005000F11D849190E0982F88273196E4918E0FBE
:10006000911D089568E00D94260066E00D94260029
:1000700081E008950F93FC010150040F84A996A913
:10008000941788F0081710F4041778F42150260FFD
:1000900083A995A9961758F0281760F481E02617D0
:1000A00020F40F910895081778F780E0FACF281709
:1000B000A8F7FBCF81E0F5CFFC0120E03EE2DB01B9
:1000C0004D91BD01403249F0283011F43083319612
:1000D000DB0111974C91408331962F5F2B3079F7DC
:1000E000108208952F923F924F925F926F927F926B
:1000F0008F929F92AF92BF92CF92DF92EF92FF9238
:100100000F931F93CF93DF93CDB7DEB7AE970FB6A4
:10011000F894DEBF0FBECDBF682FCE0141960E947E
:1001200036834F8D49A3442309F4DFC0423009F0E0
:10013000F5C08FEF90E09BA38AA349895A895EA7F7
:100140004DA78B899C899EA38DA380E1E9E4F3E010
:10015000DE01119601900D928A95E1F7FE0131962C
:10016000F8A7EFA311E01CA2EE24EA94F12CBDEF56
:100170002B2E312C01E0412C84E2582E84EF682E86
:10018000712CF9A1F23009F4CEC0033009F47EC01D
:10019000053009F47BC0EFA1F8A582819381FAE7CD
:1001A000F89F9001F99F300D112450E040E0C30109
:1001B000B2010F94B843C901019736952795CC2415
:1001C000C394D12C009731F0CAA0DBA08C159D05FB
:1001D00008F46C0188248394912C2115310531F0A9
:1001E0008AA09BA02815390508F44901EFA1F8A5BC
:1001F000A280B380C60101968A9D90018B9D300D2F
:100200009A9D300D112450E040E0C301B2010F94DB
:10021000B84329A73AA74BA75CA7AA0CBB1CA89C6C
:100220009001A99C300DB89C300D112450E040E0A5
:10023000C301B2010F94B843F101EA57F109F7FF86
:1002400003C0F195E195F10969A57AA56A5771098D
:1002500077FF03C0719561957109C9018A579109AA
:1002600097FF03C09195819591096E177F070CF058
:1002700060C0861797070CF45CC0F9A129A43AA4C2
:100280000CA376011EE0F23009F413E00F5FEFA13A
:10029000F8A53296F8A7EFA3083009F072CFEDA5C4
:1002A000FEA580818C7F912F9370892B8083EDA197
:1002B000FEA12081812F90E0959587959595879552
:1002C00043E0880F991F4A95E1F7277E822B8083B0
:1002D0009081987F8CA18770892B8083F9A1F2305F
:1002E00021F0ED8DFE8DF182E082AE960FB6F8948E
:1002F000DEBF0FBECDBFDF91CF911F910F91FF9059
:10030000EF90DF90CF90BF90AF909F908F907F90B5
:100310006F905F904F903F902F900895EFEFFFEF19
:10032000FBA3EAA30ACFCC24CA94D12C2FEF30E050
:1003300057CF8E179F070CF0A9CF89A119010CA3E5
:1003400074011AE0823009F0A1CF11E09FCF4F92E3
:100350005F926F927F928F929F92AF92BF92CF9255
:10036000DF92EF92FF920F931F93CF93DF9329ECCD
:1003700037E130930A13209309131092C21742E019
:1003800050E060E070E04093AB175093AC1760937F
:10039000AD177093AE1710920813109204131092B9
:1003A000051310920613109207134FEF5FEFBA0177
:1003B000409300135093011360930213709303133F
:1003C000882309F481C040E060E070E0CB010E9426
:1003D0006EC2811113C0C0E08C2FDF91CF911F91AD
:1003E0000F91FF90EF90DF90CF90BF90AF909F90D4
:1003F0008F907F906F905F904F9008958091BE1284
:100400008F7749F78091CA129091CB12A091CC12AC
:10041000B091CD1284369105A105B105E0F2C090EE
:10042000C612D090C712E090C812F090C912C11441
:10043000D104E104F10479F240E0C701B6010E9461
:100440006EC2C82F882339F280910B1190910C1144
:100450008115924009F0BFCFA0911011AA2309F491
:10046000BACF60910E1170910F116115710509F4E9
:10047000B2CF80900D11882009F4ADCFA093BD17A5
:100480008092AF1790E080E0912CB12CA12C412CF0
:10049000512C32014394D82F93018201082E04C0BD
:1004A000000F111F221F331F0A94D2F780169106E6
:1004B000A206B30669F021E0280F01968930910564
:1004C00051F72093B81787CFC12CD12C7601B4CF28
:1004D0008093B817209116113091171150E040E029
:1004E0002115310541F420912411309125114091BD
:1004F0002611509127112093B0173093B1174093D4
:10050000B2175093B31746015701860E971EA11CD0
:10051000B11C8092BE179092BF17A092C017B092E4
:10052000C117E0911111F0911211F093C417E093EB
:10053000C317B0E00F94D743DC01CB01880D991DA0
:10054000AA1DBB1D8093C5179093C617A093C7170C
:10055000B093C81725E0EE0FFF1F2A95E1F7E15091
:10056000FE4FEF2FFF27E6958E0F9F1FA11DB11D98
:100570008093B9179093BA17A093BB17B093BC1789
:100580008090131190901411B12CA12C811491041E
:1005900041F48090201190902111A0902211B090F0
:1005A0002311C81AD90AEA0AFB0AC80CD91CEA1C8A
:1005B000FB1C04C0F694E794D794C794DA95D2F75D
:1005C000C092B417D092B517E092B617F092B71751
:1005D00085EFC8168FE0D806E104F10420F48CE022
:1005E0008093C217F8CE80E125EFC2162FEFD20616
:1005F000E104F10488F080912C1190912D11A091CB
:100600002E11B0912F118093C5179093C617A09308
:10061000C717B093C81780E28093C217DDCE0F933F
:100620001F93CF93DF938B01EA01DB016D917C91E6
:100630000E94DAC5D801ED91FC91119788819081D3
:10064000992349F08936A0F43196ED93FC93888183
:100650008F5F8883EFCF893658F48FE28083F8016B
:100660008081918101969183808388818F5F8883C7
:10067000DF91CF911F910F910895CF93DF93EC01FC
:100680008BE69FE30E946684CE010E9466848AE026
:10069000DF91CF910C9415842F923F924F925F92ED
:1006A0006F927F928F929F92AF92BF92CF92DF9282
:1006B000EF92FF920F931F93CF93DF93CDB7DEB7E7
:1006C00067970FB6F894DEBF0FBECDBF4C012A016D
:1006D0003B013F8B2E8B198A1A8A1D861E861F8628
:1006E000188ADB01CA0137E0B695A79597958795DB
:1006F0003A95D1F79A878987842F8F778B8B80588B
:100700008B878C879FEF491651046104710491F027
:1007100088F00091BA131091BB138091B813909197
:10072000B9139D8B8C8BAA24A394B12C01151105B0
:1007300009F04CC0498AB401AE014F5E5F4F8E890B
:100740009F890E94FB7367960FB6F894DEBF0FBEB9
:10075000CDBFDF91CF911F910F91FF90EF90DF9070
:10076000CF90BF90AF909F908F907F906F905F9051
:100770004F903F902F9008958217930710F19C811E
:100780008B85981708F443C09B818C858917C8F026
:100790006091B8137091B913620D731D48E050E079
:1007A000CE0109960F94DC3E6F857889611571053D
:1007B00009F28616970609F4BFCF8B898068898B6A
:1007C000BBCF86010A151B0508F4B4CF7501E00EF6
:1007D000F11EF694E794670191E0C91AD108160159
:1007E00093E0220C331C9A95E1F76C897D89620DA8
:1007F000731D48E050E0CE0101960F94DC3E298144
:100800003A8189859A852817390708F0B5CF5701AD
:100810008FEFA81AB80AD6CFAF92BF92CF92DF92CD
:10082000EF92FF920F931F93CF93DF9300D01F920D
:10083000CDB7DEB77C018B015A01690119821A829A
:100840001B821C82AE014F5F5F4FB501C8010E9441
:10085000F6688C0149815A816B817C814115510573
:100860006105710529F09601C7010F944C03E6CF8D
:100870000F900F900F900F90DF91CF911F910F91DC
:10088000FF90EF90DF90CF90BF90AF9008950F93BF
:100890001F932091DB143091DC142817390769F17C
:1008A0000091B4131091B5132091B6133091B71382
:1008B0000093B0131093B1132093B2133093B3137A
:1008C0009093DC148093DB141092AF131092AE134C
:1008D0006093AD134093AC1389549B4621F410925E
:1008E000AB131092AA1382E080937C0281E0809384
:1008F000A9131092A8131092AA171F910F9108958F
:100900008F929F92AF92BF92CF92DF92EF92FF921F
:100910000F931F93CF93DF93B0E2A0E06A2F70E0B4
:10092000AB014B0F511D55954795411119C0E5E598
:10093000F7E365917491072E000C880B990B0F94C7
:10094000AA3FDF91CF911F910F91FF90EF90DF9021
:10095000CF90BF90AF909F908F900895B42FE0CF2D
:100960004A1711F0B41303C0E1EDF7E3E2CF9A01A7
:1009700021503109220F331F220F331FF901ED5A85
:10098000F84CE590F490F901E95AF84CC591D491EE
:100990008E159F051CF3A42FC817D9070CF4BECFE2
:1009A000F901EB5AF84C05911491F901E75AF84C0A
:1009B000C590D490BC016E197F09072E000C880BDE
:1009C000990B0F94AA3F4B015C01B601601B710BA0
:1009D000072E000C880B990B0F94AA3F9B01AC01CA
:1009E000C501B4010F9409404B015C01BE016E19B1
:1009F0007F09072E000C880B990B0F94AA3F9B01CF
:100A0000AC01C501B4010F9430456B017C01B80104
:100A1000110F880B990B0F94AA3F9B01AC01C701E2
:100A2000B6010F9436448DCF90E0FC01E652F14CB4
:100A300024918C57914CFC018491882399F090E08B
:100A4000880F991FFC01E659F14CA591B491FC0166
:100A5000E05BF14C859194918FB7F894EC91E22B87
:100A6000EC938FBF0895CF93DF9320919D132111B5
:100A70001FC0FC0101900020E9F73197EF01C81B6E
:100A8000D90BC334D1052CF02291207C2038E1F31E
:100A9000F5CFBC01DD27AE018AE593E10F94AB47AA
:100AA000C65ADC4E18821092591383E080937C0260
:100AB000DF91CF9108952F923F924F925F926F9264
:100AC0007F928F929F92AF92BF92CF92DF92EF92DE
:100AD000FF920F931F93CF93DF931F921F92CDB777
:100AE000DEB76C012DB73EB73A83298380919A1700
:100AF000811107C010927F171092821781E08093B6
:100B00009A1780917717811107C010925C17109285
:100B10005F1781E080937717FB0180818F3209F0A6
:100B200072C08FE094E1F6019183808310923016B9
:100B30006F5F7F4FF601208031808B012FE7E22E1F
:100B400027E1F22E0115110509F440C04DB65EB63D
:100B50006FE270E0C8010F948B474C01081719072A
:100B6000A8F53C01601A710A7724C30101962DB7DC
:100B70003EB7281B390B0FB6F8943EBF0FBE2DBFF2
:100B80008DB79EB701965C01A301B8010F94AB47E6
:100B9000F501E60DF71D1082F6016081718121E0FB
:100BA000A501C7010E94F5C8811133C0B5018CE3CE
:100BB0009EE30E94F78489E39EE30E9466840FB659
:100BC000F8945EBE0FBE4DBE10E000E0C801E981A2
:100BD000FA810FB6F894FEBF0FBEEDBF0F900F90D5
:100BE000DF91CF911F910F91FF90EF90DF90CF9009
:100BF000BF90AF909F908F907F906F905F904F903D
:100C00003F902F90089584EF93E1F60191838083C4
:100C100091CFF601808191812816390611F00E944A
:100C2000CBC5F601F182E082A0913016AA3080F4A3
:100C300081E08A0F80933016FBE1FA9FD0011124E6
:100C4000AE5DBA4EF7018BE101900D928A95E1F706
:100C50002FE7E21627E1F20669F49CE5E92E97E119
:100C6000F92E84010F5F1F4F0FB6F8945EBE0FBEC2
:100C70004DBE68CF8FE7E82E87E1F82EF2CFCF93F5
:100C8000DF93EC010E940A85CE010E946684609188
:100C900055137091561380915713909158130E94D9
:100CA000DA890E94BC920E94AD940196E1F70E94FD
:100CB000C2921092541310925313DF91CF91089562
:100CC000FC01DB018C9120813181382798E0A9015A
:100CD000220F331F57FD05C09150C9F73183208380
:100CE0000895B1E22B27B0E13B27F6CF8823A9F185
:100CF0000E94588640911F13509120136091211338
:100D00007091221382E39EE30E948C8B4091231307
:100D10005091241360912513709126138FE29EE366
:100D20000E948C8B409127135091281360912913B6
:100D300070912A138CE29EE30E948C8B40912B13BE
:100D400050912C1360912D1370912E1389E29EE324
:100D50000E948C8B8AE00C94158480E20E9415849A
:100D6000C9CF2F923F924F925F926F927F928F9254
:100D70009F92AF92BF92CF92DF92EF92FF920F932A
:100D80001F93CF93DF93CDB7DEB7C458D1090FB609
:100D9000F894DEBF0FBECDBF4B015A0169011701A8
:100DA000DC012D913D914D915C9127962CAF3DAF8B
:100DB0004EAF5FAF279720911F13309120134091C2
:100DC00021135091221327966CAD7DAD8EAD9FAD52
:100DD00027970F9409400F94A3462B966CAF7DAFD5
:100DE0008EAF9FAF2B9769AB7AAB8BAB9CABD4012B
:100DF0002D913D914D915C9163962CAF3DAF4EAFDF
:100E00005FAF6397209123133091241340912513F2
:100E10005091261363966CAD7DAD8EAD9FAD6397FB
:100E20000F9409400F94A3462B013C014DAA5EAAE2
:100E30006FAA78AED5012D913D914D915C912F9681
:100E40002CAF3DAF4EAF5FAF2F972091271330915E
:100E500028134091291350912A132F966CAD7DAD24
:100E60008EAD9FAD2F970F9409400F94A3464B0171
:100E70005C0189AE9AAEABAEBCAED6012D913D9170
:100E80004D915C9167962CAF3DAF4EAF5FAF6797CA
:100E900020912B1330912C1340912D1350912E1330
:100EA00067966CAD7DAD8EAD9FAD67970F94094091
:100EB0000F94A3466B017C012196CCAEDDAEEEAE65
:100EC000FFAE219727962CAD3DAD4EAD5FAD279778
:100ED00029A33AA34BA35CA363968CAD9DADAEADA5
:100EE000BFAD63978DA39EA3AFA3B8A72F962CADDC
:100EF0003DAD4EAD5FAD2F9729A73AA74BA75CA795
:100F000067968CAD9DADAEADBFAD67978DA79EA723
:100F1000AFA7B8AB8091FF1083FF16C0C092BB147F
:100F2000D092BC14E092BD14F092BE1467962CAD22
:100F30003DAD4EAD5FAD67972093AB143093AC14CD
:100F40004093AD145093AE148091FD109091FE101B
:100F5000892B11F00D943D19D801BC916896BFAF53
:100F60006897F801F181A096FFAFA097D80112967B
:100F7000BC91A896BFAFA897F801F381AA96FFAFDE
:100F8000AA9780919D1490919E14891B80958F70D3
:100F900019F40E940596F5CF00919D14EF960FAFBE
:100FA000EF9710919D14EE961FAFEE97012F10E072
:100FB00025961FAF0EAF25978091AF149091B01476
:100FC000A091B114B091B2142B962CAD3DAD4EADA5
:100FD0005FAD2B97281B390B4A0B5B0B2B962CAF65
:100FE0003DAF4EAF5FAF2B978091B3149091B41487
:100FF000A091B514B091B614481A590A6A0A7B0A2E
:101000008091B7149091B814A091B914B091BA140A
:1010100095018401081B190B2A0B3B0B2F960CAF73
:101020001DAF2EAF3FAF2F978091BB149091BC1492
:10103000A091BD14B091BE14A7019601281B390BD5
:101040004A0B5B0B63962CAF3DAF4EAF5FAF639720
:10105000232B242B252B09F48CC08091880B811124
:1010600033C06091C6137091C7138091C8139091DB
:10107000C9130F94A24520917A0230917B02621726
:10108000730714F5C092BB14D092BC14E092BD1447
:10109000F092BE1467968CAD9DADAEADBFAD6797B7
:1010A0008093AB149093AC14A093AD14B093AE1492
:1010B0000E9458868EE09EE30E94668463961CAE72
:1010C0001DAE1EAE1FAE639763966CAD7DAD8EAD4B
:1010D0009FAD63970F94AA3F2091760230917702DB
:1010E00040917802509179020F9409404B015C01C4
:1010F00020E030E0A9010F94964687FF04C0B7FABC
:10110000B094B7F8B09420E030E048E453E4609144
:101110002B1370912C1380912D1390912E130F94FB
:101120000940A50194010F94A33F87FF22C0C092FC
:10113000BB14D092BC14E092BD14F092BE1467961A
:101140000CAD1DAD2EAD3FAD67970093AB14109362
:10115000AC142093AD143093AE140E9458868FEED9
:101160009DE30E94668463961CAE1DAE1EAE1FAE4C
:1011700063972B968CAD9DADAEADBFAD2B978827F9
:10118000B7FD83959927AA27BB27182F77FC1260F4
:101190002F962CAD3DAD4EAD5FAD2F9757FD146032
:1011A00063968CAD9DADAEADBFAD6397B7FD1860D6
:1011B00063966CAD7DAD8EAD9FAD63970F94AA3FE6
:1011C0002091760230917702409178025091790215
:1011D0000F9409406B017C0120E030E0A9010F94DD
:1011E000964687FD02C00D940411C701B6019058C0
:1011F00020E030E040E05FE30F9436440F94A945CF
:1012000067966CAF7DAF8EAF9FAF679787E52596EA
:10121000AEADBFAD25978A9FF0018B9FF00D1124D5
:10122000E357F44F108215AB2B962CAD3DAD4EAD70
:101230005FAD2B976F962CAF3DAF4EAF5FAF6F9703
:1012400057FF0DC050954095309521953F4F4F4F1A
:101250005F4F6F962CAF3DAF4EAF5FAF6F9787E597
:1012600025964EAD5FAD2597849FF001859FF00DCB
:101270001124E357F44F6F968CAD9DADAEADBFAD6D
:101280006F97858B968BA78BB08FA7964CAE5DAE74
:101290006EAE7FAEA79777FE0DC022273327A90138
:1012A0002419350946095709A7962CAF3DAF4EAF13
:1012B0005FAFA79787E525964EAD5FAD2597849FD5
:1012C000F001859FF00D1124E357F44FA7968CADE4
:1012D0009DADAEADBFADA797818F928FA38FB48F19
:1012E0002F962CAD3DAD4EAD5FAD2F97E1962CAF57
:1012F0003DAF4EAF5FAFE19757FF0DC050954095A2
:10130000309521953F4F4F4F5F4FE1962CAF3DAF4A
:101310004EAF5FAFE19787E525964EAD5FAD259760
:10132000849FF001859FF00D1124E357F44FE1965F
:101330008CAD9DADAEADBFADE197858F968FA78F7C
:10134000B0A32B966CAD7DAD8EAD9FAD2B970F945A
:10135000AA3F2091780B3091790B40917A0B5091F4
:101360007B0B0F940940E5966CAF7DAF8EAF9FAFBE
:10137000E597698B7A8B8B8B9C8BC301B2010F94A1
:10138000AA3F20917C0B30917D0B40917E0B5091B8
:101390007F0B0F940940E9966CAF7DAF8EAF9FAF86
:1013A000E9976D8B7E8B8F8B988F2F966CAD7DAD73
:1013B0008EAD9FAD2F970F94AA3F2091800B309157
:1013C000810B4091820B5091830B0F9409404B018C
:1013D0005C01898E9A8EAB8EBC8E2091840B3091ED
:1013E000850B4091860B5091870BC701B6010F9476
:1013F00009406B017C01CD8EDE8EEF8EF8A26F96D8
:101400002CAD3DAD4EAD5FAD6F972630310541053A
:1014100051050CF0FDC6A7968CAD9DADAEADBFAD30
:10142000A7970697A105B1050CF0F2C6E1962CAD81
:101430003DAD4EAD5FADE19726303105410551051B
:101440000CF0E6C620E030E0A901C701B6010F9418
:10145000964687FF04C0F7FAF094F7F8F09487E512
:1014600025960EAD1FAD2597809FF001819FF00D51
:101470001124E357F44FC586D686E786F08A87E5C0
:1014800025960EAD1FAD2597809FF001819FF00D31
:101490001124E357F44F67962CAD3DAD4EAD5FADD3
:1014A000679721A332A343A354A34589568967892B
:1014B000708D018D128D238D348D858D968DA78D28
:1014C000B0A180179107A207B30710F4D901C80192
:1014D00084179507A607B70710F4DB01CA016796C2
:1014E0000CAD1DAD2EAD3FAD679780179107A207DC
:1014F000B30710F4D901C80127E525960EAD1FAD3D
:101500002597209FF001219FF00D1124E357F44F00
:1015100085A396A3A7A3B0A70697A105B10510F4CC
:101520000D941D19DF01AF5ABF4F8091760B8C933C
:10153000EE5AFF4F8091770B8083452B462B472B2C
:1015400009F0179887E525960EAD1FAD2597809F6A
:10155000F001819FF00D1124E357F44F818D928D9E
:10156000A38DB48D892B8A2B8B2B09F0169887E5D8
:1015700025960EAD1FAD2597809FF001819FF00D40
:101580001124E357F44F858D968DA78DB0A1892B3B
:101590008A2B8B2B09F0159867962CAD3DAD4EAD7F
:1015A0005FAD6797232B242B252B11F40D943F1946
:1015B00080915B17882319F0815080935B171498F2
:1015C00080E280935B17E0904B13F0904C130091F6
:1015D0004D1310914E139701A80168966FAD68974F
:1015E000A0967FADA097A8968FADA897AA969FAD1D
:1015F000AA970F94A33F87FD0CC06896EFAC68973D
:10160000A096FFACA097A8960FADA897AA961FAD7D
:10161000AA9787E525964EAD5FAD2597849FF0018B
:10162000859FF00D1124E357F44F258536854785B6
:10163000508960E070E080E89FE30F943045A79602
:101640006CAF7DAF8EAF9FAFA7979701A8010F94A6
:1016500009404B015C0180919D1490919B14891B62
:101660008F70A8968FAFA897A501940160E074E2EF
:1016700084E799E40F9430450F94A3466B017C01F5
:10168000A8968FADA89782508630C0F580911B1325
:1016900090911C13A0911D13B0911E13C816D9066A
:1016A000EA06FB0658F5BC01CD016C197D098E09CF
:1016B0009F09660F771F881F991FA8960FADA897DF
:1016C000202F30E050E040E00F949643CA01B9016A
:1016D0000F94A83F0F94A245C60ED71EE81EF91E10
:1016E000C701B6010F94A83F9B01AC0160E074E212
:1016F00084E799E40F9430454B015C0180916F00C1
:10170000282F227081FF05C080916F008D7F80930C
:101710006F008091720B9091730BA091740BB0913C
:10172000750B8C0D9D1DAE1DBF1D8093720B90938C
:10173000730BA093740BB093750B222329F0809147
:101740006F00826080936F0087E525962EAD3FADD8
:101750002597829F8001839F100D11240357144FFA
:10176000D8011D962D913D914D915C915097C501E9
:10177000B4010F9409409B01AC010F940940E1961C
:101780006CAF7DAF8EAF9FAFE197F801618372833D
:101790008383948325A136A147A150A56B962CAFD6
:1017A0003DAF4EAF5FAF6B97CA01B9010F94A83F31
:1017B000A3966CAF7DAF8EAF9FAFA3979B01AC019B
:1017C000C501B4010F9409400F9414450F94A94525
:1017D000E5966CAF7DAF8EAF9FAFE597F801EF5BFD
:1017E000FF4F60837183828393838E010F5E1F4F4F
:1017F000AB961FAF0EAFAB97005111096D961FAF9F
:101800000EAF6D970FE213E1E7961FAF0EAFE797AC
:101810008E010F5D1F4F23961FAF0EAF23976D965E
:101820000EAD1FAD6D97EB961FAF0EAFEB97212C52
:10183000312C10E828961FAF28970FE32C960FAF96
:101840002C97AB96AEADBFADAB972D913D914D9121
:101850005D91AB96BFAFAEAFAB97C501B4010F942E
:1018600009406B017C01EB96EEADFFADEB97C192A9
:10187000D192E192F192EB96FFAFEEAFEB9720E0C1
:1018800030E0A9010F94964687FF04C0F7FAF09460
:10189000F7F8F094E796AEADBFADE7974D905D9049
:1018A0006D907D90E796BFAFAEAFE797A701960129
:1018B000C301B2010F94A33F87FF1AC0A70196018D
:1018C000C301B2010F9430457B018C019101289630
:1018D0004FAD28972C965FAD2C970F94A33F87FFB1
:1018E00007C0170128960FAF28972C961FAF2C978B
:1018F00023960EAD1FAD2397AB962EAD3FADAB97A4
:101900000217130709F09DCF20E030E040E85FE3C5
:10191000B10128968FAD28972C969FAD2C970F94E8
:10192000A33F87FF6CC06D96CEACDFAC6D9730E106
:10193000C30ED11C6D96EEACFFAC6D97D7016D91C7
:101940007D918D919D917D018D0104501109910131
:1019500028964FAD28972C965FAD2C970F94094091
:10196000F8016083718382839383CE14DF0431F79F
:1019700027E525960EAD1FAD2597209FC001219F1D
:10198000900D11249C012357344F790189010F5B7D
:101990001F4FE5966CAD7DAD8EAD9FADE5970F9475
:1019A000A83F910128964FAD28972C965FAD2C97B4
:1019B0000F9409400F94A945D8016D937D938D93A1
:1019C0009C931397910128964FAD28972C965FAD65
:1019D0002C97B10128968FAD28972C969FAD2C9708
:1019E0000F940940E1962CAD3DAD4EAD5FADE19752
:1019F0000F940940F7016183728383839483A396D4
:101A00002CAD3DAD4EAD5FADA397A7966CAD7DAD52
:101A10008EAD9FADA7970F9409402B966CAF7DAF0D
:101A20008EAF9FAF2B9787E525962EAD3FAD2597BF
:101A3000829F8001839F100D11240357144FD801FA
:101A400055968D909D90AD90BC90589781149104BF
:101A5000A104B10409F009C659968D919D910D908C
:101A6000BC91A02D892B8A2B8B2B09F0FEC5F80188
:101A7000858D968DA78DB0A1892B8A2B8B2B09F094
:101A8000F4C5209143133091441340914513509174
:101A900046132B966CAD7DAD8EAD9FAD2B970F94FD
:101AA00009400F9414450F94A9452B013C01D8011E
:101AB000D6961C9287E525962EAD3FAD2597829F41
:101AC0008001839F100D11240357144FF801E35B2D
:101AD000FF4F4082518262827382C301B2010F9430
:101AE000A83F6B017C012B962CAD3DAD4EAD5FAD9B
:101AF0002B970F943045A3966CAF7DAF8EAF9FAF01
:101B0000A397D80151966D937D938D939C93549791
:101B10002DEB37E346E051E4C701B6010F940940CD
:101B20000F94A945F80161AB72AB83AB94AB86A966
:101B3000882381F1FD96208131814281538160911A
:101B4000890B70918A0B80918B0B90918C0B0F9469
:101B50000940A3962CAD3DAD4EAD5FADA3970F945C
:101B6000094020912B1330912C1340912D1350914B
:101B70002E130F9409409B01AC0160E074E284EFE6
:101B800099E40F9430450F94A945D801D8967C93D9
:101B90006E93D79787E525960EAD1FAD2597809F4D
:101BA000F001819FF00D1124E357F44F2181328120
:101BB00043815481AD962CAF3DAF4EAF5FAFAD9733
:101BC000CA01B9010F94E446162F072F382E292E8B
:101BD00042E65BE0AF965FAF4EAFAF976D966EACEF
:101BE0007FAC6D9750E1650E711C82E69BE0A59677
:101BF0009FAF8EAFA5976D964EAC5FAC6D97289654
:101C00001FAF289760960FAF60972C963FAE2C972A
:101C100064962FAE649768961FAE6897D201CD90F8
:101C2000DD90ED90FD902D0120E030E0A901C7018D
:101C3000B6010F94964687FF04C0F7FAF094F7F8C0
:101C4000F094A596EEADFFADA59781909190A190EF
:101C5000B190A596FFAFEEAFA597A7019601C5017C
:101C6000B4010F94A33F87FF3BC06896FFAD689710
:101C7000FF2311F40D949416A5019401612F702F88
:101C8000832D922D0F9409404B015C0128962FADB6
:101C9000289760963FAD60972C964FAD2C97649631
:101CA0005FAD6497C701B6010F9409409B01AC0179
:101CB000C501B4010F94A33F87FF12C0A70196018D
:101CC000C501B4010F94304528966FAF28976096F0
:101CD0007FAF60972C968FAF2C9764969FAF6497D9
:101CE0006414750409F09ACFA8963FADA8973323E2
:101CF00011F40D94ED16C090CE17D090CF17E09050
:101D0000D017F090D1172DEB37E346E855E3C70124
:101D1000B6010F94A33F87FF02C00D94ED16C701D3
:101D2000B6010F94E4466B017C019B01AC01612F6D
:101D3000702F832D922D0F94A33F87FD04C01C2D7F
:101D40000D2D3E2C2F2C9601A701612F702F832D76
:101D5000922D0F943045A7966CAF7DAF8EAF9FAF9D
:101D6000A79742ED57E1A9965FAF4EAFA997412CD7
:101D7000512C20E8622E2FE3722E68961FAE6897D2
:101D8000A996AEADBFADA9972D913D914D915D91B5
:101D9000A996BFAFAEAFA997A7966CAD7DAD8EAD3E
:101DA0009FADA7970F9409404B015C016D96EEAD76
:101DB000FFAD6D97C190D190E190F1906D96FFAF1E
:101DC000EEAF6D976896FFAD6897FF2371F0A301A2
:101DD00092010F9409404B015C01A3019201C701DC
:101DE000B6010F9409406B017C01A7019601C50162
:101DF000B4010F94964620E030E0A90118160CF0CB
:101E0000CBC7C701B6010F94964618164CF020E0D8
:101E100030E0A901C501B4010F94A33F87FFACC70F
:101E2000A7019601C501B4010F9435446B017C01F3
:101E3000AF96AEADBFADAF978D909D90AD90BD907C
:101E4000AF96BFAFAEAFAF97A7019601C501B40182
:101E50000F94A33F87FF15C0A7019601C501B401E8
:101E60000F9430459B01AC01C301B2010F940940AE
:101E70002B013C016896BFAD6897BF5F6896BFAF06
:101E80006897E2EEF7E1A9962EAD3FADA997E2176C
:101E9000F30709F075CF68963FAD6897332361F07B
:101EA000A3019201612F702F832D922D0F94094071
:101EB000162F072F382E292E24EA30E74DE75FE34F
:101EC000612F702F832D922D0F9409406B017C019F
:101ED00020915717309158174091591750915A1720
:101EE0000F94A33F87FF12C028962FAD28976096C6
:101EF0003FAD60972C964FAD2C9764965FAD64977D
:101F0000C701B6010F94A33F87FD67C728968FAD21
:101F1000289760969FAD60972C96AFAD2C976496EE
:101F2000BFAD64978093571790935817A093591794
:101F3000B0935A1797E5D92E25964EAD5FAD2597EC
:101F4000D49EC001D59E900D1124DC01A357B44F3F
:101F50007D01212F302F432D522D612F702F832D86
:101F6000922D0F940940F7016187728783879487C8
:101F7000EE96FFADEE97FD9D800111240357144F9F
:101F8000A3966CAD7DAD8EAD9FADA39790589B0190
:101F9000AC010F943644D8011D962D913D914D9181
:101FA0005C9150970F9409409B01AC016BE077ED79
:101FB00083E29BE30F9435449B01AC018BE097EDEA
:101FC000A3E2BBE3F70185839683A783B0871081E3
:101FD000AD966CAD7DAD8EAD9FADAD970F94A33F2B
:101FE00018160CF407C783E0182B87E525962EAD4D
:101FF0003FAD2597829FF001839FF00D1124E35799
:10200000F44F108380E1FE013196A2EDB7E101901B
:102010000D928A95E1F7AD968CAD9DADAEADBFAD9D
:10202000AD978093CE179093CF17A093D017B0930E
:10203000D11780E1FE01F196AFEAB4E101900D9273
:102040008A95E1F780E1FE01B196AFE9B4E1019034
:102050000D928A95E1F790919D1480919E149813AA
:1020600003C084E680939A14EF968FADEF978F5F4D
:102070008F7080939D1480919D1490919C14815039
:102080008F70891709F470C710919D1420909C14CB
:1020900080919D14281609F4CCC611501F70D12CC4
:1020A000C12C121509F4C5C6812E912C97E5989D77
:1020B000F001999DF00D1124E357F44F808183FDC9
:1020C000B3C62596FFAFEEAF2597B1840285A384F2
:1020D00034844580568067807084A30192016B2D03
:1020E000702F8A2D932D0F94A33F811108C0C11426
:1020F000D10409F47BC0F601808180FF77C027E519
:10210000289DF001299DF00D1124E357F44F8081A3
:1021100081FD47C0C114D10409F473C6D6011596D8
:10212000CD90DD90ED90FC901897B7E5B89DF0014B
:10213000B99DF00D1124E357F44F618972898389A9
:10214000948990589B01AC010F9436442596EEADCE
:10215000FFAD259725853685478550890F94094021
:102160009B01AC01C701B6010F943544D62EC72E92
:1021700028968FAF289760969FAF6097262F372FAE
:10218000AC016B2D702F8A2D932D0F94A33F87FDEB
:1021900008C0BD2C0C2D2896AFAC289760963FAC9C
:1021A00060972B2D302F4A2D532DC301B2010F9470
:1021B000A33F8823D9F0F7E5F89DC001F99D900D64
:1021C00011249C012357344F6901D9018C918160FE
:1021D0008C9325968EAD9FAD25970E949FD1882325
:1021E00009F418C6F60180818E7F808311501F701C
:1021F000822D20909C14281609F4FEC5181709F4A6
:1022000018C68F5F8F70F5CFC701B6010D94F8081F
:10221000D101CD90DD90ED90FC9020E030E0A9015F
:10222000C701B6010F94A33F882309F4A0C187E535
:1022300025962EAD3FAD2597829FF001839FF00D2F
:102240001124E357F44FC586D686E786F08A80913D
:102250005617012F08272B962CAD3DAD4EAD5FAD27
:102260002B97232B242B252B09F40E7F452846285A
:10227000472809F40D7F2F962CAD3DAD4EAD5FADD7
:102280002F97232B242B252B09F40B7F802780935A
:10229000561760914D0B662309F4F1C870E090E089
:1022A00080E00F94A83F20E030E04FE753E40F9424
:1022B00030452F966CAF7DAF8EAF9FAF2F9780913B
:1022C000720290917302A0917402B0917502E1962E
:1022D0008CAF9DAFAEAFBFAFE197A1E4BBE0E3969B
:1022E000BFAFAEAFE397EAE4F7E12996FFAFEEAFF9
:1022F000299787E5EE963FADEE97389F9001112420
:10230000E7963FAF2EAFE797312C212CC12CD12C73
:102310007601212F30E050E040E0ED962CAF3DAF4C
:102320004EAF5FAFED97202F30E050E040E0C15856
:10233000DF4F288339834A835B83CF57D04025966C
:102340000EAD1FAD2597809F9001819F300D112408
:1023500089010656144FCD57DF4F19830883C358A0
:10236000D0402F962CAD3DAD4EAD5FAD2F97505860
:102370006F962CAF3DAF4EAF5FAF6F97E396AEADAC
:10238000BFADE3978D909D90AD90BD90E396BFAFAC
:10239000AEAFE39720E030E0A901C501B4010F948E
:1023A000A33F882309F4CFC0ED962CAD3DAD4EADD3
:1023B0005FADED97022C04C056954795379527954C
:1023C0000A94D2F7A7962CAF3DAF4EAF5FAFA79759
:1023D000C158DF4F88819981AA81BB81CF57D040F6
:1023E000022C04C0B695A795979587950A94D2F7C5
:1023F00080FF42C02996AEADBFAD29976D917D910A
:102400008D919C910F94AA3F2B013C01A496BFADE6
:10241000A497B0FFE9C06C967FAD6C976D966FADD9
:102420006D976E969FAD6E976F968FAD6F9781018A
:10243000000F111F000F111F055F1C4E272F362F95
:10244000492F582FC501B4010F940940F801248980
:102450003589468957890F940940A30192010F9449
:1024600036440F94A2452996AEADBFAD29976D9322
:102470007D938D939C9313972996EEADFFAD29978D
:1024800080809180A280B38081149104A104B10462
:1024900009F459C020E030E0A901E1966CAD7DADB2
:1024A0008EAD9FADE1970F94A33F882309F4A9C097
:1024B000A4968FADA4978170B501A401442777FD40
:1024C000439555276627772784133DC020E030E0E9
:1024D000A901C701B6010F94A33F811122C0E19663
:1024E0002CAD3DAD4EAD5FADE197CD57DF4FA8812F
:1024F000B981C358D0406D917D918D919C910F947D
:1025000030456B017C0120E030E040E85FE30F9450
:102510009646181634F4C12CD12C50E8E52E5FE312
:10252000F52EC501B4010F94AA3FA70196010F949F
:1025300009400F9414450F94A2456115710581055A
:10254000910509F060C0BFEF2B1A3B0A29960EAD2A
:102550001FAD29970C5F1F4F29961FAF0EAF29970C
:1025600013E02116310409F009CF0D943F0AE596D6
:102570002CAD3DAD4EAD5FADE597CA01B9010F94ED
:1025800009406B017C01E9962CAD3DAD4EAD5FADD0
:10259000E997CA01B9010F9409409B01AC01C70139
:1025A000B6010F9436446B017C01A5019401C5016D
:1025B000B4010F9409409B01AC01C701B6010F940F
:1025C00036440F94E44627E525964EAD5FAD25973A
:1025D000249FF001259FF00D1124E357F44F6587E8
:1025E00076878787908B33CE2C967FAD2C972D9650
:1025F0006FAD2D972E969FAD2E972F968FAD2F975F
:1026000016CFC501B401F101EE0FFF1FEE0FFF1F42
:10261000E7960EAD1FADE797E00FF11FE357F44FBC
:102620002B013C0197FF07C0442455243201461A70
:10263000570A680A790A058916892789308D040D99
:10264000151D261D371D058B168B278B308F861A7F
:10265000970AA80AB90A2996AEADBFAD29978D92FF
:102660009D92AD92BC9213976ECF67960CAD1DAD47
:102670002EAD3FAD6797012B022B032B09F448C108
:1026800020913F13309140134091411350914213D8
:102690002B966CAD7DAD8EAD9FAD2B970F94094001
:1026A0000F9414450F94A9452B013C0167962CAD5E
:1026B0003DAD4EAD5FAD6797232B242B252B19F134
:1026C0008091890B90918A0BA0918B0BB0918C0B10
:1026D0002F968CAF9DAFAEAFBFAF2F9720E030E00D
:1026E000A901BC01CD010F94A33F882361F063963B
:1026F0000CAD1DAD2EAD3FAD639710161106120641
:1027000013060CF40EC187E525960EAD1FAD259777
:10271000809FF001819FF00D1124E357F44F16AA1A
:1027200080915E0B90915F0BA091600BB091610B5B
:102730006B960CAD1DAD2EAD3FAD6B97801791071D
:10274000A207B30708F4C0C181149104A104B10425
:1027500021F160914E0B70914F0B8091500B909135
:10276000510B6415750586059705B8F4A901980104
:102770000F9486436B017C01A5019401C301B20152
:102780000F948643C616D706E806F90630F4C7014B
:10279000B6010F94964329013A0187E525960EADBF
:1027A0001FAD2597809FF001819FF00D1124E35705
:1027B000F44FC18CD28CE38CF48CC114D104E104AD
:1027C000F10441F16091520B7091530B8091540BC5
:1027D0009091550B6415750586059705D8F46B9691
:1027E0002CAD3DAD4EAD5FAD6B970F9486434B0165
:1027F0005C01A7019601C301B2010F9486438616BE
:102800009706A806B90630F4C501B4010F949643A3
:1028100029013A0187E525960EAD1FAD2597809FCA
:10282000F001819FF00D1124E357F44FC58CD68C35
:10283000E78CF0A0C114D104E104F10441F16091EE
:10284000560B7091570B8091580B9091590B641552
:10285000750586059705D8F46B962CAD3DAD4EAD4C
:102860005FAD6B970F9486434B015C01A701960106
:10287000C301B2010F94864386169706A806B906CF
:1028800030F4C501B4010F94964329013A0187E55C
:1028900025960EAD1FAD2597809FF001819FF00D0D
:1028A0001124E357F44FC1A0D2A0E3A0F4A0C114B7
:1028B000D104E104F10409F4FDC860915A0B709150
:1028C0005B0B80915C0B90915D0B64157505860523
:1028D000970508F0EFC86B962CAD3DAD4EAD5FADE2
:1028E0006B970F9486434B015C01A7019601C301CE
:1028F000B2010F94864386169706A806B90608F01B
:10290000D9C8C501B4010F94964329013A01D2C830
:1029100020914713309148134091491350914A1325
:10292000B7CE87E525962EAD3FAD2597829F8001D6
:10293000839F100D11240357144F81E0D801D696C0
:102940008C9320919F143091A0144091A114509128
:10295000A21469A17AA18BA19CA10F94354463961E
:102960006CAF7DAF8EAF9FAF63972091A314309172
:10297000A4144091A5145091A6146DA17EA18FA11D
:1029800098A50F94354467966CAF7DAF8EAF9FAF1F
:1029900067972091A7143091A8144091A9145091E1
:1029A000AA1469A57AA58BA59CA50F9435446B0143
:1029B0007C0163962CAD3DAD4EAD5FAD6397CA0112
:1029C000B9010F94094063966CAF7DAF8EAF9FAF96
:1029D000639767962CAD3DAD4EAD5FAD6797CA016D
:1029E000B9010F9409409B01AC0163966CAD7DADBC
:1029F0008EAD9FAD63970F94364463966CAF7DAFF9
:102A00008EAF9FAF6397A7019601C701B6010F94E0
:102A100009409B01AC0163966CAD7DAD8EAD9FAD61
:102A200063970F9436440F94E4466B017C01209128
:102A3000AB143091AC144091AD145091AE146DA50F
:102A40007EA58FA598A90F943544A70196010F94F0
:102A500030456B017C01F801FD96C082D182E28293
:102A6000F38220E030E040E450E40F9496461816DC
:102A700014F4F80154CEA70196012F966CAD7DADEC
:102A80008EAD9FAD2F970F9409409B01AC016091D3
:102A90006E0B70916F0B8091700B9091710B0F9476
:102AA00030452B962CAD3DAD4EAD5FAD2B970F94C1
:102AB00009400F94A945641575058605970508F02A
:102AC0002FCE2B013C012CCE81149104A104B10422
:102AD000C9F160914E0B70914F0B8091500B90910A
:102AE000510B641575058605970560F50F94A83F91
:102AF000A3962CAD3DAD4EAD5FADA3970F940940AD
:102B00006B017C01C501B4010F94A83F4B015C012E
:102B1000C301B2010F94A83FA50194010F9409408D
:102B20009B01AC01C701B6010F94A33F87FF0AC008
:102B3000A5019401C701B6010F9430450F94A94532
:102B40002B013C0187E525960EAD1FAD2597809F93
:102B5000F001819FF00D1124E357F44F818C928C8A
:102B6000A38CB48C81149104A104B104C9F16091C7
:102B7000520B7091530B8091540B9091550B64152F
:102B800075058605970560F50F94A83FA3962CADB3
:102B90003DAD4EAD5FADA3970F9409406B017C0135
:102BA000C501B4010F94A83F4B015C01C301B20100
:102BB0000F94A83FA50194010F9409409B01AC011B
:102BC000C701B6010F94A33F87FF0AC0A501940176
:102BD000C701B6010F9430450F94A9452B013C0164
:102BE00087E525960EAD1FAD2597809FF001819F4B
:102BF000F00D1124E357F44F858C968CA78CB0A070
:102C000081149104A104B104C9F16091560B709133
:102C1000570B8091580B9091590B641575058605DB
:102C2000970560F50F94A83FA3962CAD3DAD4EAD32
:102C30005FADA3970F9409406B017C01C501B401FE
:102C40000F94A83F4B015C01C301B2010F94A83F50
:102C5000A50194010F9409409B01AC01C701B60185
:102C60000F94A33F87FF0AC0A5019401C701B601D5
:102C70000F9430450F94A9452B013C0187E525961B
:102C80000EAD1FAD2597809FF001819FF00D11249F
:102C9000E357F44F81A092A0A3A0B4A081149104A3
:102CA000A104B10411F40D945A0D60915A0B709166
:102CB0005B0B80915C0B90915D0B6415750586052F
:102CC000970510F00D945A0D0F94A83FA3962CADC4
:102CD0003DAD4EAD5FADA3970F9409406B017C01F4
:102CE000C501B4010F94A83F4B015C01C301B201BF
:102CF0000F94A83FA50194010F9409409B01AC01DA
:102D0000C701B6010F94A33F87FD02C00D945A0D71
:102D1000A5019401C701B6010F9430450F94A94550
:102D20002B013C010D945A0DA7019601C501B40178
:102D30000F9430459B01AC0128966FAD28976096A3
:102D40007FAD60972C968FAD2C9764969FAD64975E
:102D50000F94094028966FAF289760967FAF6097D1
:102D60002C968FAF2C9764969FAF649721E068965E
:102D70002FAF68970D94700EF7FAF094F7F8F0946F
:102D8000A7019601C501B4010F94964618160CF0E0
:102D90004FC8750164014CC8C701B6010F94A33F29
:102DA00087FD09C020E030E0A901C501B4010F94FE
:102DB000964618162CF4A5019401C701B60134C833
:102DC000B7FAB094B7F8B094A5019401C701B60161
:102DD0000F94A33F87FF2CC8DCCF28961FAD289700
:102DE00060960FAD60972C963FAC2C9764962FACF5
:102DF00064978CC881E0F8C82596CEACDFAC2597E7
:102E000050C98BE0C82E87EDD82E83E2E82E8BE3E5
:102E1000F82E8BC98B2D902FAA2DB32DF60185830B
:102E20009683A783B087E2C92596DFAECEAE2597FD
:102E3000DDC910919C14D12CC12C07E580919D1403
:102E4000811709F491C0812E912C089DC001099D24
:102E5000900D11249C012357344F1901D9018C91F5
:102E6000560183FD75C05901C114D10409F470C025
:102E7000C6010E949FD181116BC0F601808181FD46
:102E800052C0D10115964D905D906D907C90189731
:102E9000D60115962D913D914D915C9118972796ED
:102EA0002CAF3DAF4EAF5FAF2797A301920127969E
:102EB0006CAD7DAD8EAD9FAD27970F94A33F87FF7F
:102EC00032C0F601618972898389948990589B0187
:102ED000AC010F943644D6011D962D913D914D9134
:102EE0005C9150970F9409409B01AC0127966CAD03
:102EF0007DAD8EAD9FAD27970F9435446B017C015E
:102F0000A30192010F94A33F87FF0DC0F1018081BF
:102F100081608083C5010E949FD18823E9F0D1019F
:102F20008C918E7F8C93089DF001099DF00D1124EA
:102F3000E357F44F21853285438554856581768139
:102F4000878190850F94A33F811102C010939C1438
:102F50001F5F1F70650172CFF101C582D682E782C3
:102F6000F08610939C14DFCFD0909E1480909D1417
:102F700027E5D81409F4C8C08FEF880D8F70289FFB
:102F8000F0011124E357F44F908193FDBBC0312C25
:102F9000212C24961FAE249728961FAE289710E068
:102FA00000E0F12CE12CD81409F4C5C0F7E5DF9E50
:102FB000800111240357144FD8018C9183FDA6C0C2
:102FC00015966D917D918D919C9118970F94E44683
:102FD000B62EC72EA82E992EE114F10409F490C044
:102FE000F701808180FD04C0D8018C9180FF88C0EA
:102FF000F701808181608083C7010E949FD1811188
:103000007BC0D70111966D917D918D919C91149704
:103010000F94E44663966CAF7DAF8EAF9FAF63971E
:103020009B01AC0160E070E080E89FE30F943045C5
:103030002B013C01AC019B016B2D7C2D8A2D992D20
:103040000F94094069837A838B839C83232D322DCF
:1030500024964FAD249728965FAD2897C301B201FF
:103060000F940940698B7A8B8B8B9C8BAE014F5FE1
:103070005F4FBE016F5E7F4FC7010E9490DDF70179
:1030800086A98823C9F12091890B30918A0B409140
:103090008B0B50918C0BFD966081718182819381A5
:1030A0000F94094020912B1330912C1340912D1334
:1030B00050912E130F9409402B013C01AC019B0150
:1030C00063966CAD7DAD8EAD9FAD63970F94094057
:1030D0000F94A945D701DA967C936E93D997A301F3
:1030E00092016B2D7C2D8A2D992D0F9409400F9400
:1030F000A945F70174AF63AFD7018C918E7F8C9394
:1031000078010CC0882E35CF8D2C41CFB32CC22C2A
:103110002496AFAC249728969FAC2897D394BD2DC6
:10312000BF70DB2E3B2C2C2C2496AFAE2497289618
:103130009FAE289738CF0115110509F47EC0F8011C
:10314000808181608083C7010E949FD1811171C0FD
:10315000D80111966D917D918D919C9114970F944A
:10316000E4466B017C01AC019B0160E070E080E80B
:103170009FE30F9430454B015C012DEC3CEC4CE49B
:103180005DE30F94094069837A838B839C83A50157
:103190009401632D722D24968FAD249728969FADB0
:1031A00028970F940940698B7A8B8B8B9C8BAE018F
:1031B0004F5F5F4FBE016F5E7F4FC8010E9490DD81
:1031C000F80186A98823A9F12091890B30918A0BF7
:1031D00040918B0B50918C0BFD96608171818281A7
:1031E00093810F94094020912B1330912C1340911F
:1031F0002D1350912E130F9409404B015C01AC012B
:103200009B01C701B6010F9409400F94A945D8014D
:10321000DA967C936E93D9972DEC3CEC4CE45DE30D
:10322000C501B4010F9409400F94A945F80174AF8A
:1032300063AFD8018C918E7F8C9380916F008260F8
:1032400080936F0081E0CC57DF4F0FB6F894DEBF5C
:103250000FBECDBFDF91CF911F910F91FF90EF90E7
:10326000DF90CF90BF90AF909F908F907F906F90A6
:103270005F904F903F902F90089580E0E4CFE090D2
:103280004F13F090501300915113109152130D945D
:10329000EB0ACF92DF92EF92FF920F931F93CF939F
:1032A000DF93CDB7DEB764970FB6F894DEBF0FBEDD
:1032B000CDBFC98ADA8AEB8AFC8AFC0180819181C0
:1032C000A281B38189839A83AB83BC83FB01808114
:1032D0009181A281B3818D839E83AF83B887FA01E8
:1032E00080819181A281B38189879A87AB87BC87CE
:1032F000F90180819181A281B3818D879E87AF87FB
:10330000B88B8091400B882351F0AE01475F5F4F2F
:10331000BE016B5F7F4FCE0101960E94BBDA8091A8
:10332000FD109091FE10892BF1F4CE0141967C01A5
:103330009E01235F3F4FAE01475F5F4FBE016B5F52
:103340007F4F40970F94B10664960FB6F894DEBF96
:103350000FBECDBFDF91CF911F910F91FF90EF90E6
:10336000DF90CF90089580E0EFCFCF93DF93CDB77C
:10337000DEB760970FB6F894DEBF0FBECDBF809169
:10338000620290916302A0916402B0916502898308
:103390009A83AB83BC838091660290916702A0916F
:1033A0006802B09169028D839E83AF83B887809154
:1033B0006A0290916B02A0916C02B0916D028987B4
:1033C0009A87AB87BC8780916E0290916F02A09123
:1033D0007002B09171028D879E87AF87B88B809104
:1033E000400B882351F0AE01475F5F4FBE016B5F1A
:1033F0007F4FCE0101960E94BBDA9E01235F3F4FB3
:10340000AE01475F5F4FBE016B5F7F4FCE010196FC
:103410000E9403DC60960FB6F894DEBF0FBECDBFEE
:10342000DF91CF91089567FD07C08230B1F1A8F414
:10343000882309F1813039F147FD22C0823009F437
:1034400052C008F03EC0882309F445C08130C1F461
:10345000442309F446C0A29A0895833041F1843090
:1034600059F780910801611180958270809306015F
:1034700047FF2BC00895662321F0A19A47FF2BC078
:103480000895A198FBCF8091080161118095807803
:103490008093060147FFDCCF0895809108016111F8
:1034A000809580748093060147FF1DC00895809128
:1034B00008016111809588708093060147FF1BC049
:1034C00008958330C1F08430D9F68091080141110C
:1034D000809584700DC0442311F0A09A0895A0989F
:1034E0000895A298089580910801411180958072F5
:1034F00080930601089580910801411180958071A3
:10350000F7CFCF93DF93CDB7DEB780919D138111B5
:1035100010C09E01275F3F4F4F81588562E470E0E5
:103520008AE593E10F946A3F1092591383E08093E8
:103530007C02DF91CF91089589ED93E10E9496C5B9
:1035400089ED93E10E94CBC580913A168D7F8E7FE5
:1035500080933A161092361610923716109238163B
:103560001092391681E08093201508950E945886A4
:1035700060913E0B70913F0B8EE99BE30E94F784B4
:103580008BE99BE30C9466842F923F924F925F925B
:103590006F927F928F929F92AF92BF92CF92DF9263
:1035A000EF92FF920F931F93CF93DF93CDB7DEB7C8
:1035B00060970FB6F894DEBF0FBECDBF9F878E8792
:1035C0001B01488B2987FB01C080D180E280F380FA
:1035D00020E030E048E352E4C701B6010F943644DE
:1035E0006A877B878C879D8724E330E040EB51EC32
:1035F0000F94964687FDCAC123E030E846E953E4BC
:103600006A857B858C859D850F94A33F18160CF4E5
:10361000BDC1EE85FF85408051806280738020E0CF
:1036200030E040E850E4C301B2010F9436444B014E
:103630005C0124E330E040EA51EC0F94964687FDAC
:10364000A5C123E030E046E953E4C501B4010F947D
:10365000A33F18160CF49AC127E93FEF4FE151E45C
:10366000C301B2010F94964687FD90C123E030E07C
:1036700047E853E4C301B2010F94A33F18160CF4BA
:1036800085C127E93FEF4FE151E4C701B6010F942F
:10369000964687FD7BC127E030E045E753E4C7014C
:1036A000B6010F94A33F18160CF470C1E0906A02A3
:1036B000F0906B0200916C0210916D0240905E02DE
:1036C00050905F02609060027090610280915A0297
:1036D00090915B02A0915C02B0915D0280935E02CA
:1036E00090935F02A0936002B093610219821A82E4
:1036F0001B821C82CE0101966C012A853B854C857C
:103700005D85C501B4010E9467E381E00E94AEE5DA
:10371000811143C18091380B812C912C30E2A32E72
:1037200031ECB32E82FF10C02091390B30913A0B4F
:1037300040913B0B50913C0B60E070E080EA90ECD4
:103740000F9435444B015C0120E030E040E051E44F
:10375000C501B4010E94F8E4882309F444C060E084
:1037600070E080EC9FE72091390B30913A0B40914B
:103770003B0B50913C0B0F9436446B017C019889B4
:10378000923009F080C080E090E0A0E0B1E489834D
:103790009A83AB83BC8320E030E040EA50E4609140
:1037A0006A0270916B0280916C0290916D020F948D
:1037B00036446D837E838F839887BE016F5F7F4F12
:1037C000CE0105960E944AE4F985F33008F4A5C0BD
:1037D0000BE913E0F80181918F01882309F470C08F
:1037E0000E941584F7CFC0906A02D0906B02E090DF
:1037F0006C02F0906D0280E090E0A0E0B1E489837B
:103800009A83AB83BC8320E030E040EA50E4C701F8
:10381000B6010F9436446D837E838F839887BE01F3
:103820006F5F7F4FCE0105960E944AE420E030E0B2
:1038300040E85FE3C501B4010E94F8E481118FCF35
:1038400020E030E040E450E460916A0270916B0245
:1038500080916C0290916D020F9409404B015C01C4
:10386000A7019601C701B6010F9436449B01AC0134
:10387000C501B4010F9436442DEC3CEC4CE45EE3FE
:103880000F94094070CFE889E13009F09DCF80E0C6
:103890000E94AEE5882309F497CF8985833008F02C
:1038A00080C040925E0250925F026092600270920D
:1038B0006102C12CD12C80ECE82E8FE7F82E3DC0A0
:1038C000EE85FF85608171818281938143E00E9452
:1038D000818A03EA13E0F80181918F01882319F0AE
:1038E0000E941584F8CFF1016081718182819381FA
:1038F00043E00E94818A08EA13E0F80181918F0178
:10390000882319F00E941584F8CF43E0C701B6015F
:103910000E94818A8AE00E94158440925E02509241
:103920005F026092600270926102A7019601C70176
:10393000B6010F942847882371F080E00E94AEE51D
:1039400060E08AE89BE30E9420350E940A8588E7B0
:103950009BE30E946684C701B60160960FB6F89497
:10396000DEBF0FBECDBFDF91CF911F910F91FF90B2
:10397000EF90DF90CF90BF90AF909F908F907F900F
:103980006F905F904F903F902F900895C12CD12C55
:1039900020ECE22E2FE7F22EDECFF985F33008F48B
:1039A00080CFC12CD12C90ECE92E9FE7F92E10CFBF
:1039B0008F929F92AF92BF920F931F93CF93DF93FB
:1039C000CDB7DEB7A1970FB6F894DEBF0FBECDBF5F
:1039D00019A2423008F44AE08E010F5D1F4F842E79
:1039E000912CB12CA12CA50194010F949643E62FA4
:1039F000B901CA01EA3044F5E05DD801EE938D01CA
:103A0000232B242B252B79F790E080E0109769F089
:103A1000FD0101900020E9F73197AF014A1B5B0BD4
:103A2000BD018DED94E10E94B3FFA1960FB6F8940D
:103A3000DEBF0FBECDBFDF91CF911F910F91BF9021
:103A4000AF909F908F900895E95CD7CF0F931F930D
:103A5000CF93DF938B01C42F622F0E944A78882373
:103A600071F1CC23E1F0C8010E94056B25E130E043
:103A7000A901481B5109CA0157FD019695958795E3
:103A8000C0E8DFE7D80F8D2F8C0F87FD09C060E2FB
:103A900070E080E090E00E94F378C150F4CFC0E87D
:103AA0006C2F70E0C8010E945E79C81BC73038F0E7
:103AB00060E270E080E090E00E94F378F6CFDF9162
:103AC000CF911F910F9108950F931F93CF93DF9381
:103AD000982F862F8A01D22F692F0E944A78882337
:103AE00041F162E770E0C8010E945E79C2E7C81B3D
:103AF000C73038F060E270E080E090E00E94F37838
:103B0000F6CF8091370B9AE790931815809319158B
:103B10006D2FDD0F770B880B990B0E94F37860E215
:103B200070E080E090E0DF91CF911F910F910C94B5
:103B3000F378DF91CF911F910F9108951F93CF9349
:103B4000DF93D82FC62F142F682F8C2F0E944A780E
:103B5000882309F448C0112331F062E070E080E06E
:103B600090E00E94F3788091F50A81112CC088EED4
:103B70009AE068E770E00E94B979C8E7C81BC730CF
:103B800090F160E270E080E090E00E94F378F6CF80
:103B900080914917C81789F0C093491785EF9AE0BB
:103BA0000E94276B8451990B97FD80E08093E70A70
:103BB0001092E60A88E0809359028091E60A90E02C
:103BC0008B50954FD6CF85EF9AE0DD2391F28DE0B3
:103BD0008150F0F2CC0FC11DE82FF0E0E851F54F15
:103BE0009081C927F5CFDF91CF911F910895CF9391
:103BF000C82F0E94CC648091E50A8093E20A87E393
:103C00008093E30A86E08093E40A6AE070E088EE3D
:103C100093E00E94E7348091E10A81508093E10AA9
:103C2000882361F01092E00AC093DD0A1092E50A41
:103C30001092AF131092AE13CF9108951092DD0A37
:103C4000FBCF8F929F92AF92BF92CF92DF92EF9273
:103C5000FF92CF93FC01C080D180E280F38020E00E
:103C600030E44CE156E4C701B6010F9409404B0122
:103C70005C0120E030E0A901C701B6010F94A33F29
:103C800020E030E040EA50E487FF04C020E030E06C
:103C900040EA50ECC501B4010F94364420E030E016
:103CA00040E251E40F9430450F94A2456B017C0132
:103CB000C114D104E104F10409F456C0F7FE54C064
:103CC000F094E094D094C094C11CD11CE11CF11C70
:103CD0008DE28093D60AC701B60128EE33E040E0BA
:103CE00050E00F94B8438AE0882E912CA12CB12C7F
:103CF000CA01B901A50194010F94B843605D6093B6
:103D0000D70A8EE28093D80AC701B60124E630E0D4
:103D100040E050E00F94B843CA01B901A5019401F5
:103D20000F94B843605D6093D90AC701B601A5013D
:103D300094010F94B843C62FCA01B901A50194019B
:103D40000F94B843605D6093DA0AC05DC093DB0AEC
:103D500086ED9AE0CF91FF90EF90DF90CF90BF90EB
:103D6000AF909F908F90089580E2B3CF2F923F92B3
:103D70004F925F926F927F928F929F92AF92BF927B
:103D8000CF92DF92EF92FF920F931F93CF93DF9327
:103D90001C01EB017901BA01550F880B990B0F94A7
:103DA000AA3F4B015C0120E030E040E057EC0F946B
:103DB000964618162CF0812C912CA12C97ECB92E3C
:103DC000C501B4010F94A2452B013C01B701FF0CC2
:103DD000880B990B0F94AA3F6B017C0120E03EEF0A
:103DE0004FEF56E40F94A33F87FD07C0C12C8EEF21
:103DF000D82EEE24EA9486E4F82E68817981072E85
:103E0000000C880B990B0F94AA3F4B015C01C30176
:103E1000B2010F94AA3F9B01AC01C501B4010F94FC
:103E200035440F94A9454B01C701B6010F94A24533
:103E30006B017C01C418D508E608F7080E94A63873
:103E400083E080937C023092D40A2092D30AD093EC
:103E5000D20AC093D10A4092CD0A5092CE0A609203
:103E6000CF0A7092D00AC092C90AD092CA0AE092D0
:103E7000CB0AF092CC0A9092AF138092AE1385E5F4
:103E800098E59093DC148093DB141093C80A009398
:103E9000C70A1092C60ADF91CF911F910F91FF9030
:103EA000EF90DF90CF90BF90AF909F908F907F90DA
:103EB0006F905F904F903F902F9008952F923F9278
:103EC0004F925F926F927F928F929F92AF92BF922A
:103ED000CF92DF92EF92FF920F931F93CF93DF93D6
:103EE00000D000D0CDB7DEB71C017E836D834901C1
:103EF0005A0127013801860120E030E040E057EC0C
:103F0000C501B4010F94964618162CF0812C912C03
:103F1000A12C97ECB92EC501B4010F94A2454B0119
:103F20005C0120E03EEF4FEF56E4C301B2010F9475
:103F3000A33F87FD07C0412C8EEF582E66246A945C
:103F400086E4782EC501B4010F94AA3F9B01AC0111
:103F5000ED81FE8160817181828193810F9435446E
:103F60000F94A94569837A838B839C83C301B20133
:103F70000F94A2456B017C01C818D908EA08FB0818
:103F80000E94A63883E080937C023092D40A20926B
:103F9000D30A8D819E819093D20A8093D10A809218
:103FA000CD0A9092CE0AA092CF0AB092D00AC092C7
:103FB000C90AD092CA0AE092CB0AF092CC0AE981EF
:103FC000FA81F093AF13E093AE138FE498E59093EA
:103FD000DC148093DB141093C80A0093C70A109274
:103FE000C60A26960FB6F894DEBF0FBECDBFDF918E
:103FF000CF911F910F91FF90EF90DF90CF90BF90E6
:10400000AF909F908F907F906F905F904F903F9078
:104010002F900895CF92DF92EF92FF920F931F930C
:10402000CF93DF938C01EB0120E030E04AE754E4CA
:10403000688179818A819B810F9409400F94A945F9
:104040006B010E94A63883E080937C021093D40A0F
:104050000093D30AD093D20AC093D10A1092CD0A0A
:104060001092CE0A1092CF0A1092D00A8CEA96E2F1
:10407000A0E0B0E08093C90A9093CA0AA093CB0A4B
:10408000B093CC0AD092AF13C092AE1389E498E5F6
:104090009093DC148093DB141092C80A1092C70A24
:1040A0001092C60ADF91CF911F910F91FF90EF9070
:1040B000DF90CF900895CF92DF92EF92FF920F930F
:1040C0001F93CF93DF938C01EB0120E030E040E2BF
:1040D00051E4688179818A819B810F94094020E0B5
:1040E00030E048E452E40F9435440F94A9456B0145
:1040F0000E94A63883E080937C021093D40A009338
:10410000D30AD093D20AC093D10A82E390E0A0E010
:10411000B0E08093CD0A9093CE0AA093CF0AB093DB
:10412000D00A8DEC9FE7A0E0B0E08093C90A90939D
:10413000CA0AA093CB0AB093CC0AD092AF13C09214
:10414000AE1383E498E59093DC148093DB148AEC3F
:104150009FE29093C80A8093C70A1092C60ADF9123
:10416000CF911F910F91FF90EF90DF90CF90089526
:1041700081E08093C40A1092C00A1092C10A109282
:10418000C20A1092C30A0895BF92CF92DF92EF92B3
:10419000FF920F931F93CF93DF93D82F7093BF0A93
:1041A0006093BE0A61E081E00E946A36C091AD135F
:1041B00085E0B82EBC0E91E005E00C1B1C2F11957C
:1041C00084E0F82EFC1A83E0E82EEC1A82E0D82E68
:1041D000DC1AC92ECC1AD13009F4AAC008F453C095
:1041E000D23009F4C7C040916E0250916F026091C5
:1041F0007002709171024093B90A5093BA0A6093A9
:10420000BB0A7093BC0AC1111EC0992389F080912A
:10421000BD0A18166CF02091AE133091AF132F5FCA
:104220003F4F3093AF132093AE138F5F8093BD0A3F
:1042300080917C02882339F021E041E069E57BE34D
:10424000812F0F94261D8091880B81111EC06091D3
:10425000C6137091C7138091C8139091C9130F941E
:10426000A24520917A0230917B02621773076CF4A9
:10427000C13009F4A1C082E0CF5F90E0BC12ABCFA7
:104280008093AC13BBC0CC23C9F0C13009F0CFC0C0
:104290008091BD0A813009F4BBC080917C028823E3
:1042A00059F181E09091BD0A913009F080E024E05D
:1042B0004FE35BE36C2D0F94641D1EC0992389F0BE
:1042C0008091BD0A18166CF02091AE133091AF1397
:1042D0002F5F3F4F3093AF132093AE138F5F8093C8
:1042E000BD0A80917C02882339F021E041E061E73A
:1042F0007BE3812F0F94261DD230D1F5C53009F014
:1043000059C08091BD0A853009F4EEC080917C02CD
:10431000882309F44FC081E09091BD0A953009F0DF
:1043200080E023E044E15BE3602F0F94641D42C012
:10433000C111ABCF992389F08091BD0A18166CF09A
:104340002091AE133091AF132F5F3F4F3093AF13D7
:104350002093AE138F5F8093BD0A80917C028823E7
:1043600039F021E041E06AE67BE3812F0F94261DBE
:1043700085E082CFC11189CF992389F08091BD0A50
:1043800018166CF02091AE133091AF132F5F3F4F92
:104390003093AF132093AE138F5F8093BD0A80914B
:1043A0007C02882339F021E041E063E67BE3812F42
:1043B0000F94261D86E060CF8091BD0A813091F078
:1043C00080917C02882309F456CF81E09091BD0A48
:1043D000913009F080E024E049E45BE36C2D0F9418
:1043E000641D49CF8091C50A1092C50A882341F304
:1043F0000E94F63B8091A913882311F3DF91CF919E
:104400001F910F91FF90EF90DF90CF90BF90089594
:104410008091C50A1092C50A882309F43ECF0E94F4
:10442000F63B8091A913882309F437CFE7CFC23038
:1044300009F06BC08091BD0A823081F080917C02CE
:10444000882309F459CF81E09091BD0A923009F098
:1044500080E023E045E35BE36D2D2DCF8091C50A1D
:104460001092C50A882351F38EE69EE20E94CB3853
:104470008091A913882311F3C1CF8091BD0A8330A5
:10448000A9F080917C02882309F436CF81E09091D5
:10449000BD0A933009F080E023E04CE25BE36E2D2F
:1044A0000F94641DD23009F063CF84CF8091C50A88
:1044B0001092C50A882329F388E69EE20E94CB3831
:1044C0008091A9138823E9F299CF8091C50A1092AF
:1044D000C50A882321F182E69EE20E94CB388091B2
:1044E000A9138823E1F08ACF8091C50A1092C50AEA
:1044F000882309F40BCF8CE59EE20E94CB38809193
:10450000A913882309F402CF79CFC33009F4B5CFBA
:10451000C43009F0F1CE8091BD0A8430B1F28091AF
:104520007C02882309F4E8CE81E09091BD0A9430A2
:1045300009F080E023E041E25BE36F2DB1CF8150D1
:10454000823108F05AC0E82FF0E08827E555FD4D8C
:104550008E4F0D942D44E400EE00F401E200C601FC
:10456000C600AC0196010401B201A4015C01CE00B9
:10457000DA01C600A80044014201809180008F77D3
:10458000809380000895809180008F7DF9CF809185
:104590008000877FF5CF84B58F7784BD089584B57B
:1045A0008F7DFBCF8091B0008F778093B00008950E
:1045B0008091B0008F7DF9CF809190008F778093AC
:1045C00090000895809190008F7DF9CF80919000A8
:1045D000877FF5CF8091A0008F778093A00008950A
:1045E0008091A0008F7DF9CF8091A000877FF5CFCB
:1045F000809120018F778093200108958091200180
:104600008F7DF9CF80912001877FF5CF1F93CF93C6
:10461000DF93282F30E0F901E254F54C8491F90141
:10462000E652F14CD491F901EC57F14CC491CC23F2
:10463000A9F0162F81110F949F22EC2FF0E0EE0FBE
:10464000FF1FE05BF14CA591B4918FB7F894EC910A
:10465000111108C0D095DE23DC938FBFDF91CF917D
:104660001F910895DE2BF8CF8F929F92AF92BF9249
:10467000EF92FF920F931F93CF93DF93CDB7DEB7E7
:1046800060970FB6F894DEBF0FBECDBF6115710500
:1046900099F460E060960FB6F894DEBF0FBECDBF10
:1046A000DF91CF911F910F91FF90EF90BF90AF904E
:1046B0009F908F900D9406236F3F710511F461E078
:1046C000E9CF8B01682FCE0101960E943683AF851A
:1046D000AA2309F44AC0E981FA816081288930E07F
:1046E00083E090E0AC01421B530B440F551F042E96
:1046F00001C0880F0A94EAF78095862362E070E093
:1047000001C0660F4A95EAF7862B80838FEF90E011
:10471000A23021F0ED85FE85808191812D5F3F4F94
:10472000220F331F41E050E04C0F5D1F240F351F57
:10473000F901E080F1806FEF70E00F94054490E0A4
:1047400080E00F94A83F4B015C01B80190E080E04D
:104750000F94A83F9B01AC01C501B4010F9409401F
:104760000F94A245F7017183608360960FB6F894A9
:10477000DEBF0FBECDBFDF91CF911F910F91FF9094
:10478000EF90BF90AF909F908F9008951F93CF931D
:10479000DF93182FEB010F941405209739F460E094
:1047A000812FDF91CF911F910D940623CF3FD1052B
:1047B00011F461E0F5CFE12FF0E0E254F54CE49123
:1047C000E150E23108F0B3C0F0E08827E551FC4D3C
:1047D0008E4F0D942D449E013A01C4010602000241
:1047E000A00026012E014A013401D8018E01B80033
:1047F0007E01A000E0016001F20184B5806884BD03
:10480000C7BDDF91CF911F91089584B5806284BDAB
:10481000C8BDF7CF80918000806880938000D093DE
:104820008900C0938800EDCF8091800080628093E2
:104830008000D0938B00C0938A00E3CF80918000EA
:10484000886080938000D0938D00C0938C00D9CF76
:104850008091B00080688093B000C093B300D1CF46
:104860008091B00080628093B000C093B400C9CF43
:1048700080919000806880939000D0939900C093BD
:104880009800BFCF80919000806280939000D09379
:104890009B00C0939A00B5CF809190008860809370
:1048A0009000D0939D00C0939C00ABCF8091A0005E
:1048B00080688093A0008091A0008F7B8093A000EF
:1048C000D093A900C093A8009CCF8091A0008062E3
:1048D0008093A000D093AB00C093AA0092CF8091A8
:1048E000A00088608093A000D093AD00C093AC007E
:1048F00088CF80912001806880932001D093290186
:10490000C09328017ECF8091200180628093200196
:10491000D0932B01C0932A0174CF8091200188602D
:1049200080932001D0932D01C0932C016ACFC03811
:10493000D1050CF03ECF33CF8F929F92AF92BF92B2
:10494000CF92DF92EF92FF926B017C010E948EFF6B
:104950004B015C01C114D104E104F104B9F00E94DF
:104960008EFF681979098A099B09683E73408105A1
:10497000910580F321E0C21AD108E108F10888EE20
:10498000880E83E0981EA11CB11CE4CFFF90EF902D
:10499000DF90CF90BF90AF909F908F9008952FB7EA
:1049A000F89460914117709142178091431790914C
:1049B00044172FBF0895CF92DF92EF92FF9260913C
:1049C000CA137091CB1361157105C9F1C090C6135C
:1049D000D090C713E090C813F090C91365517109C6
:1049E000072E000C880B990B0F94AA3F9B01AC017A
:1049F000C701B6010F94A33F87FF21C020E030E03C
:104A000040E251E4C701B6010F9436440F94A94522
:104A10007093BD136093BC130F94CF24605C7346F6
:104A20008F4F9F4F6093BE137093BF138093C0133B
:104A30009093C113FF90EF90DF90CF900895109264
:104A4000BE131092BF131092C0131092C113F2CF75
:104A50004F925F926F927F928F929F92BF92CF926E
:104A6000DF92EF92FF920F931F93CF93DF937C011E
:104A70004B01B22E8091A713D0E0C0E0222321F099
:104A80008091A213C1E0D0E081112DC0FA014080D5
:104A9000518062807380CE01880F991F880F991F03
:104AA0009C012E55384E6901A3019201F6016081E7
:104AB0007181828193810F94A33F882309F1F601CC
:104AC0004082518262827382DD24D39420E030E000
:104AD000A901C301B2010F94964618160CF0D12C0F
:104AE000F701D4820DC0F7011482FE01EE0FFF1F03
:104AF000EE0FFF1FEE55F84E1082118212821382C4
:104B0000F70184818230E9F0833009F462C081309A
:104B100009F040C0FE01EE0FFF1FEE0FFF1FEE5524
:104B2000F84E2081318142815381F401608171818D
:104B3000828193810F94A33F87FD2CC082E0F7010F
:104B40008483CC0FDD1FCC0FDD1FCE55D84EB801AE
:104B500090E080E00F94A83F9B01AC0168817981CF
:104B60008A819B810F9435449B01AC01F4016081E3
:104B70007181828193810F94964687FD1BC00F94AB
:104B8000CF246856754C8F4F9F4FF7016083718318
:104B900082839383DF91CF911F910F91FF90EF90CC
:104BA000DF90CF90BF909F908F907F906F905F909D
:104BB0004F9008950F94CF24F70100811181228135
:104BC0003381601B710B820B930B97FDE3CF83E066
:104BD0008483FFEF40E35FE3BF1202C047E45FE37B
:104BE0006BE57FE38B2DDF91CF911F910F91FF90AC
:104BF000EF90DF90CF90BF909F908F907F906F90BD
:104C00005F904F900C940BCBCF92DF92EF92FF927C
:104C10000F94CF246B017C0128E5C20E22E0D21E46
:104C2000E11CF11C0E946EA78F3F71F00F94CF24FE
:104C30006C197D098E099F0997FDF4CF80E0FF90E4
:104C4000EF90DF90CF90089581E0F9CF1F920F92FF
:104C50000FB60F9211242F933F938F939F93AF938F
:104C6000BF938091411790914217A0914317B09143
:104C700044173091401723E0230F2D3758F5019644
:104C8000A11DB11D209340178093411790934217A7
:104C9000A0934317B09344178091451790914617FE
:104CA000A0914717B09148170196A11DB11D80939F
:104CB000451790934617A0934717B0934817BF9195
:104CC000AF919F918F913F912F910F900FBE0F90B9
:104CD0001F90189526E8230F0296A11DB11DD2CF73
:104CE000CF92DF92EF92FF926B017C01C114D1044D
:104CF000E104F10441F00F94EC3AA70196010F94FE
:104D0000B8436B017C01C701B601FF90EF90DF90C3
:104D1000CF900895FC0180819281980F9283218128
:104D2000921760F494819F5F94839381890F821717
:104D300010F08FEF820F838381E0089580E0089563
:104D4000FC01128280818150838314820895FB01CB
:104D50004181DC0112962C911297421768F013964C
:104D60002C911397241740F0608115962C916217AF
:104D700018F424810C94E0FF0895DB01ED91FC917F
:104D800019940F931F93CF93DF931F92CDB7DEB784
:104D90000091E3141091E414E0911215F0911315B1
:104DA00082E0199530E020E04AE0B80181EE94E11C
:104DB0000F94BD26182FE0911215F091131583E082
:104DC0001995E0911215F091131580E019951123B2
:104DD000B9F16091E3147091E4149E012F5F3F4F8D
:104DE00046E481EE94E10F94BD2689818093E1141D
:104DF0006091E3147091E4149E012F5F3F4F47E4EC
:104E000081EE94E10F94BD2689818093E214609134
:104E1000E3147091E41430E020E048E481EE94E182
:104E20000F94BD268093EC146091E3147091E41408
:104E300024E135E147E181EE94E10F94BD2611E0D4
:104E4000812F0F90DF91CF911F910F910895DF92E5
:104E5000EF92FF920F931F93CF93DF93182F062F9C
:104E6000C42FD42FF62EF40EEE24E394DD24DA942E
:104E70008F2D8D1BD83090F58C2F887F800F9C2F25
:104E800096959695969528EF929FC00D1124CC2368
:104E9000D1F197E0C9276091E3147091E414109365
:104EA000FD148093FE1481E080930015CF5FC770DE
:104EB0008FEF90E001C0880FCA95EAF78093FF1446
:104EC0002DEF34E14BE381EE94E1DF91CF911F911F
:104ED0000F91FF90EF90DF900D94BD266091E31449
:104EE0007091E4141093FD148093FE14E092001569
:104EF000D092FF142DEF34E14BE381EE94E10F9457
:104F0000BD26D850B5CFDF91CF911F910F91FF9063
:104F1000EF90DF9008950F931F93CF93DF93C82FE7
:104F2000D62F142F042F21E0462F682F81EE94E115
:104F30000F943A00882349F0412F6D2F8C2FDF9179
:104F4000CF911F910F910D942727DF91CF911F9142
:104F50000F910895AF92BF92CF92DF92EF92FF929E
:104F60000F931F93CF93DF93EC01E62EF42E122FB5
:104F7000022FD62ED20ECC24CA945C012CE1A20EB4
:104F8000B11C8D2D801B083070F5812F887F8E0D10
:104F9000912F96959695969528EF929F100D112436
:104FA000112371F197E019276A817B818C8FFD8E27
:104FB0001F8E1F5F17708FEF90E001C0880F1A954A
:104FC000EAF78E8F9E01245E3F4F4BE3CE01DF91C7
:104FD000CF911F910F91FF90EF90DF90CF90BF90F6
:104FE000AF900D94BD266A817B818C8FFD8E1F8EC4
:104FF000CE8E95014BE3CE010F94BD260850C1CF54
:10500000DF91CF911F910F91FF90EF90DF90CF90A4
:10501000BF90AF900895FF920F931F93CF93DF93AC
:10502000D82F162FF42EC22F022F242F462F682F91
:1050300081EE94E10F943A00882309F12F2D412F3E
:105040006D2F81EE94E10F94AA274C2F612F8D2FA5
:105050000F9427278FEF8F0D4C2F612F8D0F0F94FB
:1050600027274FEF4C0F410F2F2D6D2F81EE94E12D
:10507000DF91CF911F910F91FF900D94AA27DF919F
:10508000CF911F910F91FF9008950F931F93CF938E
:10509000DF93C82FD62F142F01E0242F462F682F1F
:1050A00081EE94E10F943A00882359F0212F4D2F7F
:1050B0006C2F81EE94E1DF91CF911F910F910D94B0
:1050C000AA27DF91CF911F910F910895EF92FF9240
:1050D0000F931F93CF93DF937C01D62FC42F122FF2
:1050E000040F212F4C2F6D2FC7010F94AA27CF5FDC
:1050F000C013F7CFDF91CF911F910F91FF90EF90E9
:105100000895DF92EF92FF920F931F93CF93DF9357
:10511000EC01162FF42EE22E0F943A00882331F082
:105120002E2D4F2D612FCE010F946628DF91CF9148
:105130001F910F91FF90EF90DF900895EF92FF92F3
:105140000F931F93CF93DF93182F7B01D42FCB01A5
:105150000E94056BC12FCC0FC10FCC0FDD2391F046
:1051600091E090930115282F220F280F220F2E5F18
:105170000BE043E36FEF6C0F81EE94E10F94812815
:1051800010920115C09318158CE380931915C7016F
:105190000E94B579DD2319F081E080930115DF913C
:1051A000CF911F910F91FF90EF9008953F924F92F2
:1051B0005F926F927F928F929F92AF92BF92CF92A7
:1051C000DF92EF92FF920F931F93CF93DF931F9283
:1051D0001F92CDB7DEB75C016801E091AE13F0918C
:1051E000AF13309759F091E01E161F060CF090E0B7
:1051F0009093AA171092AF131092AE131091C50A94
:105200001092C50A111105C080917C02882309F40F
:105210006AC049012A013B013090AA17C9010E94C6
:10522000056B082FC7010E94056B1A821982C114F1
:10523000D104B1F4402F50E0282F30E0CA01820F92
:10524000931F46976CF485E190E0841B950B821BBD
:10525000930B97FD0196959587958A8381E08983C5
:1052600001E029EB3DE2A401BE016F5F7F4FCE015B
:1052700002960E94356AC114D10491F08A81882374
:1052800021F01A8289818F5F898300E02CEB3DE257
:10529000A601BE016F5F7F4FCE0102960E94356A64
:1052A00000E029EB3DE2A701BE016F5F7F4FCE0119
:1052B00002960E94356A41E04325B30181E00F94D4
:1052C0009E28C5010E94056B432DB50194E1981BF2
:1052D000892F0F949E28112331F08091AA178823DB
:1052E000B1F0F20119950F900F90DF91CF911F91BE
:1052F0000F91FF90EF90DF90CF90BF90AF909F9075
:105300008F907F906F905F904F903F9008950E9494
:10531000F63BE9CFEF92FF921F93CF93DF93EC011F
:10532000EE85FF85309709F01995EA80FB80E9A9A1
:10533000FAA982E01995E9A9FAA981E0199530E066
:1053400020E045E1B701CE010F94BD26182F882338
:1053500041F09E012D5C3F4F47E1B701CE010F9414
:10536000BD26E9A9FAA980E01995812FDF91CF9197
:105370001F91FF90EF900895DC0114968D919C9100
:1053800015978617970709F43CC015967C936E9382
:1053900014976115710579F157968C915797FB0118
:1053A000811130C03596E4915896EC935897645F1C
:1053B0007F4FFB01649159966C93599758968C9145
:1053C0005897082E000C990B59962C915997821BCF
:1053D000910927FD93955A962C915A97203441F0C4
:1053E000829FC001112426E0969587952A95E1F7C2
:1053F0005B968C935B978CE89FEF56969C938E936D
:1054000055970895813041F43F96E4915896EC9376
:105410005897605F7F4FCDCF3D96E4915896EC93BF
:105420005897625F7F4FC5CFBF92CF92DF92EF92C6
:10543000FF920F931F93CF93DF938C01E62EDC0135
:105440001496CD91DC91CE010F941900F82EF8013D
:10545000848195810F941C00B82EF1E0CC24CA946D
:10546000FF1202C02FE0C22ED80114968D919C919C
:105470000F941500F82EF801848195810F94110086
:10548000D82ED80114968D919C910F943200B0E6DD
:10549000BE1520F5009711F1C80FD91F91E6F92E1E
:1054A000DE1468F5D80150961C92509753961C92C2
:1054B000539754961C92549751961C92519752961A
:1054C0001C92D0E0C0E0CE01DF91CF911F910F91EF
:1054D000FF90EF90DF90CF90BF900895F801848106
:1054E00095810F943500F0E4FE1538F4009729F00B
:1054F000C80FD91F81E4F82ED3CF6196D1CFDF1426
:1055000088F28B2D90E0FE0124912F3F29F4219603
:10551000FD1441F2F394F7CFFE104BC0D80114965E
:105520008D919C910F9419009E012F5F3F4FFE01BA
:10553000882311F08230E1F48491D80153968C9342
:105540005397F901249154962C935497FE01339666
:10555000E4915096EC935097FE013496E491519665
:10556000EC935197FE013596E4915296EC93ABCFB4
:105570008491982F9F709250D80152969C93529785
:1055800082958F7051968C935197F9012491822FB7
:105590008F7054968C93549722952F7053962C931A
:1055A0005397FE013296E491E295EF705096EC939A
:1055B0008ACF3296E491EC21E80FF92FF11DCE0F3E
:1055C000DF1FA6CF5F926F927F928F929F92AF92D2
:1055D000BF92CF92DF92EF92FF920F931F93CF93E0
:1055E000DF93EC01562E142F622F0F94142A6C01B6
:1055F00080E0C114D104B1F08C819D810F941C0016
:10560000B82EFB88EC888989580E1E198A89181BC8
:105610000E2D2F2D412F652DCE010F943A008111B3
:1056200011C08889DF91CF911F910F91FF90EF906A
:10563000DF90CF90BF90AF909F908F907F906F90B2
:105640005F900895CB0CD11C87E0F80EF694F69489
:10565000F694E10E4E01ECE18E0E911C6F2C712C34
:105660001E15F9F2052D560111C0F50184916A81CC
:105670007B810C8F1D8F1F8E8E8F94014BE3CE018B
:105680000F94BD26FFEFAF1ABF0A085F8A2D8C1951
:105690008F1558F3C60CD71C1F5FE2CFFF920F93F4
:1056A0001F93CF93DF93D82FF62E8A01E091F61443
:1056B000F091F71481EE94E11995F80EC0E0F8012D
:1056C0002491222359F04F2D6D2F81EE94E10F94F8
:1056D000E22AD80FC80F0F5F1F4FF1CF8C2FDF9139
:1056E000CF911F910F91FF900895CF92DF92EF928B
:1056F000FF920F931F93CF93DF937C01D62E042F3D
:10570000C22E132FDC015596ED91FC911995080FCF
:10571000CC2DD12F10E0299121110AC0812FDF91CA
:10572000CF911F910F91FF90EF90DF90CF90089550
:10573000402F6D2DC7010F94E22AD80E180FEBCF22
:105740004F925F926F927F928F929F92AF92BF9291
:10575000CF92DF92EF92FF920F931F93CF93DF933D
:10576000EC01562E142F622E402E220F220F220FF4
:105770000F943A00882319F1410E5E018CE1A80EC6
:10578000B11C862C912C762C052D6701F601849195
:105790006A817B810C8F1D8F1F8E8E8F95014BE34D
:1057A000CE010F94BD26FFEFCF1ADF0A7A94085F6F
:1057B0007110ECCFE80CF91C1F5F4112E4CFDF91B0
:1057C000CF911F910F91FF90EF90DF90CF90BF90FE
:1057D000AF909F908F907F906F905F904F900895C3
:1057E000EF92FF920F9381EBE82E8BE3F82E00E40B
:1057F00028E040E060E081EE94E10F94A02B6AE99C
:105800007EE481EE94E10F94BC292DEA33E041E17E
:1058100069E381EE94E10F94752B6FE37BE481EEF5
:1058200094E10F94BC2923EB33E04CE16AE381EE71
:1058300094E10F94752B62EA74E481EE94E10F9485
:10584000BC2923EC33E049E26BE381EE94E10F9451
:10585000752B62EA74E481EE94E10F94BC292FEC7D
:1058600033E04EE36DE381EE94E10F94752B22E774
:1058700033E04EE362E481EE94E10F94752B65E72B
:105880007FE381EE94E10F91FF90EF900D94BC299E
:105890008BE1EFE0F4E1A4EFB3E101900D928A9582
:1058A000E1F7089510925D0880913A168F7D8B7F05
:1058B00080933A160E940D7B882321F089ED93E1B5
:1058C0000C94CBC5089580913A1683FF03C0846081
:1058D00080933A1608955F926F927F928F929F9273
:1058E000AF92BF92CF92DF92EF92FF920F931F93EE
:1058F000CF93DF93CDB7DEB76DB67EB6DC010D90EA
:105900000020E9F79D01281B390B2C5F3F4FEDB7B5
:10591000FEB7E21BF30B0FB6F894FEBF0FBEEDBF50
:105920000DB71EB70F5F1F4F9F938F938AE298E3C7
:105930009F938F931F930F930F943A3F7801F4E056
:10594000EF0EF11C0F900F900F900F900F900F9093
:10595000D7018D917D01882349F0082E000C990B09
:105960000F944847F70131978083F2CFC8010E9416
:10597000389A86E2E82E88E3F82E10E000E08DB633
:105980009EB6F701E00FF11F54906801BFEFCB1AEC
:10599000DB0A552019F0EAE05E1222C04DB75EB76F
:1059A0004C195D090FB6F8945EBF0FBE4DBF8DB7A1
:1059B0009EB701965C01A801B7010F94DC3EF5018A
:1059C000E00FF11F1082C5010E94389A552051F056
:1059D000EC0CFD1C0FB6F8949EBE0FBE8DBECFCF53
:1059E0008601CFCF0FB6F8947EBE0FBE6DBEDF919D
:1059F000CF911F910F91FF90EF90DF90CF90BF90CC
:105A0000AF909F908F907F906F905F9008958F924E
:105A10009F92AF92BF92CF92DF92EF92FF92CF937D
:105A200080913A16877F80933A16809112148823CA
:105A300021F08FE094E10E94CBC51092CD17109217
:105A4000CA1785E38093C9170F94CF246B017C019B
:105A500020EDC20E27E0D21EE11CF11CA89561E0EA
:105A60008091C9170F9406238091C9170F941405CC
:105A7000209A289A219A2398229A81E00E9475A759
:105A800085E08093CB170E9475A7CAE08FEF0E9434
:105A900069A7C150D9F7A89520E030E0A90160E0DE
:105AA00089EC97E10E941EC18093CC17813021F1CF
:105AB0000F94CF246C197D098E099F0997FDECCFB7
:105AC00081E08093CA1789EC97E10E9416C10E9479
:105AD000588688E198E30E9466840F94482C83E0FE
:105AE00080937C02CF91FF90EF90DF90CF90BF909A
:105AF000AF909F908F900895A8952AEA31E040E0FA
:105B000050E068E089EC97E10E941EC1853069F59C
:105B100081E08093CD17A8958091CD17812C912C91
:105B20005401823029F4812C912CA12C80E4B82ED0
:105B300020E030E0A90167E389EC97E10E941EC1F3
:105B4000A501940169E289EC97E10E941EC180934E
:105B5000CC178823F9F00F94CF246C197D098E0996
:105B60009F0997FDE5CF8AE0ACCFC4E00E946EA705
:105B70008093CC17C150D1F78A3A11F482E0C9CF93
:105B80000F94CF246C197D098E099F0997FDB5CF1D
:105B900082E097CF8091CD178230D1F420E030E0C1
:105BA000A9016AE389EC97E10E941EC1882311F0E4
:105BB00088E087CF0E946EA7807C803C19F483E048
:105BC0008093CD170E946EA70E946EA70E946EA7B9
:105BD00089EC97E10E9416C11092CB1781E00F94D7
:105BE000A70181110AC080E00F94A701811105C0AF
:105BF0000E940A8584E098E36ECF6BEA77E18FE03C
:105C000094E10E9498C3811105C00E940A8583EF28
:105C100097E361CF80913A16886080933A160E948C
:105C2000588687EE97E30E9466840E94858055CF50
:105C30002F923F924F925F926F927F928F929F929C
:105C4000AF92BF92CF92DF92EF92FF920F931F938A
:105C5000CF93DF93CDB7DEB7C356D1090FB6F89413
:105C6000DEBF0FBECDBF8C016B014A012DB63EB623
:105C7000512C9DE0492E7E0187E5E80EF11CF601CE
:105C80008381823008F4AAC080859185A285B3857E
:105C90008F719927AA27BB27892B8A2B8B2B09F079
:105CA0009DC01092F50A40E250E0BE016F5F7F4F49
:105CB000C6010E9414C69C01809709F08FC089819B
:105CC000882309F48BC0853E61F38E3251F39C85A5
:105CD000492F4F734F3029F54B8D5C8D452B09F5BE
:105CE000482F4F715FEF540F5530D8F44150550B8A
:105CF000449E9001459E300D1124D901AB50B54F03
:105D0000FE01319640E0453050F551815D934F5F83
:105D100032964D30C1F786FF04C0F901EE5FF44FB3
:105D2000108293FDC0CF222309F458C0892F8871B7
:105D30008031D9F42091CB0821502230B0F06DB6DB
:105D40007EB6BE016F5F7F4FC7010F945C000115E7
:105D5000110509F062C021E081E090E06BC04B309A
:105D600010F45481D3CF5681D1CF2091F50A2E3231
:105D700009F485CF9A7009F082CF21E0803109F0D3
:105D800020E090913A1620FB94F990933A168031D6
:105D900041F08985873409F072CF8A858E3709F4FE
:105DA0006ECF8091CB08813009F4A3C008F4ABC05A
:105DB000823009F064CFBE016F5F7F4F88EE9AE0BA
:105DC0000F945C008114910409F4C9C068EE7AE074
:105DD000C4010F946D47892B09F0C9C00FB6F89420
:105DE0003EBE0FBE2DBECD59DF4F0FB6F894DEBFBD
:105DF0000FBECDBFDF91CF911F910F91FF90EF901C
:105E0000DF90CF90BF90AF909F908F907F906F90DA
:105E10005F904F903F902F900895F80180818823E4
:105E200009F499CF01900020E9F73197CF01801B49
:105E3000910B20E0F70101900020E9F73197EE196E
:105E4000FF09E80FF91F32968DB79EB78E1B9F0B87
:105E50000FB6F8949EBF0FBE8DBFEDB7FEB731965B
:105E60005F0161ED73E0211101C0B801C5010F941C
:105E70009647B701C5010F94804761ED73E0C501F6
:105E80000F94804719A21CA221E0A701B601CE0100
:105E900081960E94F5C881110DC08091CB088111B7
:105EA00009C00E94588683ED97E30E946684C7016B
:105EB0000E94A0948BE1FE01B196DE01DC96019078
:105EC0000D928A95E1F750E040E0BE01645C7F4F9F
:105ED000C5010F94182ECE01CC960E94D4C5CE01D8
:105EE00081960E94D4C50FB6F8947EBE0FBE6DBEDB
:105EF000C6CE80915B0890915C08019690935C08F7
:105F000080935B08BCCEBE016F5F7F4F88EE9AE046
:105F10000F945C0058010115110561F488EEA82E5C
:105F20008AE0B82EF50181915F01882359F00E9423
:105F30001584F8CFF50181915F01882379F30E94E0
:105F40001584F8CF80E20E9415846D8D7E8D8F8D33
:105F500098A14AE00E9458890E94BC9290CE8091FC
:105F60003C1790913D175816190609F437CF5394F2
:105F700086CE0F931F93CF93DF93CDB7DEB76B978A
:105F80000FB6F894DEBF0FBECDBF8B0122E0209389
:105F9000CB0890933D1780933C1784EF93E10E94C8
:105FA0007CC48BE1E4EFF3E1DE01119601900D92E8
:105FB0008A95E1F7A801BE016F5F7F4F90E080E016
:105FC0000F94182ECE0101960E94D4C56B960FB681
:105FD000F894DEBF0FBECDBFDF91CF911F910F911F
:105FE0000895DF92EF92FF920F931F93CF93DF9369
:105FF00000D01F92CDB7DEB720913A1623FF11C112
:10600000F42EE62E8C010E940D7B882309F4D7C064
:10601000FF2009F4F7C0F0903116FF2051F00E94E4
:106020000A8589EE98E30E94668490E080E00E94F1
:10603000A58883E698E09A8389838FE2809362083B
:1060400081E08B839BE1D92E80913016F81678F48D
:10605000FD9CC0011124AE014D5F5F4FBE016F5F1B
:106060007F4F8E5D9A4E0F940F03F394EDCF8B818B
:106070008B3578F4AE014D5F5F4FBE016F5F7F4F90
:1060800089ED93E10F940F0389819A8101979A8397
:106090008983E981FA811082E091311684E0E89FDA
:1060A000F0011124E25AF74F80913616909137167D
:1060B000A0913816B091391680839183A283B3835F
:1060C0000E945886B80180ED98E30E94F7846091A1
:1060D000311689E6689FB00111246E59774F85EC1F
:1060E00098E30E94F78440913616509137166091DC
:1060F0003816709139168FEB98E30E94BC898AE0BC
:106100000E941584809131168F5F809331160F9411
:10611000522CB801CE0103960F945B058C010097B9
:1061200009F47FC06B817C81EE2009F486C021E0F8
:10613000AC0189ED93E10E94F5C8882309F468C099
:106140008091EA139091EB13A091EC13B091ED13B1
:106150008093321690933316A0933416B09335166D
:106160001092361610923716109238161092391671
:10617000B80188E898E30E94F78440913216509164
:106180003316609134167091351680E898E30E94BA
:10619000BC898AE00E94158481E798E30E946684A6
:1061A000B80190E080E00F94B92F8091F50A882320
:1061B00011F005EF1AE0C8010F94330532C0FF203B
:1061C00039F00E9458868FEA98E30E9466849FCF38
:1061D0001092311682E0F82E0E9458868AEA98E3DF
:1061E0000E94668481E0F81210C08CE998E30E9456
:1061F0006684B80182EA98E30E94F7848AE00E94EC
:10620000158485CFFF24F394E7CF86E998E3EFCF99
:10621000B8018DE598E30E94F7848AE598E30E942F
:1062200066840F900F900F900F90DF91CF911F9188
:106230000F91FF90EF90DF90089526E5AC0189ED76
:1062400093E10E94F5C8811108C0B80186E498E383
:106250000E94F78483E498E3E2CF80913A1681604C
:1062600080933A16B80190E080E00F94B92F109215
:106270002015B80181E398E30E94F7848AE00E9428
:10628000158499CF4F925F926F927F928F929F92D7
:10629000AF92BF92CF92DF92EF92FF920F931F9334
:1062A000CF93DF93EC01423051056105710590F405
:1062B00080E0DF91CF911F910F91FF90EF90DF90E1
:1062C000CF90BF90AF909F908F907F906F905F9096
:1062D0004F90089589859A85AB85BC850196A11D4F
:1062E000B11D84179507A607B70710F38F89803172
:1062F000C9F5852E962EA72EBB248B899C89AD8946
:10630000BE89880E991EAA1EBB1E280139016A018A
:106310007B0141E0C501B4010E946EC2882341F2B5
:106320009F89903181F5DD24EE24FF24F601EE0FE4
:10633000FF1FE050FF4E118300839A89923008F4CA
:10634000B8CF4D815E816F817885840E951EA61E23
:10635000B71E8092041390920513A0920613B09278
:106360000713A7CF803209F0A3CF8B899C89AD8911
:10637000BE894A015B01E7E0B694A794979487949D
:10638000EA95D1F7BECFE894C7F8DD24EE24FF24C8
:10639000F601EE0FFF1FEE0FFF1FE050FF4E408291
:1063A000518262827382C9CF8F929F92AF92BF92C5
:1063B000CF92DF92EF92FF920F931F93CF93DF93D1
:1063C00000D01F92CDB7DEB7FC018381813091F000
:1063D00080E00F900F900F900F90DF91CF911F9161
:1063E0000F91FF90EF90DF90CF90BF90AF909F9074
:1063F0008F900895818181FFEBCF81899289A38954
:10640000B489892B8A2B8B2B09F460C07F0140E073
:1064100050E0BA01CF010E94E8C38823C9F2F70116
:10642000C18CD28C85889688A788B08C82E090E059
:10643000A0E0B0E0F60180839183A283B3839E0144
:106440002F5F3F4FB501A401C6010E94ABC2882354
:1064500009F4BECF00E010E09801B501A401C60127
:106460000F944231882309F4B3CF89809A80AB809E
:10647000BC80F6018789803101F5F8EF8F16FFEFB8
:106480009F06A104B104D8F2F701158A168A178A6B
:10649000108E118A128A138A148A818180688183FE
:1064A000C7010E9496C5882309F492CF40E050E0CE
:1064B000BA01C7010E94E8C38CCF88EF88168FEF1E
:1064C0009806A8068FE0B806F8F6B9CF81E081CF2C
:1064D0001F93CF93DF93EC0181E00E949B8083E2C6
:1064E00090E00197F1F7CC30D10509F437C04CF5B5
:1064F000CA30D10509F447C0CB30D10509F43AC000
:10650000DD27FE01E254F54C8491FE01E652F14C88
:106510001491CC57D14CFE01C491CC2379F0811158
:106520000F949F22EC2FF0E0EE0FFF1FE65CFB4E76
:10653000A591B491EC91E123C1E009F4C0E0C170F0
:1065400011C0C731D105D9F0C831D105C9F6C0B1E4
:10655000C2FBCC27C0F981E0C82704C0C3B1C6FB89
:10656000CC27C0F980E00E949B808C2FDF91CF91D7
:106570001F910895C3B1C5FBCC27C0F9F3CFC0B1BB
:10658000C695C170EFCFC3B1C295C170EBCFCF93A9
:10659000DF9310920F14109212141092F4131092B1
:1065A000F713E2E2F5E1108213827B9626E1E033F5
:1065B000F207C9F789E18093CA171092CD1710929C
:1065C000C2171092D9131092DC1380919614843262
:1065D00008F0E9C091E0980F909396148093971477
:1065E00090E0FC01EE0FFF1FE80FF91FE65DFB4E88
:1065F00088EB9BE09283818380E1EFEAF4E1DF01A5
:10660000282F1D922A95E9F7EFE9F4E1DF01282F01
:106610001D922A95E9F7E2EDF7E1DF011D928A95D7
:10662000E9F71092CE171092CF171092D017109250
:10663000D11710929E1410929D1410929C141092D7
:106640009B1410929A1484E08093CA141092C81478
:106650001092C7141092C9146E9A76981092C314AF
:106660001092C4141092C5141092C61489E49BE6CB
:106670009093DC148093DB141092E0141092DF14DA
:106680008AE693E09093DE148093DD14109218153F
:106690001092191510921A151092E6141092E51422
:1066A0001092E8141092E7141092EA1481E080939B
:1066B000E91482E28093EB141092F0141092EF141C
:1066C000E4E0F5E182E195E1DFEFD1938E179F07DA
:1066D000E1F7C1E0C09301158CE89FEF9093F714A8
:1066E0008093F614C093F8141092F9141092FA14CF
:1066F00080E48093FB141092FC148BE89FEF90933E
:106700001315809312158DE792E09093E414809313
:10671000E31488E48093081587E48093091586E4E0
:1067200080930615D0930515D09304150F94C126B8
:106730008AE693E09093DE148093DD14C0931B15DA
:10674000C0931C15C0931D15C0931E15C0931F1533
:10675000C093201580913A16847F8B7F80933A16E0
:10676000109236161092371610923816109239166B
:10677000109232161092331610923416109235166B
:106780001092311610923016E2E2F5E18EE091E0BF
:10679000DF019C011D9221503040E1F7D09321157B
:1067A000DF91CF9108958FEF8093971425CFCF93EA
:1067B000DF93CDB7DEB7A8970FB6F894DEBF0FBE54
:1067C000CDBF789484B5826084BD84B5816084BD7A
:1067D00085B5826085BD85B5816085BD80916E007F
:1067E000816080936E0010928100809181008260B0
:1067F00080938100809181008160809381008091ED
:1068000080008160809380008091B10084608093DB
:10681000B1008091B00081608093B00080919100C0
:1068200082608093910080919100816080939100BB
:10683000809190008160809390008091A10082609F
:106840008093A1008091A10081608093A10080913C
:10685000A00081608093A0008091210182608093DC
:10686000210180912101816080932101809120018B
:1068700081608093200180917A00846080937A0007
:1068800080917A00826080937A0080917A008160A2
:1068900080937A0080917A00806880937A001092C9
:1068A000C100089A1098099A11980A9A12986B9A3E
:1068B00073981092C0008091C00082608093C000E5
:1068C0001092C50087E08093C4008091C100806170
:1068D0008093C1008091C10088608093C100809145
:1068E000C10080688093C1008091C1008F7D80933A
:1068F000C1000F94CF2485E19AE30E9466840E9430
:10690000588614B710FF04C08CE09AE30E94668496
:1069100011FF04C08BEF99E30E94668412FF04C04C
:1069200089EE99E30E94668413FF04C088ED99E321
:106930000E94668415FF04C087EC99E30E94668478
:1069400014BE80EC99E30E94668480E20E94158464
:1069500085EB99E30E9466848AE00E9415840E9478
:10696000588685EA99E30E94668484EA99E30E9446
:1069700066848BE699E30E9466840E94588684E5CB
:1069800099E30E9466840E9458868091E217909154
:10699000E3179E012F5F3F4F4901B901009709F4AA
:1069A000ABC0681B790B85E499E30E944B8A60E7D2
:1069B00075E08EE299E30E944B8A8AE00E9415847A
:1069C0000E94D0350E945C358DED94E10E94C17823
:1069D0000F94F02B81EE94E10F948A298111F8CF66
:1069E00064EC79E080E090E00E9461808DED94E1BC
:1069F0000E94C1780E949C7881EE94E10F948A29CC
:106A0000182F8111F7CF64EC79E080E090E00E94CC
:106A100061800E9485800E94F6E48091010180647B
:106A20008093010180910201807480930001809124
:106A30000101806180930101809102018071809346
:106A40000001809101018860809301018091020121
:106A50008870809300016D9A759880910101806221
:106A60008093010188E00F94720080910101886099
:106A70008093010186E00F9472006C9A82E00F947B
:106A8000720087ED80937A0010927E0010927D0054
:106A900080917E00816080937E0080917E00846082
:106AA00080937E0080E888BD80916E008460809332
:106AB0006E006AEF70E080E090E00F949C2485E027
:106AC00090E09093550280935402E0905002F09031
:106AD0005102C7010F94800420E030E040EA50E406
:106AE0000F94A33F87FF0BC030E1E31AF108F09247
:106AF0005102E0925002E9CF685E774154CF81E3C2
:106B000091E09093570280935602E0905202F090E9
:106B10005302C7010F94800420E030E848E953E4B1
:106B20000F949646181644F440E1E40EF11CF092DE
:106B30005302E0925202E9CF80914E0290914F02AF
:106B40000E945BCA20E030E040EA50E40F94A33F8B
:106B500087FF0AC080914E0290914F024097909318
:106B60004F0280934E02E8CF8091CD089091CE08DD
:106B70000E945BCA20E030E046E153E40F94964661
:106B8000181654F48091CD089091CE0840969093B9
:106B9000CE088093CD08E8CF0E943EEC26982E9A2E
:106BA00025982D9A24982C9A0A98129A0998119A45
:106BB00081E08093D0088093CF080E9496E5999A4F
:106BC000989A809107018068809307019A9A809132
:106BD00007018064809307018091070180628093A0
:106BE0000701809107018860809307018091070168
:106BF0008061809307018091070182608093070183
:106C00008091070184608093070199E5E92E93E064
:106C1000F92E00E0D7016D917D01802F0E9453D1A4
:106C20000F5F0630B9F780910A01826080930A01F4
:106C300080910A01816080930A0180910A01846039
:106C400080930A0180910A01806480930A018091F7
:106C50000A01806880930A010F9A179A0E9A169A71
:106C60000D9A159A0C9A149A0B9A139A389A40987E
:106C7000179A8091380B8E7F8093380B399A419800
:106C8000169A8091380B8D7F8093380B3A9A4298F0
:106C9000159A8091380B8B7F8093380B3B9A4398E1
:106CA000149A809180008C7F809380008091810075
:106CB000877E886080938100809180008F738093AD
:106CC000800080918100887F82608093810080E0D5
:106CD00090E4909389008093880010928500109230
:106CE000840080916F00826080936F00789482E0CE
:106CF0008093D1080E94F3D10FB7F89480913E178A
:106D0000811124C0E9EBFEE38491EFE0FFE394916D
:106D1000E82FF0E0EE0FFF1FE659F14CA591B4917A
:106D2000EC91E92321F461E085E30F94062385E3E8
:106D30000F9414058CB580618CBD8CB580648CBDBE
:106D400084E30F94140583E30F94140580913E1798
:106D50008F5F80933E170FBF579A0FE5E02E03E039
:106D6000F02EF70161917F0170E0812F0E947DD1AB
:106D70001F5F1530B1F780919714843208F041C03D
:106D800090E0FC01EE0FFF1FE80FF91FE65DFB4EE0
:106D90008081807C8661808386E10F941405109247
:106DA000981410929914809197142CE0622F0F94EC
:106DB000F94390E0829FB001112430E020E0AB0164
:106DC000420F531FFA01EE0FFF1FE40FF51FE65DA0
:106DD000FB4E408146FD07C02F5F3F4F2C303105F1
:106DE00071F70E94BF80E09197148E2F90E0FC0114
:106DF000EE0FFF1FE80FF91FE65DFB4E80818064F8
:106E0000808387E994E10E94B0806AE570E087E9B9
:106E100094E10E94F0801092D2080E9496E56C9A4C
:106E200081E00E94F38180E00E949B8088E198E2EB
:106E30000FB6F894A895809360000FBE9093600001
:106E40001E01F1E22F0E311C8091211587FD85C0B6
:106E500080913A1682FD81C083FD66C00F94072D94
:106E600080913A1683FFD7C080912115082E000C1F
:106E7000990BC0969F938F932CE13AE33F932F9306
:106E80003F922F920F943A3F8FE094E10E947CC48E
:106E90000F900F900F900F900F900F908091121401
:106EA000823008F4B8C08091171490911814A09102
:106EB0001914B0911A148F719927AA27BB27892B0F
:106EC0008A2B8B2B09F0A7C040E250E0B4018FE081
:106ED00094E10E9414C6809709F09DC0898188239F
:106EE00009F499C0853E81F38E3271F38C8583FD60
:106EF000EBCFF40101900020E9F73197FE2EF8184E
:106F0000FA945FEFF51699F001E010E00C0F1D1FE9
:106F10000F0D111DF7FC1A95D8018C9190E00F947C
:106F20004847F8018083ECCF0E94858099CF8A85FD
:106F30008E3709F4B3CF45E050E0B101CE010196A0
:106F40000F949D47892B09F0A9CFC1010F946B2C99
:106F5000809121158F5F8093211580913A1685FFCE
:106F60001FC00F94522C1092B80A1092D30810929E
:106F7000B60A0E9465DD0E9496DB8EEF0E9469E4EE
:106F80000E94F6E40E9492EC0E9426CA0E94918020
:106F90001092580223E83AE33093D5082093D4089E
:106FA0008091B80A853020F40E94C1940E940E8519
:106FB000ADB6BEB66091D4087091D50810E000E07F
:106FC0006115710569F58091B80A882309F464C0D8
:106FD00080913A1680FF82C20091B60AB0E60B9FFC
:106FE000800111240A52174F6FE47AE3C8010F940D
:106FF000203F009709F4C2C0FC01838180538A308E
:1070000008F4BCC00F949C1A8CE39AE30E94668437
:107010000E94F68965C2FFEFF09321159ECF86018D
:10702000FB01E00FF11F749068013FEFC31AD30A10
:10703000772019F04AE07412F2CF8DB79EB78C1901
:107040009D090FB6F8949EBF0FBE8DBFADB7BEB7FA
:1070500011967D01A801CD010F94DC3EF701E00FF0
:10706000F11F1082772009F486C08091D408909196
:10707000D508C80ED91ED092D508C092D408012BCD
:1070800031F0C7010E941B7B80E00E9486A70FB6EB
:10709000F894BEBE0FBEADBE8091B70A882309F436
:1070A00062C09091B70A80913F17981709F45BC0AE
:1070B0000E94588684E79AE30E9466848091B70A0A
:1070C00080FD05C08091B70A10E284FF0AC080E00D
:1070D0000E9438DDAB01BC0180E79AE30E948C8BF3
:1070E00018E58091B70A81FD05C08091B70A00E2DA
:1070F00085FF0AC081E00E9438DDAB01BC018CE64F
:107100009AE30E948C8B09E58091B70A82FD04C046
:107110008091B70A86FFF7C182E00E9438DDAB019B
:10712000BC0188E69AE30E948C8B9AE5F92E8AE0EE
:107130000E9415841F9280E28F931F92FF921F92EC
:107140000F931F921F93A3E5BAE3BF93AF931F92D0
:107150000F94811A2DB73EB7255F3F4F0FB6F894B5
:107160003EBF0FBE2DBF8091B70A80933F1780E0CE
:107170000E94059669CED12CC12C7DCFF8010190DB
:107180000020E9F731977F01E01AF10A1092D91334
:107190006EE470E0C8010F948B476C01009709F012
:1071A00085C0F1E0EF1AF108F801EE0DFF1D8DE04A
:1071B00081838AE082831382F80101900020E9F73D
:1071C00031976F01C01AD10A8091DC13813009F028
:1071D00069C08091DA1381FF65C082FF1CC04091B5
:1071E000EA135091EB136091EC137091ED138091C1
:1071F000E1139091E213A091E313B091E4134817C7
:1072000059076A077B0739F089ED93E10E94E8C3CB
:10721000882309F447C04091E1135091E213609133
:10722000E3137091E413C114D10409F424C18091D3
:10723000F2139091F313DC0114967C902FEF270D3D
:107240002A013B0139E076946794579447943A9524
:10725000D1F742227A01B1E0FB22411057C0E1147C
:10726000F10409F053C04091DD135091DE13609199
:10727000DF137091E013411551056105710529F582
:107280008091EE139091EF13A091F013B091F11350
:107290000097A105B10591F589ED93E10E9481C4A4
:1072A000811134C081E08093D9130AC160E270E09B
:1072B0000F948B478C010F5F1F4F6AE270E0C6018D
:1072C0000F948B47FC01319772CF9E012F5F3F4F88
:1072D0000E94ABC2882331F389819A81AB81BC8142
:1072E000E091F213F091F3132789203109F082C065
:1072F000883FEFEF9E07A105B10570F68093DD137F
:107300009093DE13A093DF13B093E013A12C22E03F
:10731000B22EAE18BF08CA14DB0408F45601E0917F
:10732000F213F091F3138091DD139091DE13A0918D
:10733000DF13B091E0130297A109B109258504C0BC
:10734000880F991FAA1FBB1F2A95D2F7468557851C
:1073500060897189840F951FA61FB71F9C01AD011D
:10736000240D311D411D511D29013A01A11432E0A6
:10737000B30609F048C08091001390910113A091C9
:107380000213B0910313481659066A067B0669F486
:10739000109208138FEF9FEFDC01809300139093FE
:1073A0000113A0930213B09303139801B301A20138
:1073B0008091091390910A130E9463C1882309F4F4
:1073C00071CF8091E1139091E213A091E313B091FA
:1073D000E4138A0D9B1DA11DB11D8093E1139093B1
:1073E000E213A093E313B093E4130A0D1B1DCA1814
:1073F000DB0811CF883FFFEF9F07AF07FFE0BF0714
:1074000008F47CCF49CFE114F10469F54091E11310
:107410005091E2136091E3137091E4138091EA13A9
:107420009091EB13A091EC13B091ED13481759070D
:107430006A077B07C0F00E94C7C1882309F432CFD6
:1074400081E08093081340920013509201136092E0
:10745000021370920313A501B801C70180509F4E1B
:107460000F945D47AECF41E0C301B2010E946EC2EE
:107470008111F1CF17CF8091EA139091EB13A09176
:10748000EC13B091ED1384179507A607B70768F4BE
:107490008091DA134093EA135093EB136093EC134B
:1074A0007093ED1380688093DA138091DA1383FF71
:1074B00007C089ED93E10E9496C5882309F4F2CEB6
:1074C0008091D913882331F00E940A8585E29AE3DE
:1074D0000E94668480913A1681FF9ACD0E94AFBCCB
:1074E0008091B80A882309F4D7CD81508093B80AD7
:1074F0008091B60A8F5F853018F48093B60ACCCDA0
:107500001092B60AC9CD80E2F82E11CECF93DF9348
:1075100089ED93E10E94D4C5C0E3D6E16B97CE011B
:107520000E94D4C585E1C232D807C1F784EF93E148
:107530000E94D4C58FE094E1DF91CF910C94D4C523
:107540008F929F92AF92BF92CF92DF92EF92FF9273
:10755000CF93DF93EC01688179818A819B816115EA
:1075600071058105910521F464E279ED8BE597E0E1
:107570002DE133EF41E050E00F94B84349015A0147
:107580009B01AC01A7EAB1E40F94D7436B017C01E6
:10759000ACEEB4EFA50194010F94E543C60ED71EDF
:1075A000E81EF91EF7FE06C081E0C81AD108E108FE
:1075B00080E8F80AC882D982EA82FB82C701B60154
:1075C0009F77DF91CF91FF90EF90DF90CF90BF90AA
:1075D000AF909F908F9008958F929F92AF92BF929D
:1075E000CF92DF92EF92FF926091830270918402BA
:1075F0008091850290918602611571058105910542
:1076000021F464E279ED8BE597E02DE133EF41E081
:1076100050E00F94B84349015A019B01AC01A7EA1D
:10762000B1E40F94D7436B017C01ACEEB4EFA5013C
:1076300094010F94E543C60ED71EE81EF91EF7FE0F
:1076400006C081E0C81AD108E10880E8F80AC092B3
:107650008302D0928402E0928502F0928602C701F2
:10766000B6019F77FF90EF90DF90CF90BF90AF90E3
:107670009F908F900895609383027093840280930B
:1076800085029093860208958F929F92AF92BF9247
:10769000CF92DF92EF92FF920F931F93CF93DF93DE
:1076A0005C017B016115710519F0DB018D939C93E1
:1076B00085010F5F1F4FF501D0818D2F90E00F9452
:1076C000D33E6C01892BB9F5DD32B9F50F5F1F4F41
:1076D000D5011196DC91C1E05801F1E0AF1AB10873
:1076E00043E050E060E274E0C5010F94F93E892B5D
:1076F00069F5680182E0C80ED11C45E050E06BE1FD
:1077000074E0C6010F94F93E892B21F4680197E0DB
:10771000C90ED11CE114F10419F0D701CD92DC920D
:1077200060E070E080E89FEFC111FFC060E070E0B2
:1077300080E89FE7FAC05801BBCFDB3229F485010E
:107740000E5F1F4FF501D181C0E0C6CF43E050E08E
:1077500068E174E0C5010F94F93E892BE9F0F80166
:1077600010E000E020E030E0A9015F01B0ED8B2ED9
:107770008D0E89E08815C8F19C2E689491F88C2FA5
:107780008870C2FF16C0811102C00F5F1F4F319673
:10779000D501DC91C92DE9CFE114F10429F00E5F88
:1077A0001F4FF7011183008360E070E080EC9FE7DA
:1077B000BCC0882311F001501109A5E0B0E00F947E
:1077C000D7439B01AC01220F331F441F551F280DC7
:1077D000311D411D511D283999E93907490799E1A2
:1077E0005907A8F2C6609C2ED2CFAEEF8A1206C00F
:1077F000C3FD3CC09C2E689493F8C9CFDF7DD5347F
:10780000A9F580818D3239F4C061DF011296818142
:1078100062E070E006C0DF018B32C1F3119661E0D7
:1078200070E080535D01A61AB70A8A30F8F4E0E8E8
:10783000CE16ECE0DE065CF4B601660F771F660F2D
:10784000771FC60ED71ECC0CDD1CC80ED11C5D01E7
:10785000FFEFAF1ABF0A8C9180538A30A8F1C4FFA2
:1078600003C0D194C194D1080C0D1D1DC1FF09C0E6
:10787000E114F10431F081E0A81AB108D701AD920A
:10788000BC92CA01B9010F94A83FC370C33009F478
:1078900090584B015C0120E030E0A9010F94A33F18
:1078A000882309F440C0CFE4D4E017FF05C0119548
:1078B00001951109C7E3D4E06E01B8E1CB1AD108F4
:1078C00080E2E82EF12C0FC0D501B1CFFE01259149
:1078D0003591459154910E191F09C501B4010F94BA
:1078E00009404B015C01D501C4010E151F0574F759
:1078F0002497F594E794CC16DD06A9F78A2F880F14
:107900008B2F881F8F3F49F020E030E0A901C5018F
:10791000B4010F94A33F811106C082E290E09093DE
:10792000E7178093E617C501B401DF91CF911F914E
:107930000F91FF90EF90DF90CF90BF90AF909F900E
:107940008F9008953F924F925F926F927F928F92A5
:107950009F92AF92BF92CF92DF92EF92FF920F93DE
:107960001F93CF93DF935C016B017A016115710561
:1079700019F0FB0191838083E114F10451F0C701F8
:107980000297839730F040E030E020E090E06BC059
:107990005E01E5012196F5011081812F90E00F94A1
:1079A000D33E892BA9F71D3201F52196F5011181EE
:1079B00001E0E114F10409F4E6C0F0E1EF16F1048E
:1079C00009F088C0103359F488818F7D883509F01B
:1079D0007CC0198122960260F0E1EF2EF12C812CFF
:1079E000912CA12C88E0B82E92C01B3221F4E50125
:1079F0002296F501118100E0DCCFEAE0EE16F104F9
:107A000009F4C7C0F0E1EF16F10409F073C0E7CF45
:107A100078E0E72EF12C812C912CA12C60E1B62E80
:107A200076C021E0ADC0302F3170C114D10431F0E7
:107A3000222371F12197F601D183C08327FF2EC045
:107A400060E070E080E090E8311104C06FEF7FEFFC
:107A50008FEF9FE722E230E03093E7172093E6179D
:107A6000462F372F282F642F732F822FDF91CF912E
:107A70001F910F91FF90EF90DF90CF90BF90AF904C
:107A80009F908F907F906F905F904F903F90089560
:107A900001FF04C02297F601D183C083332341F054
:107AA00090958095709561957F4F8F4F9F4FD8CF60
:107AB00097FFD6CF82E290E09093E7178093E61786
:107AC0006FEF7FEF8FEF9FE7CBCF10E3E114F1046F
:107AD00009F49ECF28E0E216F10409F49CCF0CF0E3
:107AE0008CCF812C912CA12CE0E4BE2E82E0E816F4
:107AF000F10469F060E070E080E090E897010F2CFD
:107B0000000C440B550B0F94964349015A0120E099
:107B100060E070E0CB0127010F2C000C66087708AD
:107B2000FE0150ED352E310E39E0331570F43FEB88
:107B3000310F49EC342E3A3138F03FE9310F3A3108
:107B400008F071CF39EA332E310E3E141F040CF0C9
:107B50006ACF27FD15C086169706A806B90678F0E5
:107B6000A30192010F948643630D711D811D911D28
:107B700061307105810520E8920708F452CF2FEF9C
:107B800021961081CDCF103309F41ECF2AE0E22ECA
:107B9000F12C9CEC892E982CA82C9CE0B92EB7CF08
:107BA0003F924F925F926F927F928F929F92AF928D
:107BB000BF92CF92DF92EF92FF920F931F93CF93DA
:107BC000DF935C016B017A016115710519F0FB010E
:107BD00091838083E114F10449F0C70102978397F0
:107BE00028F060E070E0CB019BC05E01E5012196CA
:107BF000F5011081812F90E00F94D33E892BA9F7D6
:107C00001D3209F05CC02196F501118101E0E114FB
:107C1000F10409F4BBC0F0E1EF16F10409F09BC0D8
:107C2000103341F488818F7D883509F08FC0198128
:107C300022960260E0E1EE2EF12C88248A94982CA2
:107C4000A82CFFE0BF2E20E060E070E0CB01270110
:107C50000F2C000C66087708FE0150ED352E310E12
:107C600039E0331568F43FEB310F49EC342E3A31EB
:107C700030F03FE9310F3A31B0F539EA332E310EA9
:107C80003E141F0484F52F3FB9F086169706A80608
:107C9000B90638F1A30192010F948643232D30E0F9
:107CA00050E040E0620F731F841F951F6217730737
:107CB00084079507B0F021E021961081CDCF1B32CB
:107CC00021F4E5012296F501118100E0A0CF78E0D2
:107CD000E72EF12C88248A94982CA82C6FE1B62EDC
:107CE000B2CF2FEFE9CFC114D10431F0222351F1EB
:107CF0002197F601D183C08300FF07C0909580953E
:107D0000709561957F4F8F4F9F4F2F3F49F482E2CF
:107D100090E09093E7178093E6176FEF7FEFCB012A
:107D2000DF91CF911F910F91FF90EF90DF90CF9057
:107D3000BF90AF909F908F907F906F905F904F908B
:107D40003F90089501FFD8CF2297D3CF10E3E114DD
:107D5000F10409F4BCCF3AE0E316F104E9F080E164
:107D6000E816F10409F466CFE8E0EE16F10409F430
:107D7000B1CF6FEF7FEFCB0197010F2C000C440BBD
:107D8000550B0F94964349015A015DCF103309F406
:107D900049CF9AE0E92EF12C89E9882E982CA82C5D
:107DA00089E1B82E50CF91110D947842803219F0AC
:107DB00089508550C8F70895FB01DC0102C0059089
:107DC0000D9241505040D8F70895FC0105900616D9
:107DD00021F00020D9F7C00108953197CF0108950F
:107DE000FC0105900020E9F7809590958E0F9F1F6C
:107DF0000895FB01DC014150504088F08D918134A1
:107E00001CF08B350CF4805E659161341CF06B3591
:107E10000CF4605E861B611171F3990B0895881B49
:107E2000FCCFFB01DC014150504048F005900D9221
:107E30000020C9F701C01D9241505040E0F708955D
:107E4000FB0155915523A9F0BF01DC014D91451768
:107E50004111E1F759F4CD010590002049F04D9111
:107E600040154111C9F3FB014111EFCF81E090E0D2
:107E7000019708950F931F93CF93DF93CDB7DEB78C
:107E80002E970FB6F894DEBF0FBECDBF0E891F89A7
:107E90008EE08C831A8309838FEF9FE79E838D8307
:107EA000AE01465E5F4F688D798DCE0101960F94CD
:107EB00076402F813885020F131FF80110822E960D
:107EC0000FB6F894DEBF0FBECDBFDF91CF911F91EB
:107ED0000F9108950F931F93CF93DF93CDB7DEB724
:107EE0002E970FB6F894DEBF0FBECDBF8C01FA01FE
:107EF0008EE08C831A83098377FF02C060E070E80C
:107F0000615071097E836D83A901BF01CE01019685
:107F10000F9476404D815E8157FD0AC02F813885D0
:107F2000421753070CF49A01020F131FF801108235
:107F30002E960FB6F894DEBF0FBECDBFDF91CF9166
:107F40001F910F9108950F94E53F08F481E0089583
:107F5000E89409C097FB3EF49095809570956195E3
:107F60007F4F8F4F9F4F9923A9F0F92F96E9BB2799
:107F70009395F695879577956795B795F111F8CF15
:107F8000FAF4BB0F11F460FF1BC06F5F7F4F8F4F80
:107F90009F4F16C0882311F096E911C0772321F076
:107FA0009EE8872F762F05C0662371F096E8862F0E
:107FB00070E060E02AF09A95660F771F881FDAF765
:107FC000880F9695879597F90895990F0008550F92
:107FD000AA0BE0E8FEEF16161706E807F907C0F04F
:107FE00012161306E407F50798F0621B730B840B57
:107FF000950B39F40A2661F0232B242B252B21F431
:1080000008950A2609F4A140A6958FEF811D811DD0
:1080100008950F941C400D9436430F94284338F074
:108020000F942F4320F0952311F00D941F430D94CE
:10803000254311240D946A430F94474370F3959F91
:10804000C1F3950F50E0551F629FF001729FBB274F
:10805000F00DB11D639FAA27F00DB11DAA1F649FEB
:108060006627B00DA11D661F829F2227B00DA11D9E
:10807000621F739FB00DA11D621F839FA00D611D24
:10808000221F749F3327A00D611D231F849F600D45
:10809000211D822F762F6A2F11249F5750409AF06E
:1080A000F1F088234AF0EE0FFF1FBB1F661F771FFA
:1080B000881F91505040A9F79E3F510580F00D94C4
:1080C0001F430D946A435F3FE4F3983ED4F38695D3
:1080D00077956795B795F795E7959F5FC1F7FE2B65
:1080E000880F911D9695879597F908952F923F9245
:1080F0004F925F926F927F928F929F92AF92BF92B8
:10810000CF92DF92EF92FF920F931F93CF93DF9363
:1081100000D000D000D01F921F92CDB7DEB77C01F7
:108120003B018A01FC0117821682838181FFDDC138
:10813000CE0101965C01F7019381F30193FD8591D6
:1081400093FF81913F01882309F453C1853239F4AB
:1081500093FD859193FF81913F01853229F4B70109
:1081600090E00F949142E7CF912C212C312CFFE12C
:10817000F31538F08B3211F190F4803209F183322B
:1081800029F137FC3CC020ED280F2A3050F536FE8F
:1081900020C08AE0989E200D1124922E06C08D32B8
:1081A00091F0803371F7689430F8F30193FD859175
:1081B00093FF81913F018111DACF21C0689431F89A
:1081C000689432F8F2CF689433F8EFCF689434F8BB
:1081D000ECCFEAE02E9E200D1124222E689435F873
:1081E000E4CF8E3229F436FC04C1689436F8DDCF32
:1081F0008C3619F4689437F8D8CF8836B1F2982FB6
:108200009F7D95549330E0F08336A1F18337C1F11F
:10821000833509F063C02801F2E04F0E511CF801CC
:10822000C080D180692D70E036FC02C06FEF7FEF17
:10823000C6010F947B424C01689437F882010AC052
:108240000C5F1F4FFFE3F98388248394912C650111
:10825000E89437F833FE2DC0522C8114910471F547
:10826000552009F468CFB70180E290E00F94914265
:108270005A94F6CFF801808189830E5F1F4FE4CFB7
:108280002801F2E04F0E511CF801C080D180692D09
:1082900070E036FC02C06FEF7FEFC6010F9486429C
:1082A0004C018201D5CFB70180E290E00F9491425A
:1082B0002A942814190409F0B0F7CECFF60137FC40
:1082C000859137FE81916F01B70190E00F94914243
:1082D00051105A94F1E08F1A9108BFCF843619F0EB
:1082E000893609F077C0F80137FE6BC06081718173
:1082F000828193810C5F1F4FF32DFF763F2E97FFF6
:1083000009C090958095709561957F4F8F4F9F4FD5
:10831000689437F82AE030E0A5010F94C142C82ED6
:10832000CA188C2C432C36FE0CC0E89440F8C914B3
:1083300040F434FE05C032FC03C0F32DFE7E4F2E08
:10834000892C44FEAAC0FE01EC0DF11D8081803312
:1083500009F09CC0242D297E422E842D8870582E31
:1083600043FCAAC040FEA4C09C2C821418F42C0C20
:10837000922C981844FEA6C0B70180E390E00F94B9
:10838000914242FE09C088E790E041FE02C088E5C4
:1083900090E0B7010F949142C91408F49FC0CA94A9
:1083A000D12C9FEFC91AD90ACA0CDB1CF6018291A5
:1083B0006F01B70190E00F949142AC14BD04B1F786
:1083C0004FCF60817181072E000C880B990B0E5FD7
:1083D0001F4F92CFD32CE894D4F82AE030E08537B1
:1083E000E1F1232D297FD22E8F36A9F1F0F48835C3
:1083F00051F1F701868197812B960FB6F894DEBF75
:108400000FBECDBFDF91CF911F910F91FF90EF90E5
:10841000DF90CF90BF90AF909F908F907F906F90A4
:108420005F904F903F902F900895803749F08837A4
:1084300001F7D4FE02C06894D2F820E130E00DC00C
:108440006894D4F8F6CF34FE03C0822F8660D82E0D
:1084500020E132E002C028E030E0F801D7FE0FC092
:1084600060817181828193810C5F1F4FA5010F9400
:10847000C142C82ECA183D2CE89437F852CF60810B
:10848000718190E080E00E5F1F4FF0CF42FC02C090
:10849000839463CF8394839460CF842D867809F48A
:1084A0005CCFF6CFB70180E290E00F9491428394C5
:1084B0008214C0F3512C5ECF522C5818821408F449
:1084C00059CFF8CF842D867809F466CF8BE241FE30
:1084D00080E247FC8DE2B70190E05CCFB70180E31A
:1084E00090E00F9491429A9457CF8FEF9FEF84CFF3
:1084F000992788270895FC0105906150704001106C
:10850000D8F7809590958E0F9F1F0895FC016150BC
:10851000704001900110D8F7809590958E0F9F1FA5
:1085200008950F931F93CF93DF93182F092FEB011B
:108530008B8181FD09C01FEF0FEF812F902FDF91FD
:10854000CF911F910F91089582FF14C02E813F811A
:108550008C819D81281739073CF4E881F981CF018E
:1085600001969983888310838E819F8101969F83D2
:108570008E83E3CFE885F985812F1995892BA1F3A7
:10858000DACFFA01AA27283051F1203181F1E8949D
:108590006F936E7F6E5F7F4F8F4F9F4FAF4FB1E0F6
:1085A0003ED0B4E03CD0670F781F891F9A1FA11DF1
:1085B000680F791F8A1F911DA11D6A0F711D811DF2
:1085C000911DA11D20D009F468943F912AE0269FB7
:1085D00011243019305D3193DEF6CF010895462F16
:1085E0004770405D4193B3E00FD0C9F7F6CF462FF7
:1085F0004F70405D4A3318F0495D31FD4052419360
:1086000002D0A9F7EACFB4E0A6959795879577951C
:108610006795BA95C9F700976105710508959B01A3
:10862000AC010A2E06945795479537952795BA952C
:10863000C9F7620F731F841F951FA01D089597F936
:108640009F6780E870E060E008959FEF80EC0895F8
:1086500000240A9416161706180609060895002421
:108660000A9412161306140605060895092E03949B
:10867000000C11F4882352F0BB0F40F4BF2B11F40F
:1086800060FF04C06F5F7F4F8F4F9F4F089557FD6E
:108690009058440F551F59F05F3F71F04795880F70
:1086A00097FB991F61F09F3F79F087950895121607
:1086B00013061406551FF2CF4695F1DF08C01616B3
:1086C00017061806991FF1CF869571056105089464
:1086D0000895E894BB2766277727CB0197F908957B
:1086E000F999FECF92BD81BDF89A992780B508957A
:1086F000262FF999FECF1FBA92BD81BD20BD0FB6BE
:10870000F894FA9AF99A0FBE01960895DB018F93B7
:108710009F930F94D743BF91AF91A29F800D911D5E
:10872000A39F900DB29F900D11240895A1E21A2EDF
:10873000AA1BBB1BFD010DC0AA1FBB1FEE1FFF1F05
:10874000A217B307E407F50720F0A21BB30BE40B55
:10875000F50B661F771F881F991F1A9469F760959C
:108760007095809590959B01AC01BD01CF01089556
:10877000052E97FB1EF400940F94CF4357FD07D0AE
:108780000F94964307FC03D04EF40D94CF435095BD
:108790004095309521953F4F4F4F5F4F08959095ED
:1087A0008095709561957F4F8F4F9F4F08950F94DF
:1087B000EA43A59F900DB49F900DA49F800D911D3D
:1087C00011240895B7FF0D94D7430F94D743821B0C
:1087D000930B0895A29FB001B39FC001A39F700D9A
:1087E000811D1124911DB29F700D811D1124911DB9
:1087F0000895991B79E004C0991F961708F0961BFD
:10880000881F7A95C9F780950895AA1BBB1B51E173
:1088100007C0AA1FBB1FA617B70710F0A61BB70BF0
:10882000881F991F5A95A9F780959095BC01CD0195
:10883000089597FB072E16F4009407D077FD09D012
:108840000F94054407FC05D03EF4909581959F4F09
:108850000895709561957F4F0895EE0FFF1F881F53
:108860008BBF0790F691E02D19945058BB27AA278B
:108870000F944D440D9436430F94284338F00F94D1
:108880002F4320F039F49F3F19F426F40D9425432B
:108890000EF4E095E7FB0D941F43E92F0F94474337
:1088A00058F3BA17620773078407950720F079F425
:1088B000A6F50D9469430EF4E0950B2EBA2FA02D6A
:1088C0000B01B90190010C01CA01A0011124FF277D
:1088D000591B99F0593F50F4503E68F11A16F04078
:1088E000A22F232F342F4427585FF3CF4695379577
:1088F0002795A795F0405395C9F77EF41F16BA0B3C
:10890000620B730B840BBAF09150A1F0FF0FBB1FE9
:10891000661F771F881FC2F70EC0BA0F621F731F32
:10892000841F48F4879577956795B795F7959E3F8F
:1089300008F0B0CF9395880F08F09927EE0F979520
:10894000879508950F94284360F080E891E009F43A
:108950009EEF0F942F4328F040E851E071F45EEF52
:108960000CC00D9425430D946943E92FE0780F94D2
:10897000474340F3092E052AB1F326173707480766
:10898000590738F00E2E07F8E02569F0E025E0647D
:108990000AC0EF6307F8009407FADB01B9019D01F3
:1089A000DC01CA01AD01EF930F9447450F943643A4
:1089B0000F94E5445F91552339F02BED3FE049E4F6
:1089C00050FD49EC0D9436440895DF93DD27B92F0F
:1089D000BF7740E85FE31616170648075B0718F4F1
:1089E000D92F0F949B469F938F937F936F930F94F0
:1089F0002447E4EEF0E00F9418460F9436432F918D
:108A00003F914F915F910F941C40DD2351F090589E
:108A1000A2EA2AED3FE049EC5FE3D0785D270F94AE
:108A20004D44DF910D9436430F947E4690F09F376E
:108A300048F4911116F40D946A4360E070E080E808
:108A40009FE3089526F01B16611D711D811D0D9475
:108A5000EF450D940A460F944146E3950D946A46FE
:108A60000F9444450D9436430F942F4358F00F94C0
:108A7000284340F029F45F3F29F00D941F43511122
:108A80000D946A430D9425430F94474368F399234B
:108A9000B1F3552391F3951B550BBB27AA276217FA
:108AA0007307840738F09F5F5F4F220F331F441F07
:108AB000AA1FA9F335D00E2E3AF0E0E832D091503B
:108AC0005040E695001CCAF72BD0FE2F29D0660F28
:108AD000771F881FBB1F261737074807AB07B0E86B
:108AE00009F0BB0B802DBF01FF2793585F4F3AF071
:108AF0009E3F510578F00D941F430D946A435F3FEC
:108B0000E4F3983ED4F3869577956795B795F795F6
:108B10009F5FC9F7880F911D9695879597F90895DE
:108B2000E1E0660F771F881FBB1F6217730784077A
:108B3000BA0720F0621B730B840BBA0BEE1F88F789
:108B4000E09508950F94A9456894B1110D946A4376
:108B500008950F944F4388F09F5798F0B92F9927A5
:108B6000B751B0F0E1F0660F771F881F991F1AF018
:108B7000BA95C9F714C0B13091F00F946943B1E0D0
:108B800008950D946943672F782F8827B85F39F0CF
:108B9000B93FCCF3869577956795B395D9F73EF4B1
:108BA00090958095709561957F4F8F4F9F4F089559
:108BB0000F947E4690F09F3748F4911116F00D9473
:108BC0006A4360E070E080E89FEB089526F41B168E
:108BD000611D711D811D0D94EF450D940A4688237A
:108BE00071F4772321F09850872B762F07C06623E6
:108BF00011F499270DC09051862B70E060E02AF0A7
:108C00009A95660F771F881FDAF7880F96958795D4
:108C100097F908959F3F31F0915020F4879577950B
:108C20006795B795880F911D9695879597F9089543
:108C3000DF93CF931F930F93FF92EF92DF927B010D
:108C40008C01689406C0DA2EEF010F941C40FE01DF
:108C5000E894A5912591359145915591A6F3EF01A1
:108C60000F944D44FE019701A801DA9469F7DF9053
:108C7000EF90FF900F911F91CF91DF9108950D9488
:108C800025430F944F43D8F3E894E0E0BB279F5768
:108C9000F0F02AED3FE049EC06C0EE0FBB0F661F77
:108CA000771F881F28F0B23A62077307840728F0FD
:108CB000B25A620B730B840BE3959A9572F7803866
:108CC00030F49A95BB0F661F771F881FD2F7904824
:108CD0000D940C46EF93E0FF07C0A2EA2AED3FE0B7
:108CE00049EC5FEB0F944D440F9436430F9003947F
:108CF00001FC9058E1E1F1E00D9434470F944F43AB
:108D0000A0F0BEE7B91788F4BB279F3860F41616A9
:108D1000B11D672F782F8827985FF7CF86957795B5
:108D20006795B11D93959639C8F308950F94E53F63
:108D300008F48FEF08959B01AC0160E070E080E8DB
:108D40009FE30D9430450F944F4358F19E5760F1C7
:108D50009851A0F0E9F0983020F5092E9927660F78
:108D6000771F881F991F0A94D1F712C0062E672F0C
:108D7000782F8827985F11F4000C07C0993FB4F34F
:108D80008695779567959395D9F7611D711D811D1E
:108D90003EF490958095709561957F4F8F4F9F4FD2
:108DA000089568940D946A430D9469439F930F94BA
:108DB00041460F9007FCEE5F0D946A4619F416F4D5
:108DC0000D9425430D940A460F944F43B8F399230D
:108DD000C9F3B6F39F57550B87FF0F942D47002417
:108DE000A0E640EA900180585695979528F4805C5B
:108DF000660F771F881F20F026173707480730F4C3
:108E0000621B730B840B202931294A2BA6951794DA
:108E10000794202531254A2758F7660F771F881FAA
:108E200020F026173707480730F4620B730B840BCA
:108E3000200D311D411DA09581F7B901842F915856
:108E4000880F9695879508959B01AC010D94094074
:108E50000F94E53F880B990B089591505040660F91
:108E6000771F881FD2F708959F938F937F936F93F7
:108E7000FF93EF939B01AC010F940940EF91FF9199
:108E80000F9418462F913F914F915F910D94094097
:108E90009111089581548A5108F4805E855A08958D
:108EA000FB01DC0104C08D910190801921F4415037
:108EB0005040C8F7881B990B0895FB01DC0102C0E4
:108EC00001900D9241505040D8F70895DC0101C047
:108ED0006D9341505040E0F70895FB01DC018D9106
:108EE00081341CF08B350CF4805E619161341CF090
:108EF0006B350CF4605E861B611189F3990B089544
:108F0000FB01DC010D900020E9F7119701900D9213
:108F10000020E1F70895FC018191861721F0882354
:108F2000D9F7992708953197CF010895FB01DC0106
:108F300001900D920020E1F70895FB01DC01415002
:108F4000504030F08D910190801919F40020B9F74C
:108F5000881B990B0895FB01DC014150504048F0FB
:108F600001900D920020C9F701C01D924150504060
:108F7000E0F70895FC0181E090E00190061609F405
:108F8000CF010020D1F7019708951BE2C6E8DBE28C
:108F900000E006C0802FFE010F942D442196011D94
:0E8FA000C738D10780E00807A9F7F894FFCF83
:108FAE00960001FF9D9DF0FF79C4F0FF79C4C027A4
:108FBE000900026400FFFF016400000000000000D1
:108FCE008C430000000000008C43000000000000F5
:108FDE0087430000803FFFFFFFFFFFFFFFFFFFFF04
:108FEE00FFFF01FF06101040000000803C16FF3FFF
:108FFE00FF3F00000000FF3F01010000C8420000DB
:10900E00C8410000A0C1008096430000000000008F
:10901E000000000040400000803F780003423146CF
:10902E0002FA0101000000000100FF0100FF00082C
:10903E000B0C02010000010200803B4500803B4505
:10904E000000704300007042FF3F1CC6FF3F1CC66D
:10905E000000000058595A45040503000100004065
:10906E00400000344200000000000000000000003C
:10907E0000000050410000000000000041640000AC
:10908E0000640000000300000064000000640000A3
:10909E000003000000030000001E0000001E000080
:1090AE00001E0000001E0000001E0000001E00003A
:1090BE00002823000028230000640000002823005D
:1090CE00000000C9420000C9420000C8440000D29E
:1090DE00430000964300009643000040400000C845
:1090EE00410A005A005636370000000100080020E1
:1090FE00004000800000010004101010101010AF8E
:10910E00AFC8B1B1000000000000D473B3FF5371BB
:10911E005271322E302E302E313434006874747009
:10912E003A2F2F6D61726C696E66772E6F726700C3
:10913E005900580045525200205A0042656420588A
:10914E003A200020593A2000205A3A200054415A21
:10915E00203600534520302E356D6D204165726FDF
:10916E005632004C756C7A426F742E636F6D0076BA
:04917E00002F0000BE
:00000001FF
